[17:29:43] [main/DEBUG] [FML/]: Injecting tracing printstreams for STDOUT/STDERR.
[17:29:43] [main/INFO] [FML/]: Forge Mod Loader version 13.20.1.2588 for Minecraft 1.11.2 loading
[17:29:43] [main/INFO] [FML/]: Java is OpenJDK 64-Bit Server VM, version 1.8.0_492, running on Linux:amd64:6.8.0-1052-azure, installed at /usr/lib/jvm/java-8-openjdk-amd64/jre
[17:29:43] [main/DEBUG] [FML/]: Java classpath at launch is /workspaces/pokemonpkp/servidor_minecraft/forge-1.11.2-13.20.1.2588-universal.jar
[17:29:43] [main/DEBUG] [FML/]: Java library path at launch is /tmp/_MEIoHG9JC:/usr/java/packages/lib/amd64:/usr/lib/x86_64-linux-gnu/jni:/lib/x86_64-linux-gnu:/usr/lib/x86_64-linux-gnu:/usr/lib/jni:/lib:/usr/lib
[17:29:43] [main/DEBUG] [FML/]: Enabling runtime deobfuscation
[17:29:43] [main/DEBUG] [FML/]: Instantiating coremod class FMLCorePlugin
[17:29:43] [main/DEBUG] [FML/]: Added access transformer class net.minecraftforge.fml.common.asm.transformers.AccessTransformer to enqueued access transformers
[17:29:43] [main/DEBUG] [FML/]: Enqueued coremod FMLCorePlugin
[17:29:43] [main/DEBUG] [FML/]: Instantiating coremod class FMLForgePlugin
[17:29:43] [main/DEBUG] [FML/]: Enqueued coremod FMLForgePlugin
[17:29:43] [main/DEBUG] [FML/]: All fundamental core mods are successfully located
[17:29:43] [main/DEBUG] [FML/]: Attempting to load commandline specified mods, relative to /workspaces/pokemonpkp/servidor_minecraft/.
[17:29:43] [main/DEBUG] [FML/]: Discovering coremods
[17:29:43] [main/DEBUG] [FML/]: Examining for coremod candidacy AdHooks-1.11.2-2.0.5.0-build.0086.jar
[17:29:43] [main/DEBUG] [FML/]: Not found coremod data in AdHooks-1.11.2-2.0.5.0-build.0086.jar
[17:29:43] [main/DEBUG] [FML/]: Examining for coremod candidacy AirSupport-0.2.0.jar
[17:29:43] [main/DEBUG] [FML/]: Not found coremod data in AirSupport-0.2.0.jar
[17:29:43] [main/DEBUG] [FML/]: Examining for coremod candidacy animania-1.11.2-1.4.2.jar
[17:29:43] [main/DEBUG] [FML/]: Not found coremod data in animania-1.11.2-1.4.2.jar
[17:29:43] [main/DEBUG] [FML/]: Examining for coremod candidacy BetterFps-1.4.5.jar
[17:29:43] [main/INFO] [FML/]: Loading tweaker guichaguri.betterfps.tweaker.BetterFpsTweaker from BetterFps-1.4.5.jar
[17:29:43] [main/DEBUG] [FML/]: Examining for coremod candidacy BiblioCraft[v2.3.3][MC1.11.2].jar
[17:29:43] [main/DEBUG] [FML/]: Not found coremod data in BiblioCraft[v2.3.3][MC1.11.2].jar
[17:29:43] [main/DEBUG] [FML/]: Examining for coremod candidacy CodeChickenLib-1.11.2-3.0.0.298-universal.jar
[17:29:43] [main/TRACE] [FML/]: Found FMLCorePluginContainsFMLMod marker in CodeChickenLib-1.11.2-3.0.0.298-universal.jar, it will be examined later for regular @Mod instances
[17:29:43] [main/DEBUG] [FML/]: Instantiating coremod class CCLCorePlugin
[17:29:45] [main/WARN] [FML/]: The coremod codechicken.lib.asm.CCLCorePlugin does not have a MCVersion annotation, it may cause issues with this version of Minecraft
[17:29:45] [main/DEBUG] [FML/]: Enqueued coremod CCLCorePlugin
[17:29:45] [main/DEBUG] [FML/]: Examining for coremod candidacy compatlayer-1.11.2-0.2.5.jar
[17:29:45] [main/DEBUG] [FML/]: Not found coremod data in compatlayer-1.11.2-0.2.5.jar
[17:29:45] [main/DEBUG] [FML/]: Examining for coremod candidacy CraftStudioAPI-universal-0.3.0.86-mc1.11.2-beta.jar
[17:29:45] [main/DEBUG] [FML/]: Not found coremod data in CraftStudioAPI-universal-0.3.0.86-mc1.11.2-beta.jar
[17:29:45] [main/DEBUG] [FML/]: Examining for coremod candidacy CreativeCore v1.9.8 mc1.11.2.jar
[17:29:45] [main/TRACE] [FML/]: Found FMLCorePluginContainsFMLMod marker in CreativeCore v1.9.8 mc1.11.2.jar, it will be examined later for regular @Mod instances
[17:29:45] [main/DEBUG] [FML/]: Instantiating coremod class CreativePatchingLoader
[17:29:45] [main/WARN] [FML/]: The coremod com.creativemd.creativecore.core.CreativePatchingLoader does not have a MCVersion annotation, it may cause issues with this version of Minecraft
[17:29:45] [main/DEBUG] [FML/]: Enqueued coremod CreativePatchingLoader
[17:29:45] [main/DEBUG] [FML/]: Examining for coremod candidacy CustomNPCs_1.11.2(29oct17).jar
[17:29:45] [main/DEBUG] [FML/]: Not found coremod data in CustomNPCs_1.11.2(29oct17).jar
[17:29:45] [main/DEBUG] [FML/]: Examining for coremod candidacy CyclopsCore-1.11.2-0.10.9.jar
[17:29:45] [main/DEBUG] [FML/]: Not found coremod data in CyclopsCore-1.11.2-0.10.9.jar
[17:29:45] [main/DEBUG] [FML/]: Examining for coremod candidacy dailies-1.11.2-6.jar
[17:29:45] [main/DEBUG] [FML/]: Not found coremod data in dailies-1.11.2-6.jar
[17:29:45] [main/DEBUG] [FML/]: Examining for coremod candidacy Deadly Monsters 1.6.jar
[17:29:45] [main/DEBUG] [FML/]: Not found coremod data in Deadly Monsters 1.6.jar
[17:29:45] [main/DEBUG] [FML/]: Examining for coremod candidacy dissolution-0.4.2.3.jar
[17:29:45] [main/DEBUG] [FML/]: Not found coremod data in dissolution-0.4.2.3.jar
[17:29:45] [main/DEBUG] [FML/]: Examining for coremod candidacy DungeonDQ_Ver10.00_[MC1.11.2].jar
[17:29:45] [main/DEBUG] [FML/]: Not found coremod data in DungeonDQ_Ver10.00_[MC1.11.2].jar
[17:29:45] [main/DEBUG] [FML/]: Examining for coremod candidacy EvilCraft-1.11.2-0.10.30.jar
[17:29:45] [main/DEBUG] [FML/]: Not found coremod data in EvilCraft-1.11.2-0.10.30.jar
[17:29:45] [main/DEBUG] [FML/]: Examining for coremod candidacy extrautils2-1.11.2-1.6.7.jar
[17:29:45] [main/DEBUG] [FML/]: Not found coremod data in extrautils2-1.11.2-1.6.7.jar
[17:29:45] [main/DEBUG] [FML/]: Examining for coremod candidacy fairylights-2.1.1-1.11.x.jar
[17:29:45] [main/DEBUG] [FML/]: Not found coremod data in fairylights-2.1.1-1.11.x.jar
[17:29:45] [main/DEBUG] [FML/]: Examining for coremod candidacy ForgeEndertech-1.11.2-2.2.0.0-build.0086.jar
[17:29:45] [main/TRACE] [FML/]: Found FMLCorePluginContainsFMLMod marker in ForgeEndertech-1.11.2-2.2.0.0-build.0086.jar, it will be examined later for regular @Mod instances
[17:29:45] [main/DEBUG] [FML/]: Instantiating coremod class DummyPlugin
[17:29:45] [main/WARN] [FML/]: The coremod com.endertech.minecraft.forge.coremod.DummyPlugin does not have a MCVersion annotation, it may cause issues with this version of Minecraft
[17:29:45] [main/DEBUG] [FML/]: Enqueued coremod DummyPlugin
[17:29:45] [main/DEBUG] [FML/]: Examining for coremod candidacy iceandfire-1.2.1.jar
[17:29:45] [main/DEBUG] [FML/]: Not found coremod data in iceandfire-1.2.1.jar
[17:29:45] [main/DEBUG] [FML/]: Examining for coremod candidacy ItemPhysic Full 1.4.9 mc1.11.2.jar
[17:29:45] [main/TRACE] [FML/]: Adding ItemPhysic Full 1.4.9 mc1.11.2.jar to the list of known coremods, it will not be examined again
[17:29:45] [main/DEBUG] [FML/]: Instantiating coremod class ItemPatchingLoader
[17:29:45] [main/WARN] [FML/]: The coremod com.creativemd.itemphysic.ItemPatchingLoader does not have a MCVersion annotation, it may cause issues with this version of Minecraft
[17:29:45] [main/DEBUG] [FML/]: Enqueued coremod ItemPatchingLoader
[17:29:45] [main/DEBUG] [FML/]: Examining for coremod candidacy jei_1.11.2-4.5.1.296.jar
[17:29:45] [main/DEBUG] [FML/]: Not found coremod data in jei_1.11.2-4.5.1.296.jar
[17:29:45] [main/DEBUG] [FML/]: Examining for coremod candidacy journeymap-1.11.2-5.5.2.jar
[17:29:45] [main/DEBUG] [FML/]: Not found coremod data in journeymap-1.11.2-5.5.2.jar
[17:29:45] [main/DEBUG] [FML/]: Examining for coremod candidacy JustEnoughResources-1.11.2-0.6.6.12.jar
[17:29:45] [main/DEBUG] [FML/]: Not found coremod data in JustEnoughResources-1.11.2-0.6.6.12.jar
[17:29:45] [main/DEBUG] [FML/]: Examining for coremod candidacy JustFashion-1.11.2-0.1.2.0.jar
[17:29:45] [main/DEBUG] [FML/]: Not found coremod data in JustFashion-1.11.2-0.1.2.0.jar
[17:29:45] [main/DEBUG] [FML/]: Examining for coremod candidacy llibrary-1.7.7-1.11.2.jar
[17:29:45] [main/TRACE] [FML/]: Found FMLCorePluginContainsFMLMod marker in llibrary-1.7.7-1.11.2.jar, it will be examined later for regular @Mod instances
[17:29:45] [main/DEBUG] [FML/]: Instantiating coremod class LLibraryPlugin
[17:29:45] [main/TRACE] [FML/]: coremod named llibrary is loading
[17:29:45] [main/DEBUG] [FML/]: The coremod net.ilexiconn.llibrary.server.core.plugin.LLibraryPlugin requested minecraft version 1.11.2 and minecraft is 1.11.2. It will be loaded.
[17:29:45] [main/DEBUG] [FML/]: Enqueued coremod llibrary
[17:29:45] [main/DEBUG] [FML/]: Examining for coremod candidacy malisiscore-1.11.2-5.2.5.jar
[17:29:45] [main/TRACE] [FML/]: Found FMLCorePluginContainsFMLMod marker in malisiscore-1.11.2-5.2.5.jar, it will be examined later for regular @Mod instances
[17:29:45] [main/DEBUG] [FML/]: Instantiating coremod class MalisisCorePlugin
[17:29:45] [main/WARN] [FML/]: The coremod net.malisis.core.asm.MalisisCorePlugin does not have a MCVersion annotation, it may cause issues with this version of Minecraft
[17:29:45] [main/DEBUG] [FML/]: Enqueued coremod MalisisCorePlugin
[17:29:45] [main/DEBUG] [FML/]: Examining for coremod candidacy malisisdoors-1.11.2-6.1.3.jar
[17:29:45] [main/DEBUG] [FML/]: Not found coremod data in malisisdoors-1.11.2-6.1.3.jar
[17:29:45] [main/DEBUG] [FML/]: Examining for coremod candidacy Minions-1.11.2.jar
[17:29:45] [main/DEBUG] [FML/]: Not found coremod data in Minions-1.11.2.jar
[17:29:45] [main/DEBUG] [FML/]: Examining for coremod candidacy mobtotems-1.11.2-0.3.0.jar
[17:29:45] [main/DEBUG] [FML/]: Not found coremod data in mobtotems-1.11.2-0.3.0.jar
[17:29:45] [main/DEBUG] [FML/]: Examining for coremod candidacy mowziesmobs-1.4.0.jar
[17:29:45] [main/DEBUG] [FML/]: Not found coremod data in mowziesmobs-1.4.0.jar
[17:29:45] [main/DEBUG] [FML/]: Examining for coremod candidacy NetherPortalFix_1.11.2-4.3.4.jar
[17:29:45] [main/DEBUG] [FML/]: Not found coremod data in NetherPortalFix_1.11.2-4.3.4.jar
[17:29:45] [main/DEBUG] [FML/]: Examining for coremod candidacy NotEnoughItems-1.11.2-2.3.0.227-universal.jar
[17:29:45] [main/TRACE] [FML/]: Found FMLCorePluginContainsFMLMod marker in NotEnoughItems-1.11.2-2.3.0.227-universal.jar, it will be examined later for regular @Mod instances
[17:29:45] [main/DEBUG] [FML/]: Instantiating coremod class NEICorePlugin
[17:29:45] [main/WARN] [FML/]: The coremod codechicken.nei.asm.NEICorePlugin does not have a MCVersion annotation, it may cause issues with this version of Minecraft
[17:29:45] [main/DEBUG] [FML/]: Enqueued coremod NEICorePlugin
[17:29:45] [main/DEBUG] [FML/]: Examining for coremod candidacy PersonalCars-1.2.2.jar
[17:29:45] [main/DEBUG] [FML/]: Not found coremod data in PersonalCars-1.2.2.jar
[17:29:45] [main/DEBUG] [FML/]: Examining for coremod candidacy placeableitems-3.0.4.1.jar
[17:29:45] [main/DEBUG] [FML/]: Not found coremod data in placeableitems-3.0.4.1.jar
[17:29:45] [main/DEBUG] [FML/]: Examining for coremod candidacy SophisticatedWolves-1.11.2-3.9.1.jar
[17:29:45] [main/DEBUG] [FML/]: Not found coremod data in SophisticatedWolves-1.11.2-3.9.1.jar
[17:29:45] [main/DEBUG] [FML/]: Examining for coremod candidacy sublib-1.11.2-1.2.0.1.jar
[17:29:45] [main/DEBUG] [FML/]: Not found coremod data in sublib-1.11.2-1.2.0.1.jar
[17:29:45] [main/DEBUG] [FML/]: Examining for coremod candidacy Totemic-1.11.2-0.8.7.jar
[17:29:45] [main/DEBUG] [FML/]: Not found coremod data in Totemic-1.11.2-0.8.7.jar
[17:29:45] [main/DEBUG] [FML/]: Examining for coremod candidacy umbralux-1.11.2-2.0.1.2.jar
[17:29:45] [main/DEBUG] [FML/]: Not found coremod data in umbralux-1.11.2-2.0.1.2.jar
[17:29:45] [main/DEBUG] [FML/]: Examining for coremod candidacy Vampirism-1.11.2-1.2.3.jar
[17:29:45] [main/DEBUG] [FML/]: Not found coremod data in Vampirism-1.11.2-1.2.3.jar
[17:29:45] [main/DEBUG] [FML/]: Examining for coremod candidacy Waila-1.7.1_1.11.2.jar
[17:29:45] [main/DEBUG] [FML/]: Not found coremod data in Waila-1.7.1_1.11.2.jar
[17:29:45] [main/INFO] [LaunchWrapper/]: Loading tweak class name net.minecraftforge.fml.common.launcher.FMLInjectionAndSortingTweaker
[17:29:45] [main/INFO] [LaunchWrapper/]: Loading tweak class name guichaguri.betterfps.tweaker.BetterFpsTweaker
[17:29:45] [main/INFO] [LaunchWrapper/]: Loading tweak class name net.minecraftforge.fml.common.launcher.FMLDeobfTweaker
[17:29:45] [main/INFO] [LaunchWrapper/]: Calling tweak class net.minecraftforge.fml.common.launcher.FMLInjectionAndSortingTweaker
[17:29:45] [main/INFO] [LaunchWrapper/]: Calling tweak class net.minecraftforge.fml.common.launcher.FMLInjectionAndSortingTweaker
[17:29:45] [main/INFO] [LaunchWrapper/]: Calling tweak class net.minecraftforge.fml.relauncher.CoreModManager$FMLPluginWrapper
[17:29:45] [main/DEBUG] [FML/]: Injecting coremod FMLCorePlugin \{net.minecraftforge.fml.relauncher.FMLCorePlugin\} class transformers
[17:29:45] [main/TRACE] [FML/]: Registering transformer net.minecraftforge.fml.common.asm.transformers.BlamingTransformer
[17:29:45] [main/TRACE] [FML/]: Registering transformer net.minecraftforge.fml.common.asm.transformers.SideTransformer
[17:29:45] [main/TRACE] [FML/]: Registering transformer net.minecraftforge.fml.common.asm.transformers.EventSubscriptionTransformer
[17:29:45] [main/TRACE] [FML/]: Registering transformer net.minecraftforge.fml.common.asm.transformers.EventSubscriberTransformer
[17:29:45] [main/DEBUG] [FML/]: Injection complete
[17:29:45] [main/DEBUG] [FML/]: Running coremod plugin for FMLCorePlugin \{net.minecraftforge.fml.relauncher.FMLCorePlugin\}
[17:29:45] [main/DEBUG] [FML/]: Running coremod plugin FMLCorePlugin
[17:29:46] [main/DEBUG] [FML/]: Injecting tracing printstreams for STDOUT/STDERR.
[17:29:46] [main/DEBUG] [FML/]: Read 992 binary patches
[17:29:46] [main/DEBUG] [FML/]: Loading deobfuscation resource /deobfuscation_data-1.11.2.lzma with 33539 records
[17:29:46] [main/INFO] [FML/]: Found valid fingerprint for Minecraft Forge. Certificate fingerprint e3c3d50c7c986df74c645c0ac54639741c90a557
[17:29:46] [main/DEBUG] [FML/]: Coremod plugin class FMLCorePlugin run successfully
[17:29:46] [main/INFO] [LaunchWrapper/]: Calling tweak class net.minecraftforge.fml.relauncher.CoreModManager$FMLPluginWrapper
[17:29:46] [main/DEBUG] [FML/]: Injecting coremod FMLForgePlugin \{net.minecraftforge.classloading.FMLForgePlugin\} class transformers
[17:29:46] [main/DEBUG] [FML/]: Injection complete
[17:29:46] [main/DEBUG] [FML/]: Running coremod plugin for FMLForgePlugin \{net.minecraftforge.classloading.FMLForgePlugin\}
[17:29:46] [main/DEBUG] [FML/]: Running coremod plugin FMLForgePlugin
[17:29:46] [main/DEBUG] [FML/]: Coremod plugin class FMLForgePlugin run successfully
[17:29:46] [main/INFO] [LaunchWrapper/]: Calling tweak class net.minecraftforge.fml.relauncher.CoreModManager$FMLPluginWrapper
[17:29:46] [main/DEBUG] [FML/]: Injecting coremod CCLCorePlugin \{codechicken.lib.asm.CCLCorePlugin\} class transformers
[17:29:46] [main/TRACE] [FML/]: Registering transformer codechicken.lib.asm.ClassHierarchyManager
[17:29:46] [main/TRACE] [FML/]: Registering transformer codechicken.lib.asm.CCL_ASMTransformer
[17:29:47] [main/DEBUG] [FML/]: Injection complete
[17:29:47] [main/DEBUG] [FML/]: Running coremod plugin for CCLCorePlugin \{codechicken.lib.asm.CCLCorePlugin\}
[17:29:47] [main/DEBUG] [FML/]: Running coremod plugin CCLCorePlugin
[17:29:47] [main/DEBUG] [FML/]: Coremod plugin class CCLCorePlugin run successfully
[17:29:47] [main/INFO] [LaunchWrapper/]: Calling tweak class net.minecraftforge.fml.relauncher.CoreModManager$FMLPluginWrapper
[17:29:47] [main/DEBUG] [FML/]: Injecting coremod CreativePatchingLoader \{com.creativemd.creativecore.core.CreativePatchingLoader\} class transformers
[17:29:47] [main/TRACE] [FML/]: Registering transformer com.creativemd.creativecore.core.CreativeCoreTransformer
[17:29:47] [main/DEBUG] [FML/]: Injection complete
[17:29:47] [main/DEBUG] [FML/]: Running coremod plugin for CreativePatchingLoader \{com.creativemd.creativecore.core.CreativePatchingLoader\}
[17:29:47] [main/DEBUG] [FML/]: Running coremod plugin CreativePatchingLoader
[17:29:47] [main/DEBUG] [FML/]: Coremod plugin class CreativePatchingLoader run successfully
[17:29:47] [main/INFO] [LaunchWrapper/]: Calling tweak class net.minecraftforge.fml.relauncher.CoreModManager$FMLPluginWrapper
[17:29:47] [main/DEBUG] [FML/]: Injecting coremod DummyPlugin \{com.endertech.minecraft.forge.coremod.DummyPlugin\} class transformers
[17:29:47] [main/DEBUG] [FML/]: Injection complete
[17:29:47] [main/DEBUG] [FML/]: Running coremod plugin for DummyPlugin \{com.endertech.minecraft.forge.coremod.DummyPlugin\}
[17:29:47] [main/DEBUG] [FML/]: Running coremod plugin DummyPlugin
[17:29:47] [main/DEBUG] [FML/]: Coremod plugin class DummyPlugin run successfully
[17:29:47] [main/INFO] [LaunchWrapper/]: Calling tweak class net.minecraftforge.fml.relauncher.CoreModManager$FMLPluginWrapper
[17:29:47] [main/DEBUG] [FML/]: Injecting coremod ItemPatchingLoader \{com.creativemd.itemphysic.ItemPatchingLoader\} class transformers
[17:29:47] [main/TRACE] [FML/]: Registering transformer com.creativemd.itemphysic.ItemTransformer
[17:29:47] [main/DEBUG] [FML/]: Injection complete
[17:29:47] [main/DEBUG] [FML/]: Running coremod plugin for ItemPatchingLoader \{com.creativemd.itemphysic.ItemPatchingLoader\}
[17:29:47] [main/DEBUG] [FML/]: Running coremod plugin ItemPatchingLoader
[17:29:47] [main/DEBUG] [FML/]: Coremod plugin class ItemPatchingLoader run successfully
[17:29:47] [main/INFO] [LaunchWrapper/]: Calling tweak class net.minecraftforge.fml.relauncher.CoreModManager$FMLPluginWrapper
[17:29:47] [main/DEBUG] [FML/]: Injecting coremod NEICorePlugin \{codechicken.nei.asm.NEICorePlugin\} class transformers
[17:29:47] [main/TRACE] [FML/]: Registering transformer codechicken.nei.asm.NEITransformer
[17:29:47] [main/DEBUG] [FML/]: Injection complete
[17:29:47] [main/DEBUG] [FML/]: Running coremod plugin for NEICorePlugin \{codechicken.nei.asm.NEICorePlugin\}
[17:29:47] [main/DEBUG] [FML/]: Running coremod plugin NEICorePlugin
[17:29:47] [main/DEBUG] [FML/]: Coremod plugin class NEICorePlugin run successfully
[17:29:47] [main/INFO] [LaunchWrapper/]: Calling tweak class guichaguri.betterfps.tweaker.BetterFpsTweaker
[17:29:47] [main/DEBUG] [BetterFps/]: Loading Mappings...
[17:29:47] [main/INFO] [LaunchWrapper/]: Calling tweak class net.minecraftforge.fml.common.launcher.FMLDeobfTweaker
[17:29:47] [main/DEBUG] [FML/]: Loaded 203 rules from AccessTransformer config file forge_at.cfg
[17:29:47] [main/DEBUG] [FML/]: Loaded 1 rules from AccessTransformer mod jar file /workspaces/pokemonpkp/servidor_minecraft/mods/journeymap-1.11.2-5.5.2.jar!META-INF/journeymap_at.cfg

[17:29:47] [main/DEBUG] [FML/]: Loaded 9 rules from AccessTransformer mod jar file /workspaces/pokemonpkp/servidor_minecraft/mods/llibrary-1.7.7-1.11.2.jar!META-INF/llibrary_at.cfg

[17:29:47] [main/DEBUG] [FML/]: Loaded 36 rules from AccessTransformer mod jar file /workspaces/pokemonpkp/servidor_minecraft/mods/CodeChickenLib-1.11.2-3.0.0.298-universal.jar!META-INF/ccl_at.cfg

[17:29:47] [main/DEBUG] [FML/]: Loaded 4 rules from AccessTransformer mod jar file /workspaces/pokemonpkp/servidor_minecraft/mods/CustomNPCs_1.11.2(29oct17).jar!META-INF/cnpcs_at.cfg

[17:29:47] [main/DEBUG] [FML/]: Loaded 102 rules from AccessTransformer mod jar file /workspaces/pokemonpkp/servidor_minecraft/mods/extrautils2-1.11.2-1.6.7.jar!META-INF/extrautils2_at.cfg

[17:29:47] [main/DEBUG] [FML/]: Loaded 1 rules from AccessTransformer mod jar file /workspaces/pokemonpkp/servidor_minecraft/mods/NetherPortalFix_1.11.2-4.3.4.jar!META-INF/netherportalfix_at.cfg

[17:29:47] [main/DEBUG] [FML/]: Loaded 27 rules from AccessTransformer mod jar file /workspaces/pokemonpkp/servidor_minecraft/mods/NotEnoughItems-1.11.2-2.3.0.227-universal.jar!META-INF/nei_at.cfg

[17:29:47] [main/DEBUG] [FML/]: Loaded 14 rules from AccessTransformer mod jar file /workspaces/pokemonpkp/servidor_minecraft/mods/malisiscore-1.11.2-5.2.5.jar!META-INF/malisiscore_at.cfg

[17:29:47] [main/DEBUG] [FML/]: Loaded 2 rules from AccessTransformer mod jar file /workspaces/pokemonpkp/servidor_minecraft/mods/jei_1.11.2-4.5.1.296.jar!META-INF/jei_at.cfg

[17:29:47] [main/DEBUG] [FML/]: Loaded 9 rules from AccessTransformer mod jar file /workspaces/pokemonpkp/servidor_minecraft/mods/JustEnoughResources-1.11.2-0.6.6.12.jar!META-INF/jeresources_at.cfg

[17:29:47] [main/DEBUG] [FML/]: Loaded 4 rules from AccessTransformer mod jar file /workspaces/pokemonpkp/servidor_minecraft/mods/SophisticatedWolves-1.11.2-3.9.1.jar!META-INF/SophisticatedWolves_at.cfg

[17:29:47] [main/DEBUG] [FML/]: Validating minecraft
[17:29:47] [main/DEBUG] [FML/]: Minecraft validated, launching...
[17:29:47] [main/INFO] [LaunchWrapper/]: Calling tweak class net.minecraftforge.fml.relauncher.CoreModManager$FMLPluginWrapper
[17:29:47] [main/DEBUG] [FML/]: Injecting coremod llibrary \{net.ilexiconn.llibrary.server.core.plugin.LLibraryPlugin\} class transformers
[17:29:47] [main/TRACE] [FML/]: Registering transformer net.ilexiconn.llibrary.server.core.plugin.LLibraryTransformer
[17:29:47] [main/TRACE] [FML/]: Registering transformer net.ilexiconn.llibrary.server.core.patcher.LLibraryRuntimePatcher
[17:29:47] [main/INFO] [FML/]: Found runtime patcher net.ilexiconn.llibrary.server.core.patcher.LLibraryRuntimePatcher
[17:29:47] [main/DEBUG] [FML/]: Injection complete
[17:29:47] [main/DEBUG] [FML/]: Running coremod plugin for llibrary \{net.ilexiconn.llibrary.server.core.plugin.LLibraryPlugin\}
[17:29:47] [main/DEBUG] [FML/]: Running coremod plugin llibrary
[17:29:47] [main/DEBUG] [FML/]: Coremod plugin class LLibraryPlugin run successfully
[17:29:47] [main/INFO] [LaunchWrapper/]: Calling tweak class net.minecraftforge.fml.relauncher.CoreModManager$FMLPluginWrapper
[17:29:47] [main/DEBUG] [FML/]: Injecting coremod MalisisCorePlugin \{net.malisis.core.asm.MalisisCorePlugin\} class transformers
[17:29:47] [main/TRACE] [FML/]: Registering transformer net.malisis.core.util.chunkcollision.ChunkCollisionTransformer
[17:29:47] [main/INFO] [malisiscore/]: [ChunkCollisionTransformer] Hook registered for net.minecraft.world.World
[17:29:47] [main/INFO] [malisiscore/]: [ChunkCollisionTransformer] Hook registered for net.minecraft.world.World
[17:29:47] [main/INFO] [malisiscore/]: [ChunkCollisionTransformer] Hook registered for net.minecraft.item.ItemBlock
[17:29:47] [main/INFO] [malisiscore/]: [ChunkCollisionTransformer] Hook registered for net.minecraft.network.NetHandlerPlayServer
[17:29:47] [main/TRACE] [FML/]: Registering transformer net.malisis.core.util.chunkblock.ChunkBlockTransformer
[17:29:47] [main/INFO] [malisiscore/]: [ChunkBlockTransformer] Hook registered for net.minecraft.world.chunk.Chunk
[17:29:47] [main/TRACE] [FML/]: Registering transformer net.malisis.core.renderer.transformer.MalisisRendererTransformer
[17:29:47] [main/INFO] [malisiscore/]: [MalisisRendererTransformer] Hook registered for net.minecraft.client.renderer.BlockRendererDispatcher
[17:29:47] [main/INFO] [malisiscore/]: [MalisisRendererTransformer] Hook registered for net.minecraft.client.renderer.RenderItem
[17:29:47] [main/INFO] [malisiscore/]: [MalisisRendererTransformer] Hook registered for net.minecraft.client.renderer.BlockModelShapes
[17:29:47] [main/TRACE] [FML/]: Registering transformer net.malisis.core.renderer.icon.asm.TextureMapTransformer
[17:29:47] [main/INFO] [malisiscore/]: [TextureMapTransformer] Hook registered for net.minecraft.client.renderer.texture.TextureMap
[17:29:47] [main/TRACE] [FML/]: Registering transformer net.malisis.core.util.clientnotif.ClientNotifTransformer
[17:29:47] [main/INFO] [malisiscore/]: [ClientNotifTransformer] Hook registered for net.minecraft.world.World
[17:29:47] [main/INFO] [malisiscore/]: [ClientNotifTransformer] Hook registered for net.minecraft.world.WorldServer
[17:29:47] [main/DEBUG] [FML/]: Injection complete
[17:29:47] [main/DEBUG] [FML/]: Running coremod plugin for MalisisCorePlugin \{net.malisis.core.asm.MalisisCorePlugin\}
[17:29:47] [main/DEBUG] [FML/]: Running coremod plugin MalisisCorePlugin
[17:29:47] [main/DEBUG] [FML/]: Coremod plugin class MalisisCorePlugin run successfully
[17:29:47] [main/INFO] [LaunchWrapper/]: Loading tweak class name net.minecraftforge.fml.common.launcher.TerminalTweaker
[17:29:47] [main/INFO] [LaunchWrapper/]: Calling tweak class net.minecraftforge.fml.common.launcher.TerminalTweaker
[17:29:47] [main/INFO] [FML/]: Patching class net/minecraft/server/MinecraftServer
[17:29:47] [main/INFO] [FML/]:    Patching method run()V
[17:29:47] [main/INFO] [malisiscore/]: Found hooks for net.minecraft.world.World (ajs)
[17:29:47] [main/INFO] [malisiscore/]: Found hooks for net.minecraft.world.World (ajs)
[17:29:47] [main/INFO] [malisiscore/]: Found hooks for net.minecraft.world.WorldServer (lw)
[17:29:48] [main/INFO] [LaunchWrapper/]: Launching wrapped minecraft {net.minecraft.server.MinecraftServer}
[17:29:48] [main/INFO] [BetterFps/]: Patching net.minecraft.block.Block... (alu)
[17:29:48] [main/INFO] [malisiscore/]: Found hooks for net.minecraft.item.ItemBlock (adv)
[17:29:48] [main/INFO] [BetterFps/]: Patching net.minecraft.block.BlockHopper... (aoh)
[17:29:48] [main/INFO] [BetterFps/]: Patching math utils with "RIVENS_HALF" algorithm
[17:29:49] [main/INFO] [BetterFps/]: Patching net.minecraft.tileentity.TileEntityBeacon... (asb)
[17:29:49] [main/INFO] [BetterFps/]: Patching net.minecraft.tileentity.TileEntityHopper... (asp)
[17:29:50] [main/DEBUG] [FML/]: Creating vanilla freeze snapshot
[17:29:50] [main/DEBUG] [FML/]: Vanilla freeze snapshot created
[17:29:50] [main/INFO] [BetterFps/]: Patching net.minecraft.server.dedicated.DedicatedServer... (lh)
[17:29:50] [Server thread/INFO] [FML/]: MinecraftForge v13.20.1.2588 Initialized
[17:29:50] [Server thread/INFO] [FML/]: Replaced 232 ore recipes
[17:29:50] [Server thread/DEBUG] [FML/]: File /workspaces/pokemonpkp/servidor_minecraft/config/injectedDependencies.json not found. No dependencies injected
[17:29:50] [Server thread/DEBUG] [FML/]: Building injected Mod Containers [net.minecraftforge.fml.common.FMLContainer, net.minecraftforge.common.ForgeModContainer, com.creativemd.creativecore.core.CreativeCoreDummy, com.creativemd.itemphysic.ItemDummyContainer]
[17:29:50] [Server thread/DEBUG] [FML/]: Attempting to load mods contained in the minecraft jar file and associated classes
[17:29:50] [Server thread/DEBUG] [FML/]: Found a minecraft related file at /workspaces/pokemonpkp/servidor_minecraft/forge-1.11.2-13.20.1.2588-universal.jar, examining for mod candidates
[17:29:50] [Server thread/TRACE] [FML/]: Skipping known library file /workspaces/pokemonpkp/servidor_minecraft/mods/BetterFps-1.4.5.jar
[17:29:50] [Server thread/TRACE] [FML/]: Skipping known library file /workspaces/pokemonpkp/servidor_minecraft/mods/CodeChickenLib-1.11.2-3.0.0.298-universal.jar
[17:29:50] [Server thread/TRACE] [FML/]: Skipping known library file /workspaces/pokemonpkp/servidor_minecraft/mods/CreativeCore v1.9.8 mc1.11.2.jar
[17:29:50] [Server thread/TRACE] [FML/]: Skipping known library file /workspaces/pokemonpkp/servidor_minecraft/mods/ForgeEndertech-1.11.2-2.2.0.0-build.0086.jar
[17:29:50] [Server thread/TRACE] [FML/]: Skipping known library file /workspaces/pokemonpkp/servidor_minecraft/mods/ItemPhysic Full 1.4.9 mc1.11.2.jar
[17:29:50] [Server thread/TRACE] [FML/]: Skipping known library file /workspaces/pokemonpkp/servidor_minecraft/mods/llibrary-1.7.7-1.11.2.jar
[17:29:50] [Server thread/TRACE] [FML/]: Skipping known library file /workspaces/pokemonpkp/servidor_minecraft/mods/malisiscore-1.11.2-5.2.5.jar
[17:29:50] [Server thread/TRACE] [FML/]: Skipping known library file /workspaces/pokemonpkp/servidor_minecraft/mods/NotEnoughItems-1.11.2-2.3.0.227-universal.jar
[17:29:50] [Server thread/DEBUG] [FML/]: Minecraft jar mods loaded successfully
[17:29:50] [Server thread/INFO] [FML/]: Found 0 mods from the command line. Injecting into mod discoverer
[17:29:50] [Server thread/INFO] [FML/]: Searching /workspaces/pokemonpkp/servidor_minecraft/mods for mods
[17:29:50] [Server thread/DEBUG] [FML/]: Found a candidate zip or jar file AdHooks-1.11.2-2.0.5.0-build.0086.jar
[17:29:51] [Server thread/DEBUG] [FML/]: Found a candidate zip or jar file AirSupport-0.2.0.jar
[17:29:51] [Server thread/DEBUG] [FML/]: Found a candidate zip or jar file animania-1.11.2-1.4.2.jar
[17:29:51] [Server thread/TRACE] [FML/]: Skipping already parsed coremod or tweaker BetterFps-1.4.5.jar
[17:29:51] [Server thread/DEBUG] [FML/]: Found a candidate zip or jar file BiblioCraft[v2.3.3][MC1.11.2].jar
[17:29:51] [Server thread/DEBUG] [FML/]: Found a candidate zip or jar file CodeChickenLib-1.11.2-3.0.0.298-universal.jar
[17:29:51] [Server thread/DEBUG] [FML/]: Found a candidate zip or jar file compatlayer-1.11.2-0.2.5.jar
[17:29:51] [Server thread/DEBUG] [FML/]: Found a candidate zip or jar file CraftStudioAPI-universal-0.3.0.86-mc1.11.2-beta.jar
[17:29:51] [Server thread/DEBUG] [FML/]: Found a candidate zip or jar file CreativeCore v1.9.8 mc1.11.2.jar
[17:29:51] [Server thread/DEBUG] [FML/]: Found a candidate zip or jar file CustomNPCs_1.11.2(29oct17).jar
[17:29:51] [Server thread/DEBUG] [FML/]: Found a candidate zip or jar file CyclopsCore-1.11.2-0.10.9.jar
[17:29:51] [Server thread/DEBUG] [FML/]: Found a candidate zip or jar file dailies-1.11.2-6.jar
[17:29:51] [Server thread/DEBUG] [FML/]: Found a candidate zip or jar file Deadly Monsters 1.6.jar
[17:29:51] [Server thread/DEBUG] [FML/]: Found a candidate zip or jar file dissolution-0.4.2.3.jar
[17:29:51] [Server thread/DEBUG] [FML/]: Found a candidate zip or jar file DungeonDQ_Ver10.00_[MC1.11.2].jar
[17:29:51] [Server thread/DEBUG] [FML/]: Found a candidate zip or jar file EvilCraft-1.11.2-0.10.30.jar
[17:29:51] [Server thread/DEBUG] [FML/]: Found a candidate zip or jar file extrautils2-1.11.2-1.6.7.jar
[17:29:51] [Server thread/DEBUG] [FML/]: Found a candidate zip or jar file fairylights-2.1.1-1.11.x.jar
[17:29:51] [Server thread/DEBUG] [FML/]: Found a candidate zip or jar file ForgeEndertech-1.11.2-2.2.0.0-build.0086.jar
[17:29:51] [Server thread/DEBUG] [FML/]: Found a candidate zip or jar file iceandfire-1.2.1.jar
[17:29:51] [Server thread/TRACE] [FML/]: Skipping already parsed coremod or tweaker ItemPhysic Full 1.4.9 mc1.11.2.jar
[17:29:51] [Server thread/DEBUG] [FML/]: Found a candidate zip or jar file jei_1.11.2-4.5.1.296.jar
[17:29:51] [Server thread/DEBUG] [FML/]: Found a candidate zip or jar file journeymap-1.11.2-5.5.2.jar
[17:29:51] [Server thread/DEBUG] [FML/]: Found a candidate zip or jar file JustEnoughResources-1.11.2-0.6.6.12.jar
[17:29:51] [Server thread/DEBUG] [FML/]: Found a candidate zip or jar file JustFashion-1.11.2-0.1.2.0.jar
[17:29:51] [Server thread/DEBUG] [FML/]: Found a candidate zip or jar file llibrary-1.7.7-1.11.2.jar
[17:29:51] [Server thread/DEBUG] [FML/]: Found a candidate zip or jar file malisiscore-1.11.2-5.2.5.jar
[17:29:51] [Server thread/DEBUG] [FML/]: Found a candidate zip or jar file malisisdoors-1.11.2-6.1.3.jar
[17:29:51] [Server thread/DEBUG] [FML/]: Found a candidate zip or jar file Minions-1.11.2.jar
[17:29:51] [Server thread/DEBUG] [FML/]: Found a candidate zip or jar file mobtotems-1.11.2-0.3.0.jar
[17:29:51] [Server thread/DEBUG] [FML/]: Found a candidate zip or jar file mowziesmobs-1.4.0.jar
[17:29:51] [Server thread/DEBUG] [FML/]: Found a candidate zip or jar file NetherPortalFix_1.11.2-4.3.4.jar
[17:29:51] [Server thread/DEBUG] [FML/]: Found a candidate zip or jar file NotEnoughItems-1.11.2-2.3.0.227-universal.jar
[17:29:51] [Server thread/DEBUG] [FML/]: Found a candidate zip or jar file PersonalCars-1.2.2.jar
[17:29:51] [Server thread/DEBUG] [FML/]: Found a candidate zip or jar file placeableitems-3.0.4.1.jar
[17:29:51] [Server thread/DEBUG] [FML/]: Found a candidate zip or jar file SophisticatedWolves-1.11.2-3.9.1.jar
[17:29:51] [Server thread/DEBUG] [FML/]: Found a candidate zip or jar file sublib-1.11.2-1.2.0.1.jar
[17:29:51] [Server thread/DEBUG] [FML/]: Found a candidate zip or jar file Totemic-1.11.2-0.8.7.jar
[17:29:51] [Server thread/DEBUG] [FML/]: Found a candidate zip or jar file umbralux-1.11.2-2.0.1.2.jar
[17:29:51] [Server thread/DEBUG] [FML/]: Found a candidate zip or jar file Vampirism-1.11.2-1.2.3.jar
[17:29:51] [Server thread/DEBUG] [FML/]: Found a candidate zip or jar file Waila-1.7.1_1.11.2.jar
[17:29:51] [Server thread/DEBUG] [FML/]: Examining file forge-1.11.2-13.20.1.2588-universal.jar for potential mods
[17:29:51] [Server thread/DEBUG] [FML/]: The mod container forge-1.11.2-13.20.1.2588-universal.jar appears to be missing an mcmod.info file
[17:29:51] [Server thread/DEBUG] [FML/]: Examining file AdHooks-1.11.2-2.0.5.0-build.0086.jar for potential mods
[17:29:51] [Server thread/TRACE] [FML/]: Located mcmod.info file in file AdHooks-1.11.2-2.0.5.0-build.0086.jar
[17:29:51] [Server thread/DEBUG] [FML/]: Identified a mod of type Lnet/minecraftforge/fml/common/Mod; (com.endertech.minecraft.mods.adhooks.init.Main) - loading
[17:29:51] [Server thread/TRACE] [adhooks/]: Parsed dependency info : [forgeendertech@[1.11.2-2.2.0.0,)] [forgeendertech@[1.11.2-2.2.0.0,)] []
[17:29:51] [Server thread/DEBUG] [FML/]: Examining file AirSupport-0.2.0.jar for potential mods
[17:29:51] [Server thread/TRACE] [FML/]: Located mcmod.info file in file AirSupport-0.2.0.jar
[17:29:51] [Server thread/DEBUG] [FML/]: Identified a mod of type Lnet/minecraftforge/fml/common/Mod; (air_support.AirSupport) - loading
[17:29:51] [Server thread/TRACE] [air_support/]: Parsed dependency info : [] [*] []
[17:29:51] [Server thread/DEBUG] [FML/]: Examining file animania-1.11.2-1.4.2.jar for potential mods
[17:29:51] [Server thread/TRACE] [FML/]: Located mcmod.info file in file animania-1.11.2-1.4.2.jar
[17:29:51] [Server thread/DEBUG] [FML/]: Identified a mod of type Lnet/minecraftforge/fml/common/Mod; (com.animania.Animania) - loading
[17:29:51] [Server thread/TRACE] [animania/]: Parsed dependency info : [craftstudioapi, forge@[13.20.1.2386,)] [craftstudioapi, quark, botania, forge@[13.20.1.2386,)] []
[17:29:51] [Server thread/DEBUG] [FML/]: Examining file BiblioCraft[v2.3.3][MC1.11.2].jar for potential mods
[17:29:51] [Server thread/TRACE] [FML/]: Located mcmod.info file in file BiblioCraft[v2.3.3][MC1.11.2].jar
[17:29:51] [Server thread/DEBUG] [FML/]: Identified a mod of type Lnet/minecraftforge/fml/common/Mod; (jds.bibliocraft.BiblioCraft) - loading
[17:29:51] [Server thread/TRACE] [bibliocraft/]: Parsed dependency info : [] [] []
[17:29:51] [Server thread/DEBUG] [FML/]: Examining file CodeChickenLib-1.11.2-3.0.0.298-universal.jar for potential mods
[17:29:51] [Server thread/TRACE] [FML/]: Located mcmod.info file in file CodeChickenLib-1.11.2-3.0.0.298-universal.jar
[17:29:51] [Server thread/DEBUG] [FML/]: Identified a mod of type Lnet/minecraftforge/fml/common/Mod; (codechicken.lib.CodeChickenLib) - loading
[17:29:51] [Server thread/TRACE] [codechickenlib/]: Parsed dependency info : [] [] []
[17:29:51] [Server thread/DEBUG] [codechickenlib/]: Attempting to load the file version.properties from CodeChickenLib-1.11.2-3.0.0.298-universal.jar to locate a version number for codechickenlib
[17:29:51] [Server thread/WARN] [codechickenlib/]: Mod codechickenlib is missing the required element 'version' and a version.properties file could not be found. Falling back to metadata version 3.0.0.298
[17:29:51] [Server thread/DEBUG] [FML/]: Examining file compatlayer-1.11.2-0.2.5.jar for potential mods
[17:29:51] [Server thread/TRACE] [FML/]: Located mcmod.info file in file compatlayer-1.11.2-0.2.5.jar
[17:29:51] [Server thread/DEBUG] [FML/]: Examining file CraftStudioAPI-universal-0.3.0.86-mc1.11.2-beta.jar for potential mods
[17:29:51] [Server thread/TRACE] [FML/]: Located mcmod.info file in file CraftStudioAPI-universal-0.3.0.86-mc1.11.2-beta.jar
[17:29:51] [Server thread/DEBUG] [FML/]: Identified a mod of type Lnet/minecraftforge/fml/common/Mod; (com.leviathanstudio.craftstudio.CraftStudioApi) - loading
[17:29:51] [Server thread/TRACE] [craftstudioapi/]: Parsed dependency info : [] [] []
[17:29:51] [Server thread/DEBUG] [FML/]: Examining file CreativeCore v1.9.8 mc1.11.2.jar for potential mods
[17:29:51] [Server thread/TRACE] [FML/]: Located mcmod.info file in file CreativeCore v1.9.8 mc1.11.2.jar
[17:29:51] [Server thread/DEBUG] [FML/]: Identified a mod of type Lnet/minecraftforge/fml/common/Mod; (com.creativemd.creativecore.CreativeCore) - loading
[17:29:51] [Server thread/TRACE] [creativecore/]: Parsed dependency info : [] [] []
[17:29:51] [Server thread/DEBUG] [FML/]: Examining file CustomNPCs_1.11.2(29oct17).jar for potential mods
[17:29:51] [Server thread/TRACE] [FML/]: Located mcmod.info file in file CustomNPCs_1.11.2(29oct17).jar
[17:29:51] [Server thread/DEBUG] [FML/]: Identified a mod of type Lnet/minecraftforge/fml/common/Mod; (noppes.npcs.CustomNpcs) - loading
[17:29:51] [Server thread/TRACE] [customnpcs/]: Parsed dependency info : [] [] []
[17:29:51] [Server thread/DEBUG] [FML/]: Examining file CyclopsCore-1.11.2-0.10.9.jar for potential mods
[17:29:51] [Server thread/TRACE] [FML/]: Located mcmod.info file in file CyclopsCore-1.11.2-0.10.9.jar
[17:29:51] [Server thread/DEBUG] [FML/]: Identified a mod of type Lnet/minecraftforge/fml/common/Mod; (org.cyclops.cyclopscore.CyclopsCore) - loading
[17:29:51] [Server thread/TRACE] [cyclopscore/]: Parsed dependency info : [forge@[13.20.0.2282,)] [forge@[13.20.0.2282,)] []
[17:29:52] [Server thread/DEBUG] [FML/]: Examining file dailies-1.11.2-6.jar for potential mods
[17:29:52] [Server thread/TRACE] [FML/]: Located mcmod.info file in file dailies-1.11.2-6.jar
[17:29:52] [Server thread/DEBUG] [FML/]: Identified a mod of type Lnet/minecraftforge/fml/common/Mod; (net.torocraft.dailies.DailiesMod) - loading
[17:29:52] [Server thread/TRACE] [dailies/]: Parsed dependency info : [] [] []
[17:29:52] [Server thread/DEBUG] [dailies/]: Attempting to load the file version.properties from dailies-1.11.2-6.jar to locate a version number for dailies
[17:29:52] [Server thread/WARN] [dailies/]: Mod dailies is missing the required element 'version' and a version.properties file could not be found. Falling back to metadata version 1.11.2-6
[17:29:52] [Server thread/DEBUG] [FML/]: Examining file Deadly Monsters 1.6.jar for potential mods
[17:29:52] [Server thread/TRACE] [FML/]: Located mcmod.info file in file Deadly Monsters 1.6.jar
[17:29:52] [Server thread/DEBUG] [FML/]: Identified a mod of type Lnet/minecraftforge/fml/common/Mod; (com.dmonsters.main.MainMod) - loading
[17:29:52] [Server thread/TRACE] [dmonsters/]: Parsed dependency info : [] [] []
[17:29:52] [Server thread/DEBUG] [FML/]: Examining file dissolution-0.4.2.3.jar for potential mods
[17:29:52] [Server thread/TRACE] [FML/]: Located mcmod.info file in file dissolution-0.4.2.3.jar
[17:29:52] [Server thread/DEBUG] [FML/]: Identified a mod of type Lnet/minecraftforge/fml/common/Mod; (ladysnake.dissolution.common.Dissolution) - loading
[17:29:52] [Server thread/TRACE] [dissolution/]: Parsed dependency info : [] [] []
[17:29:52] [Server thread/DEBUG] [FML/]: Examining file DungeonDQ_Ver10.00_[MC1.11.2].jar for potential mods
[17:29:52] [Server thread/TRACE] [FML/]: Located mcmod.info file in file DungeonDQ_Ver10.00_[MC1.11.2].jar
[17:29:52] [Server thread/DEBUG] [FML/]: Identified a mod of type Lnet/minecraftforge/fml/common/Mod; (dungeondq.DungeonCore) - loading
[17:29:52] [Server thread/TRACE] [dungeondq/]: Parsed dependency info : [forge@[1.11.2-13.20.0.2228,)] [forge@[1.11.2-13.20.0.2228,)] []
[17:29:52] [Server thread/DEBUG] [FML/]: Examining file EvilCraft-1.11.2-0.10.30.jar for potential mods
[17:29:52] [Server thread/TRACE] [FML/]: Located mcmod.info file in file EvilCraft-1.11.2-0.10.30.jar
[17:29:52] [Server thread/DEBUG] [FML/]: Identified a mod of type Lnet/minecraftforge/fml/common/Mod; (org.cyclops.evilcraft.EvilCraft) - loading
[17:29:52] [Server thread/TRACE] [evilcraft/]: Parsed dependency info : [cyclopscore@[0.10.7,), forge@[13.20.0.2282,)] [forge@[13.20.0.2282,), cyclopscore@[0.10.7,)] []
[17:29:52] [Server thread/DEBUG] [FML/]: Identified a mod of type Lnet/minecraftforge/fml/common/Mod; (org.cyclops.evilcraftcompat.EvilCraftCompat) - loading
[17:29:52] [Server thread/TRACE] [evilcraftcompat/]: Parsed dependency info : [cyclopscore@[0.10.6,), forge@[13.20.0.2282,)] [forge@[13.20.0.2282,), cyclopscore@[0.10.6,), evilcraft] []
[17:29:52] [Server thread/DEBUG] [FML/]: Examining file extrautils2-1.11.2-1.6.7.jar for potential mods
[17:29:52] [Server thread/TRACE] [FML/]: Located mcmod.info file in file extrautils2-1.11.2-1.6.7.jar
[17:29:52] [Server thread/DEBUG] [FML/]: Identified a mod of type Lnet/minecraftforge/fml/common/Mod; (com.rwtema.extrautils2.ExtraUtils2) - loading
[17:29:52] [Server thread/TRACE] [extrautils2/]: Parsed dependency info : [] [] []
[17:29:52] [Server thread/INFO] [extrautils2/]: Mod extrautils2 is missing the required element 'name'. Substituting extrautils2
[17:29:52] [Server thread/DEBUG] [FML/]: Examining file fairylights-2.1.1-1.11.x.jar for potential mods
[17:29:52] [Server thread/TRACE] [FML/]: Located mcmod.info file in file fairylights-2.1.1-1.11.x.jar
[17:29:52] [Server thread/DEBUG] [FML/]: Identified a mod of type Lnet/minecraftforge/fml/common/Mod; (com.pau101.fairylights.FairyLights) - loading
[17:29:52] [Server thread/TRACE] [fairylights/]: Parsed dependency info : [forge@[13.19.1.2199,)] [forge@[13.19.1.2199,)] []
[17:29:52] [Server thread/DEBUG] [FML/]: Examining file ForgeEndertech-1.11.2-2.2.0.0-build.0086.jar for potential mods
[17:29:52] [Server thread/TRACE] [FML/]: Located mcmod.info file in file ForgeEndertech-1.11.2-2.2.0.0-build.0086.jar
[17:29:52] [Server thread/DEBUG] [FML/]: Identified a mod of type Lnet/minecraftforge/fml/common/Mod; (com.endertech.minecraft.forge.ForgeMain) - loading
[17:29:52] [Server thread/TRACE] [forgeendertech/]: Parsed dependency info : [] [] []
[17:29:52] [Server thread/DEBUG] [FML/]: Examining file iceandfire-1.2.1.jar for potential mods
[17:29:52] [Server thread/TRACE] [FML/]: Located mcmod.info file in file iceandfire-1.2.1.jar
[17:29:52] [Server thread/DEBUG] [FML/]: Identified a mod of type Lnet/minecraftforge/fml/common/Mod; (com.github.alexthe666.iceandfire.IceAndFire) - loading
[17:29:52] [Server thread/TRACE] [iceandfire/]: Parsed dependency info : [llibrary@[1.7.7,)] [llibrary@[1.7.7,)] []
[17:29:52] [Server thread/DEBUG] [FML/]: Examining file jei_1.11.2-4.5.1.296.jar for potential mods
[17:29:52] [Server thread/TRACE] [FML/]: Located mcmod.info file in file jei_1.11.2-4.5.1.296.jar
[17:29:52] [Server thread/DEBUG] [FML/]: Identified a mod of type Lnet/minecraftforge/fml/common/Mod; (mezz.jei.JustEnoughItems) - loading
[17:29:52] [Server thread/TRACE] [jei/]: Parsed dependency info : [forge@[13.20.0.2222,)] [forge@[13.20.0.2222,)] []
[17:29:52] [Server thread/DEBUG] [FML/]: Examining file journeymap-1.11.2-5.5.2.jar for potential mods
[17:29:52] [Server thread/TRACE] [FML/]: Located mcmod.info file in file journeymap-1.11.2-5.5.2.jar
[17:29:52] [Server thread/DEBUG] [FML/]: Identified a mod of type Lnet/minecraftforge/fml/common/Mod; (journeymap.common.Journeymap) - loading
[17:29:52] [Server thread/TRACE] [journeymap/]: Using mcmod dependency info : [] [Forge@[13.20.1.2386,)] []
[17:29:52] [Server thread/DEBUG] [FML/]: Examining file JustEnoughResources-1.11.2-0.6.6.12.jar for potential mods
[17:29:52] [Server thread/TRACE] [FML/]: Located mcmod.info file in file JustEnoughResources-1.11.2-0.6.6.12.jar
[17:29:52] [Server thread/DEBUG] [FML/]: Identified a mod of type Lnet/minecraftforge/fml/common/Mod; (jeresources.JEResources) - loading
[17:29:52] [Server thread/INFO] [FML/]: Disabling mod jeresources it is client side only.
[17:29:52] [Server thread/DEBUG] [FML/]: Skipping mod jeresources.JEResources, container opted to not load.
[17:29:52] [Server thread/DEBUG] [FML/]: Examining file JustFashion-1.11.2-0.1.2.0.jar for potential mods
[17:29:52] [Server thread/DEBUG] [FML/]: The mod container JustFashion-1.11.2-0.1.2.0.jar appears to be missing an mcmod.info file
[17:29:52] [Server thread/DEBUG] [FML/]: Identified a mod of type Lnet/minecraftforge/fml/common/Mod; (subaraki.fashion.mod.Fashion) - loading
[17:29:52] [Server thread/TRACE] [fashion/]: Parsed dependency info : [subcommonlib] [subcommonlib] []
[17:29:52] [Server thread/DEBUG] [FML/]: Examining file llibrary-1.7.7-1.11.2.jar for potential mods
[17:29:52] [Server thread/TRACE] [FML/]: Located mcmod.info file in file llibrary-1.7.7-1.11.2.jar
[17:29:52] [Server thread/DEBUG] [FML/]: Identified a mod of type Lnet/minecraftforge/fml/common/Mod; (net.ilexiconn.llibrary.LLibrary) - loading
[17:29:52] [Server thread/TRACE] [llibrary/]: Parsed dependency info : [] [] []
[17:29:52] [Server thread/DEBUG] [FML/]: Examining file malisiscore-1.11.2-5.2.5.jar for potential mods
[17:29:52] [Server thread/TRACE] [FML/]: Located mcmod.info file in file malisiscore-1.11.2-5.2.5.jar
[17:29:52] [Server thread/DEBUG] [FML/]: Identified a mod of type Lnet/minecraftforge/fml/common/Mod; (net.malisis.core.MalisisCore) - loading
[17:29:52] [Server thread/TRACE] [malisiscore/]: Parsed dependency info : [] [] []
[17:29:52] [Server thread/DEBUG] [FML/]: Examining file malisisdoors-1.11.2-6.1.3.jar for potential mods
[17:29:52] [Server thread/TRACE] [FML/]: Located mcmod.info file in file malisisdoors-1.11.2-6.1.3.jar
[17:29:52] [Server thread/DEBUG] [FML/]: Identified a mod of type Lnet/minecraftforge/fml/common/Mod; (net.malisis.doors.MalisisDoors) - loading
[17:29:52] [Server thread/TRACE] [malisisdoors/]: Parsed dependency info : [malisiscore] [malisiscore] []
[17:29:52] [Server thread/DEBUG] [FML/]: Examining file Minions-1.11.2.jar for potential mods
[17:29:52] [Server thread/TRACE] [FML/]: Located mcmod.info file in file Minions-1.11.2.jar
[17:29:52] [Server thread/DEBUG] [FML/]: Identified a mod of type Lnet/minecraftforge/fml/common/Mod; (atomicstryker.minions.common.MinionsCore) - loading
[17:29:52] [Server thread/TRACE] [minions/]: Parsed dependency info : [] [] []
[17:29:52] [Server thread/DEBUG] [FML/]: Examining file mobtotems-1.11.2-0.3.0.jar for potential mods
[17:29:52] [Server thread/TRACE] [FML/]: Located mcmod.info file in file mobtotems-1.11.2-0.3.0.jar
[17:29:52] [Server thread/DEBUG] [FML/]: Identified a mod of type Lnet/minecraftforge/fml/common/Mod; (com.corwinjv.mobtotems.MobTotems) - loading
[17:29:52] [Server thread/TRACE] [mobtotems/]: Parsed dependency info : [] [] [guideapi]
[17:29:52] [Server thread/DEBUG] [FML/]: Examining file mowziesmobs-1.4.0.jar for potential mods
[17:29:52] [Server thread/TRACE] [FML/]: Located mcmod.info file in file mowziesmobs-1.4.0.jar
[17:29:52] [Server thread/DEBUG] [FML/]: Identified a mod of type Lnet/minecraftforge/fml/common/Mod; (com.bobmowzie.mowziesmobs.MowziesMobs) - loading
[17:29:52] [Server thread/TRACE] [mowziesmobs/]: Using mcmod dependency info : [] [llibrary@[1.7.4,)] []
[17:29:52] [Server thread/DEBUG] [FML/]: Examining file NetherPortalFix_1.11.2-4.3.4.jar for potential mods
[17:29:52] [Server thread/DEBUG] [FML/]: The mod container NetherPortalFix_1.11.2-4.3.4.jar appears to be missing an mcmod.info file
[17:29:52] [Server thread/DEBUG] [FML/]: Identified a mod of type Lnet/minecraftforge/fml/common/Mod; (net.blay09.mods.netherportalfix.NetherPortalFix) - loading
[17:29:52] [Server thread/TRACE] [netherportalfix/]: Parsed dependency info : [] [] []
[17:29:52] [Server thread/DEBUG] [netherportalfix/]: Attempting to load the file version.properties from NetherPortalFix_1.11.2-4.3.4.jar to locate a version number for netherportalfix
[17:29:52] [Server thread/WARN] [netherportalfix/]: Mod netherportalfix is missing the required element 'version' and no fallback can be found. Substituting '1.0'.
[17:29:52] [Server thread/DEBUG] [FML/]: Examining file NotEnoughItems-1.11.2-2.3.0.227-universal.jar for potential mods
[17:29:52] [Server thread/TRACE] [FML/]: Located mcmod.info file in file NotEnoughItems-1.11.2-2.3.0.227-universal.jar
[17:29:52] [Server thread/DEBUG] [FML/]: Identified a mod of type Lnet/minecraftforge/fml/common/Mod; (codechicken.nei.NotEnoughItems) - loading
[17:29:52] [Server thread/TRACE] [nei/]: Parsed dependency info : [jei@[4.5.0.,), codechickenlib@[3.0.0,)] [codechickenlib@[3.0.0,), jei@[4.5.0.,)] []
[17:29:52] [Server thread/DEBUG] [FML/]: Examining file PersonalCars-1.2.2.jar for potential mods
[17:29:52] [Server thread/TRACE] [FML/]: Located mcmod.info file in file PersonalCars-1.2.2.jar
[17:29:52] [Server thread/DEBUG] [FML/]: Identified a mod of type Lnet/minecraftforge/fml/common/Mod; (com.personalcars.PersonalCars) - loading
[17:29:52] [Server thread/TRACE] [personalcars/]: Parsed dependency info : [] [] []
[17:29:52] [Server thread/DEBUG] [FML/]: Examining file placeableitems-3.0.4.1.jar for potential mods
[17:29:52] [Server thread/TRACE] [FML/]: Located mcmod.info file in file placeableitems-3.0.4.1.jar
[17:29:52] [Server thread/DEBUG] [FML/]: Identified a mod of type Lnet/minecraftforge/fml/common/Mod; (me.ferdz.placeableitems.PlaceableItems) - loading
[17:29:52] [Server thread/TRACE] [placeableitems/]: Parsed dependency info : [] [] []
[17:29:52] [Server thread/DEBUG] [FML/]: Examining file SophisticatedWolves-1.11.2-3.9.1.jar for potential mods
[17:29:52] [Server thread/TRACE] [FML/]: Located mcmod.info file in file SophisticatedWolves-1.11.2-3.9.1.jar
[17:29:52] [Server thread/DEBUG] [FML/]: Identified a mod of type Lnet/minecraftforge/fml/common/Mod; (sophisticated_wolves.SophisticatedWolvesMod) - loading
[17:29:52] [Server thread/TRACE] [sophisticatedwolves/]: Parsed dependency info : [] [] []
[17:29:52] [Server thread/DEBUG] [FML/]: Examining file sublib-1.11.2-1.2.0.1.jar for potential mods
[17:29:52] [Server thread/DEBUG] [FML/]: The mod container sublib-1.11.2-1.2.0.1.jar appears to be missing an mcmod.info file
[17:29:52] [Server thread/DEBUG] [FML/]: Identified a mod of type Lnet/minecraftforge/fml/common/Mod; (lib.Lib) - loading
[17:29:52] [Server thread/TRACE] [subcommonlib/]: Parsed dependency info : [] [] []
[17:29:52] [Server thread/DEBUG] [FML/]: Examining file Totemic-1.11.2-0.8.7.jar for potential mods
[17:29:52] [Server thread/TRACE] [FML/]: Located mcmod.info file in file Totemic-1.11.2-0.8.7.jar
[17:29:52] [Server thread/DEBUG] [FML/]: Identified a mod of type Lnet/minecraftforge/fml/common/Mod; (totemic_commons.pokefenn.Totemic) - loading
[17:29:52] [Server thread/TRACE] [totemic/]: Parsed dependency info : [forge@[13.20.0.2284,)] [forge@[13.20.0.2284,)] []
[17:29:52] [Server thread/DEBUG] [FML/]: Examining file umbralux-1.11.2-2.0.1.2.jar for potential mods
[17:29:52] [Server thread/DEBUG] [FML/]: The mod container umbralux-1.11.2-2.0.1.2.jar appears to be missing an mcmod.info file
[17:29:52] [Server thread/DEBUG] [FML/]: Identified a mod of type Lnet/minecraftforge/fml/common/Mod; (subaraki.umbralux.mod.AddonUmbraLux) - loading
[17:29:52] [Server thread/TRACE] [umbralux/]: Parsed dependency info : [subcommonlib@[1.2,)] [subcommonlib@[1.2,)] []
[17:29:52] [Server thread/DEBUG] [FML/]: Examining file Vampirism-1.11.2-1.2.3.jar for potential mods
[17:29:52] [Server thread/TRACE] [FML/]: Located mcmod.info file in file Vampirism-1.11.2-1.2.3.jar
[17:29:53] [Server thread/DEBUG] [FML/]: Identified a mod of type Lnet/minecraftforge/fml/common/Mod; (de.teamlapen.vampirism.VampirismMod) - loading
[17:29:53] [Server thread/TRACE] [vampirism/]: Parsed dependency info : [forge@[13.20.1.2386,)] [forge@[13.20.1.2386,), guideapi] []
[17:29:53] [Server thread/DEBUG] [FML/]: Identified a mod of type Lnet/minecraftforge/fml/common/Mod; (de.teamlapen.lib.VampLib) - loading
[17:29:53] [Server thread/TRACE] [teamlapen-lib/]: Parsed dependency info : [forge@[13.20.1.2386,)] [forge@[13.20.1.2386,)] []
[17:29:53] [Server thread/DEBUG] [FML/]: Examining file Waila-1.7.1_1.11.2.jar for potential mods
[17:29:53] [Server thread/TRACE] [FML/]: Located mcmod.info file in file Waila-1.7.1_1.11.2.jar
[17:29:53] [Server thread/DEBUG] [FML/]: Identified a mod of type Lnet/minecraftforge/fml/common/Mod; (mcp.mobius.waila.Waila) - loading
[17:29:53] [Server thread/TRACE] [waila/]: Parsed dependency info : [] [] []
[17:29:53] [Server thread/INFO] [FML/]: Forge Mod Loader has identified 45 mods to load
[17:29:53] [Server thread/DEBUG] [FML/]: Found API de.teamlapen.vampirism.api (owned by vampirism providing VampirismAPI) embedded in vampirism
[17:29:53] [Server thread/DEBUG] [FML/]: Found API de.teamlapen.vampirism.api (owned by vampirism providing VampirismAPI) embedded in teamlapen-lib
[17:29:53] [Server thread/DEBUG] [FML/]: Found API noppes.npcs.api.constants (owned by customnpcs providing Core|Constants) embedded in customnpcs
[17:29:53] [Server thread/DEBUG] [FML/]: Found API noppes.npcs.api.event (owned by customnpcs providing Core|Events) embedded in customnpcs
[17:29:53] [Server thread/DEBUG] [FML/]: Found API noppes.npcs.api (owned by customnpcs providing Core) embedded in customnpcs
[17:29:53] [Server thread/DEBUG] [FML/]: Found API baubles.api (owned by Baubles providing Baubles|API) embedded in mobtotems
[17:29:53] [Server thread/DEBUG] [FML/]: Found API noppes.npcs.api.block (owned by customnpcs providing Core|Blocks) embedded in customnpcs
[17:29:53] [Server thread/DEBUG] [FML/]: Found API noppes.npcs.api.handler.data (owned by customnpcs providing Core|Handlers|Data) embedded in customnpcs
[17:29:53] [Server thread/DEBUG] [FML/]: Found API noppes.npcs.api.entity (owned by customnpcs providing Core|Entities) embedded in customnpcs
[17:29:53] [Server thread/DEBUG] [FML/]: Found API mcp.mobius.waila.api (owned by Waila providing WailaAPI) embedded in waila
[17:29:53] [Server thread/DEBUG] [FML/]: Found API cofh.api (owned by cofhlib providing cofhapi) embedded in animania
[17:29:53] [Server thread/DEBUG] [FML/]: Found API noppes.npcs.api.entity.data.role (owned by customnpcs providing Core|Entities|Data) embedded in customnpcs
[17:29:53] [Server thread/DEBUG] [FML/]: Found API journeymap.client.api.model (owned by journeymap providing journeymap|client-api-model) embedded in journeymap
[17:29:53] [Server thread/DEBUG] [FML/]: Found API noppes.npcs.api.entity.data (owned by customnpcs providing Core|Entities|Data|Role) embedded in customnpcs
[17:29:53] [Server thread/DEBUG] [FML/]: Found API journeymap.client.api (owned by journeymap providing journeymap|client-api) embedded in journeymap
[17:29:53] [Server thread/DEBUG] [FML/]: Found API journeymap.client.api.display (owned by journeymap providing journeymap|client-api-display) embedded in journeymap
[17:29:53] [Server thread/DEBUG] [FML/]: Found API journeymap.client.api.util (owned by journeymap providing journeymap|client-api-util) embedded in journeymap
[17:29:53] [Server thread/DEBUG] [FML/]: Found API totemic_commons.pokefenn.api (owned by totemic providing totemic|API) embedded in totemic
[17:29:53] [Server thread/DEBUG] [FML/]: Found API mezz.jei.api (owned by jei providing JustEnoughItemsAPI) embedded in jei
[17:29:53] [Server thread/DEBUG] [FML/]: Found API journeymap.client.api.event (owned by journeymap providing journeymap|client-api-event) embedded in journeymap
[17:29:53] [Server thread/DEBUG] [FML/]: Found API cofh.api.energy (owned by cofhapi providing cofhapi|energy) embedded in animania
[17:29:53] [Server thread/DEBUG] [FML/]: Found API noppes.npcs.api.handler (owned by customnpcs providing Core|Handlers) embedded in customnpcs
[17:29:53] [Server thread/DEBUG] [FML/]: Found API fossilsarcheology.api (owned by FossilsRevivalTeam providing FossilArcheologyAPI) embedded in iceandfire
[17:29:53] [Server thread/DEBUG] [FML/]: Creating API container dummy for API Baubles|API: owner: Baubles, dependents: [mobtotems]
[17:29:53] [Server thread/DEBUG] [FML/]: Creating API container dummy for API Core|Events: owner: customnpcs, dependents: []
[17:29:53] [Server thread/DEBUG] [FML/]: Creating API container dummy for API JustEnoughItemsAPI: owner: jei, dependents: []
[17:29:53] [Server thread/DEBUG] [FML/]: Creating API container dummy for API Core|Handlers: owner: customnpcs, dependents: []
[17:29:53] [Server thread/DEBUG] [FML/]: Creating API container dummy for API journeymap|client-api-display: owner: journeymap, dependents: []
[17:29:53] [Server thread/DEBUG] [FML/]: Creating API container dummy for API WailaAPI: owner: Waila, dependents: [waila]
[17:29:53] [Server thread/DEBUG] [FML/]: Creating API container dummy for API Core|Entities: owner: customnpcs, dependents: []
[17:29:53] [Server thread/DEBUG] [FML/]: Creating API container dummy for API totemic|API: owner: totemic, dependents: []
[17:29:53] [Server thread/DEBUG] [FML/]: Creating API container dummy for API cofhapi: owner: cofhlib, dependents: [animania]
[17:29:53] [Server thread/DEBUG] [FML/]: Creating API container dummy for API FossilArcheologyAPI: owner: FossilsRevivalTeam, dependents: [iceandfire]
[17:29:53] [Server thread/DEBUG] [FML/]: Creating API container dummy for API VampirismAPI: owner: vampirism, dependents: [teamlapen-lib]
[17:29:53] [Server thread/DEBUG] [FML/]: Creating API container dummy for API Core|Blocks: owner: customnpcs, dependents: []
[17:29:53] [Server thread/DEBUG] [FML/]: Creating API container dummy for API compatlayer: owner: McJty, dependents: []
[17:29:53] [Server thread/DEBUG] [FML/]: Creating API container dummy for API jeresources|API: owner: jeresources, dependents: []
[17:29:53] [Server thread/DEBUG] [FML/]: Creating API container dummy for API Core|Handlers|Data: owner: customnpcs, dependents: []
[17:29:53] [Server thread/DEBUG] [FML/]: Creating API container dummy for API journeymap|client-api-model: owner: journeymap, dependents: []
[17:29:53] [Server thread/DEBUG] [FML/]: Creating API container dummy for API journeymap|client-api: owner: journeymap, dependents: []
[17:29:53] [Server thread/DEBUG] [FML/]: Creating API container dummy for API journeymap|client-api-event: owner: journeymap, dependents: []
[17:29:53] [Server thread/DEBUG] [FML/]: Creating API container dummy for API journeymap|client-api-util: owner: journeymap, dependents: []
[17:29:53] [Server thread/DEBUG] [FML/]: Creating API container dummy for API Core|Constants: owner: customnpcs, dependents: []
[17:29:53] [Server thread/TRACE] [FML/]: Removing upstream parent cofhlib from APIContainer{cofhapi|energy:1.5.0}
[17:29:53] [Server thread/DEBUG] [FML/]: Creating API container dummy for API cofhapi|energy: owner: cofhapi, dependents: [animania]
[17:29:53] [Server thread/DEBUG] [FML/]: Creating API container dummy for API Core|Entities|Data|Role: owner: customnpcs, dependents: []
[17:29:53] [Server thread/DEBUG] [FML/]: Creating API container dummy for API Core|Entities|Data: owner: customnpcs, dependents: []
[17:29:53] [Server thread/DEBUG] [FML/]: Creating API container dummy for API Core: owner: customnpcs, dependents: []
[17:29:53] [Server thread/TRACE] [FML/]: Received a system property request ''
[17:29:53] [Server thread/TRACE] [FML/]: System property request managing the state of 0 mods
[17:29:53] [Server thread/DEBUG] [FML/]: After merging, found state information for 0 mods
[17:29:53] [Server thread/WARN] [FML/]: Missing English translation for minecraft: minecraft.jar (No such file or directory)
java.io.FileNotFoundException: minecraft.jar (No such file or directory)
	at java.util.zip.ZipFile.open(Native Method) ~[?:1.8.0_492]
	at java.util.zip.ZipFile.<init>(ZipFile.java:231) ~[?:1.8.0_492]
	at java.util.zip.ZipFile.<init>(ZipFile.java:157) ~[?:1.8.0_492]
	at java.util.zip.ZipFile.<init>(ZipFile.java:171) ~[?:1.8.0_492]
	at net.minecraftforge.fml.server.FMLServerHandler.addModAsResource(FMLServerHandler.java:258) [FMLServerHandler.class:?]
	at net.minecraftforge.fml.common.FMLCommonHandler.addModToResourcePack(FMLCommonHandler.java:539) [FMLCommonHandler.class:?]
	at net.minecraftforge.fml.common.LoadController.buildModList(LoadController.java:130) [LoadController.class:?]
	at sun.reflect.NativeMethodAccessorImpl.invoke0(Native Method) ~[?:1.8.0_492]
	at sun.reflect.NativeMethodAccessorImpl.invoke(NativeMethodAccessorImpl.java:62) ~[?:1.8.0_492]
	at sun.reflect.DelegatingMethodAccessorImpl.invoke(DelegatingMethodAccessorImpl.java:43) ~[?:1.8.0_492]
	at java.lang.reflect.Method.invoke(Method.java:498) ~[?:1.8.0_492]
	at com.google.common.eventbus.EventSubscriber.handleEvent(EventSubscriber.java:74) [minecraft_server.1.11.2.jar:?]
	at com.google.common.eventbus.SynchronizedEventSubscriber.handleEvent(SynchronizedEventSubscriber.java:47) [minecraft_server.1.11.2.jar:?]
	at com.google.common.eventbus.EventBus.dispatch(EventBus.java:322) [minecraft_server.1.11.2.jar:?]
	at com.google.common.eventbus.EventBus.dispatchQueuedEvents(EventBus.java:304) [minecraft_server.1.11.2.jar:?]
	at com.google.common.eventbus.EventBus.post(EventBus.java:275) [minecraft_server.1.11.2.jar:?]
	at net.minecraftforge.fml.common.LoadController.distributeStateMessage(LoadController.java:338) [LoadController.class:?]
	at net.minecraftforge.fml.common.Loader.loadMods(Loader.java:557) [Loader.class:?]
	at net.minecraftforge.fml.server.FMLServerHandler.beginServerLoading(FMLServerHandler.java:99) [FMLServerHandler.class:?]
	at net.minecraftforge.fml.common.FMLCommonHandler.onServerStart(FMLCommonHandler.java:332) [FMLCommonHandler.class:?]
	at net.minecraft.server.dedicated.DedicatedServer.func_71197_b(DedicatedServer.java:121) [lh.class:?]
	at net.minecraft.server.MinecraftServer.run(MinecraftServer.java:442) [MinecraftServer.class:?]
	at java.lang.Thread.run(Thread.java:750) [?:1.8.0_492]
[17:29:53] [Server thread/WARN] [FML/]: Missing English translation for mcp: minecraft.jar (No such file or directory)
java.io.FileNotFoundException: minecraft.jar (No such file or directory)
	at java.util.zip.ZipFile.open(Native Method) ~[?:1.8.0_492]
	at java.util.zip.ZipFile.<init>(ZipFile.java:231) ~[?:1.8.0_492]
	at java.util.zip.ZipFile.<init>(ZipFile.java:157) ~[?:1.8.0_492]
	at java.util.zip.ZipFile.<init>(ZipFile.java:171) ~[?:1.8.0_492]
	at net.minecraftforge.fml.server.FMLServerHandler.addModAsResource(FMLServerHandler.java:258) [FMLServerHandler.class:?]
	at net.minecraftforge.fml.common.FMLCommonHandler.addModToResourcePack(FMLCommonHandler.java:539) [FMLCommonHandler.class:?]
	at net.minecraftforge.fml.common.LoadController.buildModList(LoadController.java:130) [LoadController.class:?]
	at sun.reflect.NativeMethodAccessorImpl.invoke0(Native Method) ~[?:1.8.0_492]
	at sun.reflect.NativeMethodAccessorImpl.invoke(NativeMethodAccessorImpl.java:62) ~[?:1.8.0_492]
	at sun.reflect.DelegatingMethodAccessorImpl.invoke(DelegatingMethodAccessorImpl.java:43) ~[?:1.8.0_492]
	at java.lang.reflect.Method.invoke(Method.java:498) ~[?:1.8.0_492]
	at com.google.common.eventbus.EventSubscriber.handleEvent(EventSubscriber.java:74) [minecraft_server.1.11.2.jar:?]
	at com.google.common.eventbus.SynchronizedEventSubscriber.handleEvent(SynchronizedEventSubscriber.java:47) [minecraft_server.1.11.2.jar:?]
	at com.google.common.eventbus.EventBus.dispatch(EventBus.java:322) [minecraft_server.1.11.2.jar:?]
	at com.google.common.eventbus.EventBus.dispatchQueuedEvents(EventBus.java:304) [minecraft_server.1.11.2.jar:?]
	at com.google.common.eventbus.EventBus.post(EventBus.java:275) [minecraft_server.1.11.2.jar:?]
	at net.minecraftforge.fml.common.LoadController.distributeStateMessage(LoadController.java:338) [LoadController.class:?]
	at net.minecraftforge.fml.common.Loader.loadMods(Loader.java:557) [Loader.class:?]
	at net.minecraftforge.fml.server.FMLServerHandler.beginServerLoading(FMLServerHandler.java:99) [FMLServerHandler.class:?]
	at net.minecraftforge.fml.common.FMLCommonHandler.onServerStart(FMLCommonHandler.java:332) [FMLCommonHandler.class:?]
	at net.minecraft.server.dedicated.DedicatedServer.func_71197_b(DedicatedServer.java:121) [lh.class:?]
	at net.minecraft.server.MinecraftServer.run(MinecraftServer.java:442) [MinecraftServer.class:?]
	at java.lang.Thread.run(Thread.java:750) [?:1.8.0_492]
[17:29:53] [Server thread/WARN] [FML/]: Missing English translation for FML: assets/fml/lang/en_us.lang
java.io.FileNotFoundException: assets/fml/lang/en_us.lang
	at net.minecraftforge.fml.server.FMLServerHandler.addModAsResource(FMLServerHandler.java:261) [FMLServerHandler.class:?]
	at net.minecraftforge.fml.common.FMLCommonHandler.addModToResourcePack(FMLCommonHandler.java:539) [FMLCommonHandler.class:?]
	at net.minecraftforge.fml.common.LoadController.buildModList(LoadController.java:130) [LoadController.class:?]
	at sun.reflect.NativeMethodAccessorImpl.invoke0(Native Method) ~[?:1.8.0_492]
	at sun.reflect.NativeMethodAccessorImpl.invoke(NativeMethodAccessorImpl.java:62) ~[?:1.8.0_492]
	at sun.reflect.DelegatingMethodAccessorImpl.invoke(DelegatingMethodAccessorImpl.java:43) ~[?:1.8.0_492]
	at java.lang.reflect.Method.invoke(Method.java:498) ~[?:1.8.0_492]
	at com.google.common.eventbus.EventSubscriber.handleEvent(EventSubscriber.java:74) [minecraft_server.1.11.2.jar:?]
	at com.google.common.eventbus.SynchronizedEventSubscriber.handleEvent(SynchronizedEventSubscriber.java:47) [minecraft_server.1.11.2.jar:?]
	at com.google.common.eventbus.EventBus.dispatch(EventBus.java:322) [minecraft_server.1.11.2.jar:?]
	at com.google.common.eventbus.EventBus.dispatchQueuedEvents(EventBus.java:304) [minecraft_server.1.11.2.jar:?]
	at com.google.common.eventbus.EventBus.post(EventBus.java:275) [minecraft_server.1.11.2.jar:?]
	at net.minecraftforge.fml.common.LoadController.distributeStateMessage(LoadController.java:338) [LoadController.class:?]
	at net.minecraftforge.fml.common.Loader.loadMods(Loader.java:557) [Loader.class:?]
	at net.minecraftforge.fml.server.FMLServerHandler.beginServerLoading(FMLServerHandler.java:99) [FMLServerHandler.class:?]
	at net.minecraftforge.fml.common.FMLCommonHandler.onServerStart(FMLCommonHandler.java:332) [FMLCommonHandler.class:?]
	at net.minecraft.server.dedicated.DedicatedServer.func_71197_b(DedicatedServer.java:121) [lh.class:?]
	at net.minecraft.server.MinecraftServer.run(MinecraftServer.java:442) [MinecraftServer.class:?]
	at java.lang.Thread.run(Thread.java:750) [?:1.8.0_492]
[17:29:53] [Server thread/WARN] [FML/]: Missing English translation for creativecoredummy: minecraft.jar (No such file or directory)
java.io.FileNotFoundException: minecraft.jar (No such file or directory)
	at java.util.zip.ZipFile.open(Native Method) ~[?:1.8.0_492]
	at java.util.zip.ZipFile.<init>(ZipFile.java:231) ~[?:1.8.0_492]
	at java.util.zip.ZipFile.<init>(ZipFile.java:157) ~[?:1.8.0_492]
	at java.util.zip.ZipFile.<init>(ZipFile.java:171) ~[?:1.8.0_492]
	at net.minecraftforge.fml.server.FMLServerHandler.addModAsResource(FMLServerHandler.java:258) [FMLServerHandler.class:?]
	at net.minecraftforge.fml.common.FMLCommonHandler.addModToResourcePack(FMLCommonHandler.java:539) [FMLCommonHandler.class:?]
	at net.minecraftforge.fml.common.LoadController.buildModList(LoadController.java:130) [LoadController.class:?]
	at sun.reflect.NativeMethodAccessorImpl.invoke0(Native Method) ~[?:1.8.0_492]
	at sun.reflect.NativeMethodAccessorImpl.invoke(NativeMethodAccessorImpl.java:62) ~[?:1.8.0_492]
	at sun.reflect.DelegatingMethodAccessorImpl.invoke(DelegatingMethodAccessorImpl.java:43) ~[?:1.8.0_492]
	at java.lang.reflect.Method.invoke(Method.java:498) ~[?:1.8.0_492]
	at com.google.common.eventbus.EventSubscriber.handleEvent(EventSubscriber.java:74) [minecraft_server.1.11.2.jar:?]
	at com.google.common.eventbus.SynchronizedEventSubscriber.handleEvent(SynchronizedEventSubscriber.java:47) [minecraft_server.1.11.2.jar:?]
	at com.google.common.eventbus.EventBus.dispatch(EventBus.java:322) [minecraft_server.1.11.2.jar:?]
	at com.google.common.eventbus.EventBus.dispatchQueuedEvents(EventBus.java:304) [minecraft_server.1.11.2.jar:?]
	at com.google.common.eventbus.EventBus.post(EventBus.java:275) [minecraft_server.1.11.2.jar:?]
	at net.minecraftforge.fml.common.LoadController.distributeStateMessage(LoadController.java:338) [LoadController.class:?]
	at net.minecraftforge.fml.common.Loader.loadMods(Loader.java:557) [Loader.class:?]
	at net.minecraftforge.fml.server.FMLServerHandler.beginServerLoading(FMLServerHandler.java:99) [FMLServerHandler.class:?]
	at net.minecraftforge.fml.common.FMLCommonHandler.onServerStart(FMLCommonHandler.java:332) [FMLCommonHandler.class:?]
	at net.minecraft.server.dedicated.DedicatedServer.func_71197_b(DedicatedServer.java:121) [lh.class:?]
	at net.minecraft.server.MinecraftServer.run(MinecraftServer.java:442) [MinecraftServer.class:?]
	at java.lang.Thread.run(Thread.java:750) [?:1.8.0_492]
[17:29:53] [Server thread/WARN] [FML/]: Missing English translation for itemphysic: minecraft.jar (No such file or directory)
java.io.FileNotFoundException: minecraft.jar (No such file or directory)
	at java.util.zip.ZipFile.open(Native Method) ~[?:1.8.0_492]
	at java.util.zip.ZipFile.<init>(ZipFile.java:231) ~[?:1.8.0_492]
	at java.util.zip.ZipFile.<init>(ZipFile.java:157) ~[?:1.8.0_492]
	at java.util.zip.ZipFile.<init>(ZipFile.java:171) ~[?:1.8.0_492]
	at net.minecraftforge.fml.server.FMLServerHandler.addModAsResource(FMLServerHandler.java:258) [FMLServerHandler.class:?]
	at net.minecraftforge.fml.common.FMLCommonHandler.addModToResourcePack(FMLCommonHandler.java:539) [FMLCommonHandler.class:?]
	at net.minecraftforge.fml.common.LoadController.buildModList(LoadController.java:130) [LoadController.class:?]
	at sun.reflect.NativeMethodAccessorImpl.invoke0(Native Method) ~[?:1.8.0_492]
	at sun.reflect.NativeMethodAccessorImpl.invoke(NativeMethodAccessorImpl.java:62) ~[?:1.8.0_492]
	at sun.reflect.DelegatingMethodAccessorImpl.invoke(DelegatingMethodAccessorImpl.java:43) ~[?:1.8.0_492]
	at java.lang.reflect.Method.invoke(Method.java:498) ~[?:1.8.0_492]
	at com.google.common.eventbus.EventSubscriber.handleEvent(EventSubscriber.java:74) [minecraft_server.1.11.2.jar:?]
	at com.google.common.eventbus.SynchronizedEventSubscriber.handleEvent(SynchronizedEventSubscriber.java:47) [minecraft_server.1.11.2.jar:?]
	at com.google.common.eventbus.EventBus.dispatch(EventBus.java:322) [minecraft_server.1.11.2.jar:?]
	at com.google.common.eventbus.EventBus.dispatchQueuedEvents(EventBus.java:304) [minecraft_server.1.11.2.jar:?]
	at com.google.common.eventbus.EventBus.post(EventBus.java:275) [minecraft_server.1.11.2.jar:?]
	at net.minecraftforge.fml.common.LoadController.distributeStateMessage(LoadController.java:338) [LoadController.class:?]
	at net.minecraftforge.fml.common.Loader.loadMods(Loader.java:557) [Loader.class:?]
	at net.minecraftforge.fml.server.FMLServerHandler.beginServerLoading(FMLServerHandler.java:99) [FMLServerHandler.class:?]
	at net.minecraftforge.fml.common.FMLCommonHandler.onServerStart(FMLCommonHandler.java:332) [FMLCommonHandler.class:?]
	at net.minecraft.server.dedicated.DedicatedServer.func_71197_b(DedicatedServer.java:121) [lh.class:?]
	at net.minecraft.server.MinecraftServer.run(MinecraftServer.java:442) [MinecraftServer.class:?]
	at java.lang.Thread.run(Thread.java:750) [?:1.8.0_492]
[17:29:53] [Server thread/DEBUG] [adhooks/]: Enabling mod adhooks
[17:29:53] [Server thread/DEBUG] [air_support/]: Enabling mod air_support
[17:29:53] [Server thread/DEBUG] [animania/]: Enabling mod animania
[17:29:53] [Server thread/DEBUG] [bibliocraft/]: Enabling mod bibliocraft
[17:29:53] [Server thread/DEBUG] [codechickenlib/]: Enabling mod codechickenlib
[17:29:53] [Server thread/WARN] [FML/]: Missing English translation for codechickenlib: assets/codechickenlib/lang/en_us.lang
java.io.FileNotFoundException: assets/codechickenlib/lang/en_us.lang
	at net.minecraftforge.fml.server.FMLServerHandler.addModAsResource(FMLServerHandler.java:261) [FMLServerHandler.class:?]
	at net.minecraftforge.fml.common.FMLCommonHandler.addModToResourcePack(FMLCommonHandler.java:539) [FMLCommonHandler.class:?]
	at net.minecraftforge.fml.common.LoadController.buildModList(LoadController.java:130) [LoadController.class:?]
	at sun.reflect.NativeMethodAccessorImpl.invoke0(Native Method) ~[?:1.8.0_492]
	at sun.reflect.NativeMethodAccessorImpl.invoke(NativeMethodAccessorImpl.java:62) ~[?:1.8.0_492]
	at sun.reflect.DelegatingMethodAccessorImpl.invoke(DelegatingMethodAccessorImpl.java:43) ~[?:1.8.0_492]
	at java.lang.reflect.Method.invoke(Method.java:498) ~[?:1.8.0_492]
	at com.google.common.eventbus.EventSubscriber.handleEvent(EventSubscriber.java:74) [minecraft_server.1.11.2.jar:?]
	at com.google.common.eventbus.SynchronizedEventSubscriber.handleEvent(SynchronizedEventSubscriber.java:47) [minecraft_server.1.11.2.jar:?]
	at com.google.common.eventbus.EventBus.dispatch(EventBus.java:322) [minecraft_server.1.11.2.jar:?]
	at com.google.common.eventbus.EventBus.dispatchQueuedEvents(EventBus.java:304) [minecraft_server.1.11.2.jar:?]
	at com.google.common.eventbus.EventBus.post(EventBus.java:275) [minecraft_server.1.11.2.jar:?]
	at net.minecraftforge.fml.common.LoadController.distributeStateMessage(LoadController.java:338) [LoadController.class:?]
	at net.minecraftforge.fml.common.Loader.loadMods(Loader.java:557) [Loader.class:?]
	at net.minecraftforge.fml.server.FMLServerHandler.beginServerLoading(FMLServerHandler.java:99) [FMLServerHandler.class:?]
	at net.minecraftforge.fml.common.FMLCommonHandler.onServerStart(FMLCommonHandler.java:332) [FMLCommonHandler.class:?]
	at net.minecraft.server.dedicated.DedicatedServer.func_71197_b(DedicatedServer.java:121) [lh.class:?]
	at net.minecraft.server.MinecraftServer.run(MinecraftServer.java:442) [MinecraftServer.class:?]
	at java.lang.Thread.run(Thread.java:750) [?:1.8.0_492]
[17:29:53] [Server thread/DEBUG] [craftstudioapi/]: Enabling mod craftstudioapi
[17:29:53] [Server thread/WARN] [FML/]: Missing English translation for craftstudioapi: assets/craftstudioapi/lang/en_us.lang
java.io.FileNotFoundException: assets/craftstudioapi/lang/en_us.lang
	at net.minecraftforge.fml.server.FMLServerHandler.addModAsResource(FMLServerHandler.java:261) [FMLServerHandler.class:?]
	at net.minecraftforge.fml.common.FMLCommonHandler.addModToResourcePack(FMLCommonHandler.java:539) [FMLCommonHandler.class:?]
	at net.minecraftforge.fml.common.LoadController.buildModList(LoadController.java:130) [LoadController.class:?]
	at sun.reflect.NativeMethodAccessorImpl.invoke0(Native Method) ~[?:1.8.0_492]
	at sun.reflect.NativeMethodAccessorImpl.invoke(NativeMethodAccessorImpl.java:62) ~[?:1.8.0_492]
	at sun.reflect.DelegatingMethodAccessorImpl.invoke(DelegatingMethodAccessorImpl.java:43) ~[?:1.8.0_492]
	at java.lang.reflect.Method.invoke(Method.java:498) ~[?:1.8.0_492]
	at com.google.common.eventbus.EventSubscriber.handleEvent(EventSubscriber.java:74) [minecraft_server.1.11.2.jar:?]
	at com.google.common.eventbus.SynchronizedEventSubscriber.handleEvent(SynchronizedEventSubscriber.java:47) [minecraft_server.1.11.2.jar:?]
	at com.google.common.eventbus.EventBus.dispatch(EventBus.java:322) [minecraft_server.1.11.2.jar:?]
	at com.google.common.eventbus.EventBus.dispatchQueuedEvents(EventBus.java:304) [minecraft_server.1.11.2.jar:?]
	at com.google.common.eventbus.EventBus.post(EventBus.java:275) [minecraft_server.1.11.2.jar:?]
	at net.minecraftforge.fml.common.LoadController.distributeStateMessage(LoadController.java:338) [LoadController.class:?]
	at net.minecraftforge.fml.common.Loader.loadMods(Loader.java:557) [Loader.class:?]
	at net.minecraftforge.fml.server.FMLServerHandler.beginServerLoading(FMLServerHandler.java:99) [FMLServerHandler.class:?]
	at net.minecraftforge.fml.common.FMLCommonHandler.onServerStart(FMLCommonHandler.java:332) [FMLCommonHandler.class:?]
	at net.minecraft.server.dedicated.DedicatedServer.func_71197_b(DedicatedServer.java:121) [lh.class:?]
	at net.minecraft.server.MinecraftServer.run(MinecraftServer.java:442) [MinecraftServer.class:?]
	at java.lang.Thread.run(Thread.java:750) [?:1.8.0_492]
[17:29:53] [Server thread/DEBUG] [creativecore/]: Enabling mod creativecore
[17:29:53] [Server thread/WARN] [FML/]: Missing English translation for creativecore: assets/creativecore/lang/en_us.lang
java.io.FileNotFoundException: assets/creativecore/lang/en_us.lang
	at net.minecraftforge.fml.server.FMLServerHandler.addModAsResource(FMLServerHandler.java:261) [FMLServerHandler.class:?]
	at net.minecraftforge.fml.common.FMLCommonHandler.addModToResourcePack(FMLCommonHandler.java:539) [FMLCommonHandler.class:?]
	at net.minecraftforge.fml.common.LoadController.buildModList(LoadController.java:130) [LoadController.class:?]
	at sun.reflect.NativeMethodAccessorImpl.invoke0(Native Method) ~[?:1.8.0_492]
	at sun.reflect.NativeMethodAccessorImpl.invoke(NativeMethodAccessorImpl.java:62) ~[?:1.8.0_492]
	at sun.reflect.DelegatingMethodAccessorImpl.invoke(DelegatingMethodAccessorImpl.java:43) ~[?:1.8.0_492]
	at java.lang.reflect.Method.invoke(Method.java:498) ~[?:1.8.0_492]
	at com.google.common.eventbus.EventSubscriber.handleEvent(EventSubscriber.java:74) [minecraft_server.1.11.2.jar:?]
	at com.google.common.eventbus.SynchronizedEventSubscriber.handleEvent(SynchronizedEventSubscriber.java:47) [minecraft_server.1.11.2.jar:?]
	at com.google.common.eventbus.EventBus.dispatch(EventBus.java:322) [minecraft_server.1.11.2.jar:?]
	at com.google.common.eventbus.EventBus.dispatchQueuedEvents(EventBus.java:304) [minecraft_server.1.11.2.jar:?]
	at com.google.common.eventbus.EventBus.post(EventBus.java:275) [minecraft_server.1.11.2.jar:?]
	at net.minecraftforge.fml.common.LoadController.distributeStateMessage(LoadController.java:338) [LoadController.class:?]
	at net.minecraftforge.fml.common.Loader.loadMods(Loader.java:557) [Loader.class:?]
	at net.minecraftforge.fml.server.FMLServerHandler.beginServerLoading(FMLServerHandler.java:99) [FMLServerHandler.class:?]
	at net.minecraftforge.fml.common.FMLCommonHandler.onServerStart(FMLCommonHandler.java:332) [FMLCommonHandler.class:?]
	at net.minecraft.server.dedicated.DedicatedServer.func_71197_b(DedicatedServer.java:121) [lh.class:?]
	at net.minecraft.server.MinecraftServer.run(MinecraftServer.java:442) [MinecraftServer.class:?]
	at java.lang.Thread.run(Thread.java:750) [?:1.8.0_492]
[17:29:53] [Server thread/DEBUG] [customnpcs/]: Enabling mod customnpcs
[17:29:53] [Server thread/DEBUG] [cyclopscore/]: Enabling mod cyclopscore
[17:29:53] [Server thread/DEBUG] [dailies/]: Enabling mod dailies
[17:29:53] [Server thread/WARN] [FML/]: Missing English translation for dailies: assets/dailies/lang/en_us.lang
java.io.FileNotFoundException: assets/dailies/lang/en_us.lang
	at net.minecraftforge.fml.server.FMLServerHandler.addModAsResource(FMLServerHandler.java:261) [FMLServerHandler.class:?]
	at net.minecraftforge.fml.common.FMLCommonHandler.addModToResourcePack(FMLCommonHandler.java:539) [FMLCommonHandler.class:?]
	at net.minecraftforge.fml.common.LoadController.buildModList(LoadController.java:130) [LoadController.class:?]
	at sun.reflect.NativeMethodAccessorImpl.invoke0(Native Method) ~[?:1.8.0_492]
	at sun.reflect.NativeMethodAccessorImpl.invoke(NativeMethodAccessorImpl.java:62) ~[?:1.8.0_492]
	at sun.reflect.DelegatingMethodAccessorImpl.invoke(DelegatingMethodAccessorImpl.java:43) ~[?:1.8.0_492]
	at java.lang.reflect.Method.invoke(Method.java:498) ~[?:1.8.0_492]
	at com.google.common.eventbus.EventSubscriber.handleEvent(EventSubscriber.java:74) [minecraft_server.1.11.2.jar:?]
	at com.google.common.eventbus.SynchronizedEventSubscriber.handleEvent(SynchronizedEventSubscriber.java:47) [minecraft_server.1.11.2.jar:?]
	at com.google.common.eventbus.EventBus.dispatch(EventBus.java:322) [minecraft_server.1.11.2.jar:?]
	at com.google.common.eventbus.EventBus.dispatchQueuedEvents(EventBus.java:304) [minecraft_server.1.11.2.jar:?]
	at com.google.common.eventbus.EventBus.post(EventBus.java:275) [minecraft_server.1.11.2.jar:?]
	at net.minecraftforge.fml.common.LoadController.distributeStateMessage(LoadController.java:338) [LoadController.class:?]
	at net.minecraftforge.fml.common.Loader.loadMods(Loader.java:557) [Loader.class:?]
	at net.minecraftforge.fml.server.FMLServerHandler.beginServerLoading(FMLServerHandler.java:99) [FMLServerHandler.class:?]
	at net.minecraftforge.fml.common.FMLCommonHandler.onServerStart(FMLCommonHandler.java:332) [FMLCommonHandler.class:?]
	at net.minecraft.server.dedicated.DedicatedServer.func_71197_b(DedicatedServer.java:121) [lh.class:?]
	at net.minecraft.server.MinecraftServer.run(MinecraftServer.java:442) [MinecraftServer.class:?]
	at java.lang.Thread.run(Thread.java:750) [?:1.8.0_492]
[17:29:53] [Server thread/DEBUG] [dmonsters/]: Enabling mod dmonsters
[17:29:53] [Server thread/DEBUG] [dissolution/]: Enabling mod dissolution
[17:29:53] [Server thread/DEBUG] [dungeondq/]: Enabling mod dungeondq
[17:29:53] [Server thread/DEBUG] [evilcraft/]: Enabling mod evilcraft
[17:29:53] [Server thread/DEBUG] [evilcraftcompat/]: Enabling mod evilcraftcompat
[17:29:53] [Server thread/DEBUG] [extrautils2/]: Enabling mod extrautils2
[17:29:53] [Server thread/DEBUG] [fairylights/]: Enabling mod fairylights
[17:29:53] [Server thread/DEBUG] [forgeendertech/]: Enabling mod forgeendertech
[17:29:53] [Server thread/WARN] [FML/]: Missing English translation for forgeendertech: assets/forgeendertech/lang/en_us.lang
java.io.FileNotFoundException: assets/forgeendertech/lang/en_us.lang
	at net.minecraftforge.fml.server.FMLServerHandler.addModAsResource(FMLServerHandler.java:261) [FMLServerHandler.class:?]
	at net.minecraftforge.fml.common.FMLCommonHandler.addModToResourcePack(FMLCommonHandler.java:539) [FMLCommonHandler.class:?]
	at net.minecraftforge.fml.common.LoadController.buildModList(LoadController.java:130) [LoadController.class:?]
	at sun.reflect.NativeMethodAccessorImpl.invoke0(Native Method) ~[?:1.8.0_492]
	at sun.reflect.NativeMethodAccessorImpl.invoke(NativeMethodAccessorImpl.java:62) ~[?:1.8.0_492]
	at sun.reflect.DelegatingMethodAccessorImpl.invoke(DelegatingMethodAccessorImpl.java:43) ~[?:1.8.0_492]
	at java.lang.reflect.Method.invoke(Method.java:498) ~[?:1.8.0_492]
	at com.google.common.eventbus.EventSubscriber.handleEvent(EventSubscriber.java:74) [minecraft_server.1.11.2.jar:?]
	at com.google.common.eventbus.SynchronizedEventSubscriber.handleEvent(SynchronizedEventSubscriber.java:47) [minecraft_server.1.11.2.jar:?]
	at com.google.common.eventbus.EventBus.dispatch(EventBus.java:322) [minecraft_server.1.11.2.jar:?]
	at com.google.common.eventbus.EventBus.dispatchQueuedEvents(EventBus.java:304) [minecraft_server.1.11.2.jar:?]
	at com.google.common.eventbus.EventBus.post(EventBus.java:275) [minecraft_server.1.11.2.jar:?]
	at net.minecraftforge.fml.common.LoadController.distributeStateMessage(LoadController.java:338) [LoadController.class:?]
	at net.minecraftforge.fml.common.Loader.loadMods(Loader.java:557) [Loader.class:?]
	at net.minecraftforge.fml.server.FMLServerHandler.beginServerLoading(FMLServerHandler.java:99) [FMLServerHandler.class:?]
	at net.minecraftforge.fml.common.FMLCommonHandler.onServerStart(FMLCommonHandler.java:332) [FMLCommonHandler.class:?]
	at net.minecraft.server.dedicated.DedicatedServer.func_71197_b(DedicatedServer.java:121) [lh.class:?]
	at net.minecraft.server.MinecraftServer.run(MinecraftServer.java:442) [MinecraftServer.class:?]
	at java.lang.Thread.run(Thread.java:750) [?:1.8.0_492]
[17:29:53] [Server thread/DEBUG] [iceandfire/]: Enabling mod iceandfire
[17:29:53] [Server thread/DEBUG] [jei/]: Enabling mod jei
[17:29:53] [Server thread/DEBUG] [journeymap/]: Enabling mod journeymap
[17:29:53] [Server thread/DEBUG] [fashion/]: Enabling mod fashion
[17:29:53] [Server thread/WARN] [FML/]: Missing English translation for fashion: assets/fashion/lang/en_us.lang
java.io.FileNotFoundException: assets/fashion/lang/en_us.lang
	at net.minecraftforge.fml.server.FMLServerHandler.addModAsResource(FMLServerHandler.java:261) [FMLServerHandler.class:?]
	at net.minecraftforge.fml.common.FMLCommonHandler.addModToResourcePack(FMLCommonHandler.java:539) [FMLCommonHandler.class:?]
	at net.minecraftforge.fml.common.LoadController.buildModList(LoadController.java:130) [LoadController.class:?]
	at sun.reflect.NativeMethodAccessorImpl.invoke0(Native Method) ~[?:1.8.0_492]
	at sun.reflect.NativeMethodAccessorImpl.invoke(NativeMethodAccessorImpl.java:62) ~[?:1.8.0_492]
	at sun.reflect.DelegatingMethodAccessorImpl.invoke(DelegatingMethodAccessorImpl.java:43) ~[?:1.8.0_492]
	at java.lang.reflect.Method.invoke(Method.java:498) ~[?:1.8.0_492]
	at com.google.common.eventbus.EventSubscriber.handleEvent(EventSubscriber.java:74) [minecraft_server.1.11.2.jar:?]
	at com.google.common.eventbus.SynchronizedEventSubscriber.handleEvent(SynchronizedEventSubscriber.java:47) [minecraft_server.1.11.2.jar:?]
	at com.google.common.eventbus.EventBus.dispatch(EventBus.java:322) [minecraft_server.1.11.2.jar:?]
	at com.google.common.eventbus.EventBus.dispatchQueuedEvents(EventBus.java:304) [minecraft_server.1.11.2.jar:?]
	at com.google.common.eventbus.EventBus.post(EventBus.java:275) [minecraft_server.1.11.2.jar:?]
	at net.minecraftforge.fml.common.LoadController.distributeStateMessage(LoadController.java:338) [LoadController.class:?]
	at net.minecraftforge.fml.common.Loader.loadMods(Loader.java:557) [Loader.class:?]
	at net.minecraftforge.fml.server.FMLServerHandler.beginServerLoading(FMLServerHandler.java:99) [FMLServerHandler.class:?]
	at net.minecraftforge.fml.common.FMLCommonHandler.onServerStart(FMLCommonHandler.java:332) [FMLCommonHandler.class:?]
	at net.minecraft.server.dedicated.DedicatedServer.func_71197_b(DedicatedServer.java:121) [lh.class:?]
	at net.minecraft.server.MinecraftServer.run(MinecraftServer.java:442) [MinecraftServer.class:?]
	at java.lang.Thread.run(Thread.java:750) [?:1.8.0_492]
[17:29:53] [Server thread/DEBUG] [llibrary/]: Enabling mod llibrary
[17:29:53] [Server thread/DEBUG] [malisiscore/]: Enabling mod malisiscore
[17:29:53] [Server thread/DEBUG] [malisisdoors/]: Enabling mod malisisdoors
[17:29:53] [Server thread/DEBUG] [minions/]: Enabling mod minions
[17:29:53] [Server thread/DEBUG] [mobtotems/]: Enabling mod mobtotems
[17:29:53] [Server thread/DEBUG] [mowziesmobs/]: Enabling mod mowziesmobs
[17:29:53] [Server thread/DEBUG] [netherportalfix/]: Enabling mod netherportalfix
[17:29:53] [Server thread/DEBUG] [nei/]: Enabling mod nei
[17:29:53] [Server thread/DEBUG] [personalcars/]: Enabling mod personalcars
[17:29:53] [Server thread/DEBUG] [placeableitems/]: Enabling mod placeableitems
[17:29:53] [Server thread/DEBUG] [sophisticatedwolves/]: Enabling mod sophisticatedwolves
[17:29:53] [Server thread/DEBUG] [subcommonlib/]: Enabling mod subcommonlib
[17:29:53] [Server thread/WARN] [FML/]: Missing English translation for subcommonlib: assets/subcommonlib/lang/en_us.lang
java.io.FileNotFoundException: assets/subcommonlib/lang/en_us.lang
	at net.minecraftforge.fml.server.FMLServerHandler.addModAsResource(FMLServerHandler.java:261) [FMLServerHandler.class:?]
	at net.minecraftforge.fml.common.FMLCommonHandler.addModToResourcePack(FMLCommonHandler.java:539) [FMLCommonHandler.class:?]
	at net.minecraftforge.fml.common.LoadController.buildModList(LoadController.java:130) [LoadController.class:?]
	at sun.reflect.NativeMethodAccessorImpl.invoke0(Native Method) ~[?:1.8.0_492]
	at sun.reflect.NativeMethodAccessorImpl.invoke(NativeMethodAccessorImpl.java:62) ~[?:1.8.0_492]
	at sun.reflect.DelegatingMethodAccessorImpl.invoke(DelegatingMethodAccessorImpl.java:43) ~[?:1.8.0_492]
	at java.lang.reflect.Method.invoke(Method.java:498) ~[?:1.8.0_492]
	at com.google.common.eventbus.EventSubscriber.handleEvent(EventSubscriber.java:74) [minecraft_server.1.11.2.jar:?]
	at com.google.common.eventbus.SynchronizedEventSubscriber.handleEvent(SynchronizedEventSubscriber.java:47) [minecraft_server.1.11.2.jar:?]
	at com.google.common.eventbus.EventBus.dispatch(EventBus.java:322) [minecraft_server.1.11.2.jar:?]
	at com.google.common.eventbus.EventBus.dispatchQueuedEvents(EventBus.java:304) [minecraft_server.1.11.2.jar:?]
	at com.google.common.eventbus.EventBus.post(EventBus.java:275) [minecraft_server.1.11.2.jar:?]
	at net.minecraftforge.fml.common.LoadController.distributeStateMessage(LoadController.java:338) [LoadController.class:?]
	at net.minecraftforge.fml.common.Loader.loadMods(Loader.java:557) [Loader.class:?]
	at net.minecraftforge.fml.server.FMLServerHandler.beginServerLoading(FMLServerHandler.java:99) [FMLServerHandler.class:?]
	at net.minecraftforge.fml.common.FMLCommonHandler.onServerStart(FMLCommonHandler.java:332) [FMLCommonHandler.class:?]
	at net.minecraft.server.dedicated.DedicatedServer.func_71197_b(DedicatedServer.java:121) [lh.class:?]
	at net.minecraft.server.MinecraftServer.run(MinecraftServer.java:442) [MinecraftServer.class:?]
	at java.lang.Thread.run(Thread.java:750) [?:1.8.0_492]
[17:29:53] [Server thread/DEBUG] [totemic/]: Enabling mod totemic
[17:29:53] [Server thread/DEBUG] [umbralux/]: Enabling mod umbralux
[17:29:53] [Server thread/DEBUG] [vampirism/]: Enabling mod vampirism
[17:29:53] [Server thread/DEBUG] [teamlapen-lib/]: Enabling mod teamlapen-lib
[17:29:53] [Server thread/DEBUG] [waila/]: Enabling mod waila
[17:29:53] [Server thread/TRACE] [FML/]: Verifying mod requirements are satisfied
[17:29:53] [Server thread/TRACE] [FML/]: All mod requirements are satisfied
[17:29:53] [Server thread/TRACE] [FML/]: Sorting mods into an ordered list
[17:29:53] [Server thread/TRACE] [FML/]: Mod sorting completed successfully
[17:29:53] [Server thread/DEBUG] [FML/]: Mod sorting data
[17:29:53] [Server thread/DEBUG] [FML/]: 	forgeendertech(Forge Endertech:1.11.2-2.2.0.0): ForgeEndertech-1.11.2-2.2.0.0-build.0086.jar ()
[17:29:53] [Server thread/DEBUG] [FML/]: 	adhooks(Advanced Hook Launchers:1.11.2-2.0.5.0): AdHooks-1.11.2-2.0.5.0-build.0086.jar (required-after:forgeendertech@[1.11.2-2.2.0.0,))
[17:29:53] [Server thread/DEBUG] [FML/]: 	craftstudioapi(CraftStudio API:0.3.0-beta): CraftStudioAPI-universal-0.3.0.86-mc1.11.2-beta.jar ()
[17:29:53] [Server thread/DEBUG] [FML/]: 	cofhapi(API: cofhapi:1.5.0): animania-1.11.2-1.4.2.jar ()
[17:29:53] [Server thread/DEBUG] [FML/]: 	cofhapi|energy(API: cofhapi|energy:1.5.0): animania-1.11.2-1.4.2.jar ()
[17:29:53] [Server thread/DEBUG] [FML/]: 	animania(Animania:1.4.2): animania-1.11.2-1.4.2.jar (required-after:craftstudioapi;after:quark;after:botania;required-after:forge@[13.20.1.2386,))
[17:29:53] [Server thread/DEBUG] [FML/]: 	bibliocraft(BiblioCraft:2.3.3): BiblioCraft[v2.3.3][MC1.11.2].jar ()
[17:29:53] [Server thread/DEBUG] [FML/]: 	codechickenlib(CodeChicken Lib:3.0.0.298): CodeChickenLib-1.11.2-3.0.0.298-universal.jar ()
[17:29:53] [Server thread/DEBUG] [FML/]: 	creativecore(CreativeCore:1.9.8): CreativeCore v1.9.8 mc1.11.2.jar ()
[17:29:53] [Server thread/DEBUG] [FML/]: 	customnpcs(CustomNPCs:1.11.2): CustomNPCs_1.11.2(29oct17).jar ()
[17:29:53] [Server thread/DEBUG] [FML/]: 	cyclopscore(Cyclops Core:0.10.9): CyclopsCore-1.11.2-0.10.9.jar (required-after:forge@[13.20.0.2282,);)
[17:29:53] [Server thread/DEBUG] [FML/]: 	dailies(Bailey's Dailies:1.11.2-6): dailies-1.11.2-6.jar ()
[17:29:53] [Server thread/DEBUG] [FML/]: 	dmonsters(Deadly Monsters:1.6): Deadly Monsters 1.6.jar ()
[17:29:53] [Server thread/DEBUG] [FML/]: 	dissolution(Dissolution:0.4.2.3): dissolution-0.4.2.3.jar ()
[17:29:53] [Server thread/DEBUG] [FML/]: 	dungeondq(DungeonDQ:10.00): DungeonDQ_Ver10.00_[MC1.11.2].jar (required-after:forge@[1.11.2-13.20.0.2228,))
[17:29:53] [Server thread/DEBUG] [FML/]: 	evilcraft(EvilCraft:0.10.30): EvilCraft-1.11.2-0.10.30.jar (required-after:forge@[13.20.0.2282,);required-after:cyclopscore@[0.10.7,);)
[17:29:53] [Server thread/DEBUG] [FML/]: 	evilcraftcompat(EvilCraft-Compat:1.0.0): EvilCraft-1.11.2-0.10.30.jar (required-after:forge@[13.20.0.2282,);required-after:cyclopscore@[0.10.6,);after:evilcraft)
[17:29:53] [Server thread/DEBUG] [FML/]: 	extrautils2(extrautils2:1.0): extrautils2-1.11.2-1.6.7.jar ()
[17:29:53] [Server thread/DEBUG] [FML/]: 	fairylights(Fairy Lights:2.1.1): fairylights-2.1.1-1.11.x.jar (required-after:forge@[13.19.1.2199,))
[17:29:53] [Server thread/DEBUG] [FML/]: 	llibrary(LLibrary:1.7.7): llibrary-1.7.7-1.11.2.jar ()
[17:29:53] [Server thread/DEBUG] [FML/]: 	FossilArcheologyAPI(API: FossilArcheologyAPI:7.3.0): iceandfire-1.2.1.jar ()
[17:29:53] [Server thread/DEBUG] [FML/]: 	iceandfire(Ice and Fire:1.2.1): iceandfire-1.2.1.jar (required-after:llibrary@[1.7.7,))
[17:29:53] [Server thread/DEBUG] [FML/]: 	jei(Just Enough Items:4.5.1.296): jei_1.11.2-4.5.1.296.jar (required-after:forge@[13.20.0.2222,);)
[17:29:53] [Server thread/DEBUG] [FML/]: 	journeymap(JourneyMap:1.11.2-5.5.2): journeymap-1.11.2-5.5.2.jar ()
[17:29:53] [Server thread/DEBUG] [FML/]: 	subcommonlib(Subaraki's Common Library:1.2.0.1): sublib-1.11.2-1.2.0.1.jar ()
[17:29:53] [Server thread/DEBUG] [FML/]: 	fashion(fashion mod:1.11.2 0.1.2.0): JustFashion-1.11.2-0.1.2.0.jar (required-after:subcommonlib)
[17:29:53] [Server thread/DEBUG] [FML/]: 	malisiscore(MalisisCore:1.11.2-5.2.5): malisiscore-1.11.2-5.2.5.jar ()
[17:29:53] [Server thread/DEBUG] [FML/]: 	malisisdoors(MalisisDoors:1.11.2-6.1.3): malisisdoors-1.11.2-6.1.3.jar (required-after:malisiscore)
[17:29:53] [Server thread/DEBUG] [FML/]: 	minions(Minions:2.0.2): Minions-1.11.2.jar ()
[17:29:53] [Server thread/DEBUG] [FML/]: 	Baubles|API(API: Baubles|API:1.4.0.1): mobtotems-1.11.2-0.3.0.jar ()
[17:29:53] [Server thread/DEBUG] [FML/]: 	mobtotems(Mob Totems:1.11.2-0.3.0): mobtotems-1.11.2-0.3.0.jar (before:guideapi)
[17:29:53] [Server thread/DEBUG] [FML/]: 	mowziesmobs(Mowzie's Mobs:1.4.0): mowziesmobs-1.4.0.jar ()
[17:29:53] [Server thread/DEBUG] [FML/]: 	netherportalfix(NetherPortalFix:1.0): NetherPortalFix_1.11.2-4.3.4.jar ()
[17:29:53] [Server thread/DEBUG] [FML/]: 	nei(Not Enough Items:${mod_version}): NotEnoughItems-1.11.2-2.3.0.227-universal.jar (required-after:codechickenlib@[3.0.0,);;required-after:jei@[4.5.0.,))
[17:29:53] [Server thread/DEBUG] [FML/]: 	personalcars(Personal Cars:1.2.2): PersonalCars-1.2.2.jar ()
[17:29:53] [Server thread/DEBUG] [FML/]: 	placeableitems(Placeable Items Mod:3.0.4.1): placeableitems-3.0.4.1.jar ()
[17:29:53] [Server thread/DEBUG] [FML/]: 	sophisticatedwolves(Sophisticated Wolves:3.9.1): SophisticatedWolves-1.11.2-3.9.1.jar ()
[17:29:53] [Server thread/DEBUG] [FML/]: 	totemic(Totemic:1.11.2-0.8.7): Totemic-1.11.2-0.8.7.jar (required-after:forge@[13.20.0.2284,))
[17:29:53] [Server thread/DEBUG] [FML/]: 	umbralux(Umbra - Lux Addon for Rpg Inventory:1.11.2-2.0.1.2): umbralux-1.11.2-2.0.1.2.jar (required-after:subcommonlib@[1.2,))
[17:29:53] [Server thread/DEBUG] [FML/]: 	vampirism(Vampirism:1.2.3): Vampirism-1.11.2-1.2.3.jar (required-after:forge@[13.20.1.2386,);after:guideapi)
[17:29:53] [Server thread/DEBUG] [FML/]: 	VampirismAPI(API: VampirismAPI:1.2): Vampirism-1.11.2-1.2.3.jar ()
[17:29:53] [Server thread/DEBUG] [FML/]: 	teamlapen-lib(TeamLapen Library:1.2.3): Vampirism-1.11.2-1.2.3.jar (required-after:forge@[13.20.1.2386,))
[17:29:53] [Server thread/DEBUG] [FML/]: 	WailaAPI(API: WailaAPI:1.3): Waila-1.7.1_1.11.2.jar ()
[17:29:53] [Server thread/DEBUG] [FML/]: 	waila(waila:1.7.1): Waila-1.7.1_1.11.2.jar ()
[17:29:53] [Server thread/DEBUG] [FML/]: 	Core|Events(API: Core|Events:0.1): CustomNPCs_1.11.2(29oct17).jar ()
[17:29:53] [Server thread/DEBUG] [FML/]: 	JustEnoughItemsAPI(API: JustEnoughItemsAPI:4.13.0): jei_1.11.2-4.5.1.296.jar ()
[17:29:53] [Server thread/DEBUG] [FML/]: 	Core|Handlers(API: Core|Handlers:0.1): CustomNPCs_1.11.2(29oct17).jar ()
[17:29:53] [Server thread/DEBUG] [FML/]: 	journeymap|client-api-display(API: journeymap|client-api-display:1.4): journeymap-1.11.2-5.5.2.jar ()
[17:29:53] [Server thread/DEBUG] [FML/]: 	Core|Entities(API: Core|Entities:0.1): CustomNPCs_1.11.2(29oct17).jar ()
[17:29:53] [Server thread/DEBUG] [FML/]: 	totemic|API(API: totemic|API:1.11.2-4.1.0): Totemic-1.11.2-0.8.7.jar ()
[17:29:53] [Server thread/DEBUG] [FML/]: 	Core|Blocks(API: Core|Blocks:0.1): CustomNPCs_1.11.2(29oct17).jar ()
[17:29:53] [Server thread/DEBUG] [FML/]: 	compatlayer(API: compatlayer:0.2.5): compatlayer-1.11.2-0.2.5.jar ()
[17:29:53] [Server thread/DEBUG] [FML/]: 	jeresources|API(API: jeresources|API:0.6.6.12): JustEnoughResources-1.11.2-0.6.6.12.jar ()
[17:29:53] [Server thread/DEBUG] [FML/]: 	Core|Handlers|Data(API: Core|Handlers|Data:0.1): CustomNPCs_1.11.2(29oct17).jar ()
[17:29:53] [Server thread/DEBUG] [FML/]: 	journeymap|client-api-model(API: journeymap|client-api-model:1.4): journeymap-1.11.2-5.5.2.jar ()
[17:29:53] [Server thread/DEBUG] [FML/]: 	journeymap|client-api(API: journeymap|client-api:1.4): journeymap-1.11.2-5.5.2.jar ()
[17:29:53] [Server thread/DEBUG] [FML/]: 	journeymap|client-api-event(API: journeymap|client-api-event:1.4): journeymap-1.11.2-5.5.2.jar ()
[17:29:53] [Server thread/DEBUG] [FML/]: 	journeymap|client-api-util(API: journeymap|client-api-util:1.4): journeymap-1.11.2-5.5.2.jar ()
[17:29:53] [Server thread/DEBUG] [FML/]: 	Core|Constants(API: Core|Constants:0.1): CustomNPCs_1.11.2(29oct17).jar ()
[17:29:53] [Server thread/DEBUG] [FML/]: 	Core|Entities|Data|Role(API: Core|Entities|Data|Role:0.1): CustomNPCs_1.11.2(29oct17).jar ()
[17:29:53] [Server thread/DEBUG] [FML/]: 	Core|Entities|Data(API: Core|Entities|Data:0.1): CustomNPCs_1.11.2(29oct17).jar ()
[17:29:53] [Server thread/DEBUG] [FML/]: 	Core(API: Core:0.1): CustomNPCs_1.11.2(29oct17).jar ()
[17:29:53] [Server thread/DEBUG] [FML/]: 	air_support(air_support:0.2.0): AirSupport-0.2.0.jar (after:*)
[17:29:53] [Server thread/INFO] [FML/]: FML has found a non-mod file compatlayer-1.11.2-0.2.5.jar in your mods directory. It will now be injected into your classpath. This could severe stability issues, it should be removed if possible.
[17:29:53] [Server thread/INFO] [FML/]: FML has found a non-mod file JustEnoughResources-1.11.2-0.6.6.12.jar in your mods directory. It will now be injected into your classpath. This could severe stability issues, it should be removed if possible.
[17:29:53] [Server thread/DEBUG] [FML/]: Loading @Config anotation data
[17:29:53] [Server thread/TRACE] [minecraft/minecraft]: Sending event FMLConstructionEvent to mod minecraft
[17:29:53] [Server thread/TRACE] [minecraft/minecraft]: Sent event FMLConstructionEvent to mod minecraft
[17:29:53] [Server thread/DEBUG] [FML/]: Bar Step: Construction - Minecraft took 0.002s
[17:29:53] [Server thread/TRACE] [mcp/mcp]: Sending event FMLConstructionEvent to mod mcp
[17:29:53] [Server thread/TRACE] [mcp/mcp]: Sent event FMLConstructionEvent to mod mcp
[17:29:53] [Server thread/DEBUG] [FML/]: Bar Step: Construction - Minecraft Coder Pack took 0.001s
[17:29:53] [Server thread/TRACE] [FML/FML]: Sending event FMLConstructionEvent to mod FML
[17:29:53] [Server thread/TRACE] [FML/FML]: Mod FML is using network checker : Invoking method checkModLists
[17:29:53] [Server thread/TRACE] [FML/FML]: Testing mod FML to verify it accepts its own version in a remote connection
[17:29:53] [Server thread/TRACE] [FML/FML]: The mod FML accepts its own version (8.0.99.99)
[17:29:53] [Server thread/INFO] [FML/FML]: Attempting connection with missing mods [minecraft, mcp, FML, forge, creativecoredummy, itemphysic, adhooks, air_support, animania, bibliocraft, codechickenlib, craftstudioapi, creativecore, customnpcs, cyclopscore, dailies, dmonsters, dissolution, dungeondq, evilcraft, evilcraftcompat, extrautils2, fairylights, forgeendertech, iceandfire, jei, journeymap, fashion, llibrary, malisiscore, malisisdoors, minions, mobtotems, mowziesmobs, netherportalfix, nei, personalcars, placeableitems, sophisticatedwolves, subcommonlib, totemic, umbralux, vampirism, teamlapen-lib, waila] at CLIENT
[17:29:53] [Server thread/INFO] [FML/FML]: Attempting connection with missing mods [minecraft, mcp, FML, forge, creativecoredummy, itemphysic, adhooks, air_support, animania, bibliocraft, codechickenlib, craftstudioapi, creativecore, customnpcs, cyclopscore, dailies, dmonsters, dissolution, dungeondq, evilcraft, evilcraftcompat, extrautils2, fairylights, forgeendertech, iceandfire, jei, journeymap, fashion, llibrary, malisiscore, malisisdoors, minions, mobtotems, mowziesmobs, netherportalfix, nei, personalcars, placeableitems, sophisticatedwolves, subcommonlib, totemic, umbralux, vampirism, teamlapen-lib, waila] at SERVER
[17:29:53] [Server thread/TRACE] [FML/FML]: Sent event FMLConstructionEvent to mod FML
[17:29:53] [Server thread/DEBUG] [FML/]: Bar Step: Construction - Forge Mod Loader took 0.458s
[17:29:53] [Server thread/TRACE] [forge/forge]: Sending event FMLConstructionEvent to mod forge
[17:29:53] [Server thread/DEBUG] [forge/forge]: Preloading CrashReport Classes
[17:29:53] [Server thread/DEBUG] [forge/forge]: 	net/minecraftforge/fml/client/SplashProgress$1
[17:29:53] [Server thread/DEBUG] [forge/forge]: 	net/minecraftforge/fml/common/FMLCommonHandler$1
[17:29:53] [Server thread/DEBUG] [forge/forge]: 	net/minecraftforge/fml/common/Loader$3
[17:29:53] [Server thread/TRACE] [FML/forge]: Mod forge is using network checker : No network checking performed
[17:29:53] [Server thread/TRACE] [FML/forge]: Testing mod forge to verify it accepts its own version in a remote connection
[17:29:53] [Server thread/TRACE] [FML/forge]: The mod forge accepts its own version (13.20.1.2588)
[17:29:53] [Server thread/DEBUG] [FML/forge]: Attempting to inject @Config classes into forge for type INSTANCE
[17:29:53] [Server thread/TRACE] [forge/forge]: Sent event FMLConstructionEvent to mod forge
[17:29:53] [Server thread/DEBUG] [FML/]: Bar Step: Construction - Minecraft Forge took 0.007s
[17:29:53] [Server thread/TRACE] [creativecoredummy/creativecoredummy]: Sending event FMLConstructionEvent to mod creativecoredummy
[17:29:53] [Server thread/TRACE] [creativecoredummy/creativecoredummy]: Sent event FMLConstructionEvent to mod creativecoredummy
[17:29:53] [Server thread/DEBUG] [FML/]: Bar Step: Construction - CreativeCoreDummy took 0.000s
[17:29:53] [Server thread/TRACE] [itemphysic/itemphysic]: Sending event FMLConstructionEvent to mod itemphysic
[17:29:53] [Server thread/TRACE] [itemphysic/itemphysic]: Sent event FMLConstructionEvent to mod itemphysic
[17:29:53] [Server thread/DEBUG] [FML/]: Bar Step: Construction - ItemPhysic took 0.000s
[17:29:53] [Server thread/TRACE] [forgeendertech/forgeendertech]: Sending event FMLConstructionEvent to mod forgeendertech
[17:29:53] [Server thread/TRACE] [FML/forgeendertech]: Mod forgeendertech is using network checker : Accepting version 1.11.2-2.2.0.0
[17:29:53] [Server thread/TRACE] [FML/forgeendertech]: Testing mod forgeendertech to verify it accepts its own version in a remote connection
[17:29:53] [Server thread/TRACE] [FML/forgeendertech]: The mod forgeendertech accepts its own version (1.11.2-2.2.0.0)
[17:29:53] [Server thread/DEBUG] [FML/forgeendertech]: Attempting to inject @SidedProxy classes into forgeendertech
[17:29:53] [Server thread/DEBUG] [FML/forgeendertech]: Attempting to inject @EventBusSubscriber classes into the eventbus for forgeendertech
[17:29:53] [Server thread/DEBUG] [FML/forgeendertech]: Attempting to inject @Config classes into forgeendertech for type INSTANCE
[17:29:53] [Server thread/TRACE] [forgeendertech/forgeendertech]: Sent event FMLConstructionEvent to mod forgeendertech
[17:29:53] [Server thread/DEBUG] [FML/]: Bar Step: Construction - Forge Endertech took 0.031s
[17:29:53] [Server thread/TRACE] [adhooks/adhooks]: Sending event FMLConstructionEvent to mod adhooks
[17:29:53] [Server thread/TRACE] [FML/adhooks]: Mod adhooks is using network checker : Accepting version 1.11.2-2.0.5.0
[17:29:53] [Server thread/TRACE] [FML/adhooks]: Testing mod adhooks to verify it accepts its own version in a remote connection
[17:29:53] [Server thread/TRACE] [FML/adhooks]: The mod adhooks accepts its own version (1.11.2-2.0.5.0)
[17:29:53] [Server thread/DEBUG] [FML/adhooks]: Attempting to inject @SidedProxy classes into adhooks
[17:29:53] [Server thread/DEBUG] [FML/adhooks]: Attempting to inject @EventBusSubscriber classes into the eventbus for adhooks
[17:29:53] [Server thread/DEBUG] [FML/adhooks]: Attempting to inject @Config classes into adhooks for type INSTANCE
[17:29:53] [Server thread/TRACE] [adhooks/adhooks]: Sent event FMLConstructionEvent to mod adhooks
[17:29:53] [Server thread/DEBUG] [FML/]: Bar Step: Construction - Advanced Hook Launchers took 0.012s
[17:29:53] [Server thread/TRACE] [craftstudioapi/craftstudioapi]: Sending event FMLConstructionEvent to mod craftstudioapi
[17:29:53] [Server thread/TRACE] [FML/craftstudioapi]: Mod craftstudioapi is using network checker : Accepting version 0.3.0-beta
[17:29:53] [Server thread/TRACE] [FML/craftstudioapi]: Testing mod craftstudioapi to verify it accepts its own version in a remote connection
[17:29:53] [Server thread/TRACE] [FML/craftstudioapi]: The mod craftstudioapi accepts its own version (0.3.0-beta)
[17:29:53] [Server thread/DEBUG] [FML/craftstudioapi]: Attempting to inject @SidedProxy classes into craftstudioapi
[17:29:53] [Server thread/DEBUG] [FML/craftstudioapi]: Attempting to inject @EventBusSubscriber classes into the eventbus for craftstudioapi
[17:29:53] [Server thread/DEBUG] [FML/craftstudioapi]: Found @EventBusSubscriber class com.leviathanstudio.craftstudio.CraftStudioApi
[17:29:53] [Server thread/DEBUG] [FML/craftstudioapi]: Injected @EventBusSubscriber class com.leviathanstudio.craftstudio.CraftStudioApi
[17:29:53] [Server thread/DEBUG] [FML/craftstudioapi]: Attempting to inject @Config classes into craftstudioapi for type INSTANCE
[17:29:53] [Server thread/TRACE] [craftstudioapi/craftstudioapi]: Sent event FMLConstructionEvent to mod craftstudioapi
[17:29:53] [Server thread/DEBUG] [FML/]: Bar Step: Construction - CraftStudio API took 0.010s
[17:29:53] [Server thread/TRACE] [animania/animania]: Sending event FMLConstructionEvent to mod animania
[17:29:53] [Server thread/TRACE] [FML/animania]: Mod animania is using network checker : Accepting version 1.4.2
[17:29:53] [Server thread/TRACE] [FML/animania]: Testing mod animania to verify it accepts its own version in a remote connection
[17:29:53] [Server thread/TRACE] [FML/animania]: The mod animania accepts its own version (1.4.2)
[17:29:53] [Server thread/DEBUG] [FML/animania]: Attempting to inject @SidedProxy classes into animania
[17:29:53] [Server thread/DEBUG] [FML/animania]: Attempting to inject @EventBusSubscriber classes into the eventbus for animania
[17:29:53] [Server thread/DEBUG] [FML/animania]: Found @EventBusSubscriber class com.animania.Animania
[17:29:53] [Server thread/DEBUG] [FML/animania]: Injected @EventBusSubscriber class com.animania.Animania
[17:29:53] [Server thread/DEBUG] [FML/animania]: Found @EventBusSubscriber class com.animania.config.AnimaniaConfig$EventHandler
[17:29:53] [Server thread/DEBUG] [FML/animania]: Injected @EventBusSubscriber class com.animania.config.AnimaniaConfig$EventHandler
[17:29:53] [Server thread/DEBUG] [FML/animania]: Attempting to inject @Config classes into animania for type INSTANCE
[17:29:53] [Server thread/TRACE] [animania/animania]: Sent event FMLConstructionEvent to mod animania
[17:29:53] [Server thread/DEBUG] [FML/]: Bar Step: Construction - Animania took 0.091s
[17:29:53] [Server thread/TRACE] [bibliocraft/bibliocraft]: Sending event FMLConstructionEvent to mod bibliocraft
[17:29:53] [Server thread/TRACE] [FML/bibliocraft]: Mod bibliocraft is using network checker : Accepting version 2.3.3
[17:29:53] [Server thread/TRACE] [FML/bibliocraft]: Testing mod bibliocraft to verify it accepts its own version in a remote connection
[17:29:53] [Server thread/TRACE] [FML/bibliocraft]: The mod bibliocraft accepts its own version (2.3.3)
[17:29:53] [Server thread/DEBUG] [FML/bibliocraft]: Attempting to inject @SidedProxy classes into bibliocraft
[17:29:53] [Server thread/DEBUG] [FML/bibliocraft]: Attempting to inject @EventBusSubscriber classes into the eventbus for bibliocraft
[17:29:53] [Server thread/DEBUG] [FML/bibliocraft]: Attempting to inject @Config classes into bibliocraft for type INSTANCE
[17:29:53] [Server thread/TRACE] [bibliocraft/bibliocraft]: Sent event FMLConstructionEvent to mod bibliocraft
[17:29:53] [Server thread/DEBUG] [FML/]: Bar Step: Construction - BiblioCraft took 0.025s
[17:29:53] [Server thread/TRACE] [codechickenlib/codechickenlib]: Sending event FMLConstructionEvent to mod codechickenlib
[17:29:53] [Server thread/DEBUG] [forge/codechickenlib]: Preloading CrashReport Classes
[17:29:53] [Server thread/DEBUG] [forge/codechickenlib]: 	codechicken/lib/fingerprint/FingerprintViolatedCrashCallable
[17:29:53] [Server thread/TRACE] [FML/codechickenlib]: Mod codechickenlib is using network checker : Accepting version 3.0.0.298
[17:29:53] [Server thread/TRACE] [FML/codechickenlib]: Testing mod codechickenlib to verify it accepts its own version in a remote connection
[17:29:53] [Server thread/TRACE] [FML/codechickenlib]: The mod codechickenlib accepts its own version (3.0.0.298)
[17:29:53] [Server thread/DEBUG] [FML/codechickenlib]: Attempting to inject @SidedProxy classes into codechickenlib
[17:29:53] [Server thread/DEBUG] [FML/codechickenlib]: Attempting to inject @EventBusSubscriber classes into the eventbus for codechickenlib
[17:29:53] [Server thread/DEBUG] [FML/codechickenlib]: Attempting to inject @Config classes into codechickenlib for type INSTANCE
[17:29:53] [Server thread/TRACE] [codechickenlib/codechickenlib]: Sent event FMLConstructionEvent to mod codechickenlib
[17:29:53] [Server thread/DEBUG] [FML/]: Bar Step: Construction - CodeChicken Lib took 0.008s
[17:29:53] [Server thread/TRACE] [creativecore/creativecore]: Sending event FMLConstructionEvent to mod creativecore
[17:29:53] [Server thread/TRACE] [FML/creativecore]: Mod creativecore is using network checker : Accepting version 1.9.8
[17:29:53] [Server thread/TRACE] [FML/creativecore]: Testing mod creativecore to verify it accepts its own version in a remote connection
[17:29:53] [Server thread/TRACE] [FML/creativecore]: The mod creativecore accepts its own version (1.9.8)
[17:29:53] [Server thread/DEBUG] [FML/creativecore]: Attempting to inject @SidedProxy classes into creativecore
[17:29:53] [Server thread/DEBUG] [FML/creativecore]: Attempting to inject @EventBusSubscriber classes into the eventbus for creativecore
[17:29:53] [Server thread/DEBUG] [FML/creativecore]: Attempting to inject @Config classes into creativecore for type INSTANCE
[17:29:53] [Server thread/TRACE] [creativecore/creativecore]: Sent event FMLConstructionEvent to mod creativecore
[17:29:53] [Server thread/DEBUG] [FML/]: Bar Step: Construction - CreativeCore took 0.009s
[17:29:53] [Server thread/TRACE] [customnpcs/customnpcs]: Sending event FMLConstructionEvent to mod customnpcs
[17:29:53] [Server thread/TRACE] [FML/customnpcs]: Mod customnpcs is using network checker : Accepting version 1.11.2
[17:29:53] [Server thread/TRACE] [FML/customnpcs]: Testing mod customnpcs to verify it accepts its own version in a remote connection
[17:29:53] [Server thread/TRACE] [FML/customnpcs]: The mod customnpcs accepts its own version (1.11.2)
[17:29:53] [Server thread/DEBUG] [FML/customnpcs]: Attempting to inject @SidedProxy classes into customnpcs
[17:29:54] [Server thread/DEBUG] [FML/customnpcs]: Attempting to inject @EventBusSubscriber classes into the eventbus for customnpcs
[17:29:54] [Server thread/DEBUG] [FML/customnpcs]: Attempting to inject @Config classes into customnpcs for type INSTANCE
[17:29:54] [Server thread/TRACE] [customnpcs/customnpcs]: Sent event FMLConstructionEvent to mod customnpcs
[17:29:54] [Server thread/DEBUG] [FML/]: Bar Step: Construction - CustomNPCs took 0.114s
[17:29:54] [Server thread/TRACE] [cyclopscore/cyclopscore]: Sending event FMLConstructionEvent to mod cyclopscore
[17:29:54] [Server thread/TRACE] [FML/cyclopscore]: Mod cyclopscore is using network checker : Accepting version 0.10.9
[17:29:54] [Server thread/TRACE] [FML/cyclopscore]: Testing mod cyclopscore to verify it accepts its own version in a remote connection
[17:29:54] [Server thread/TRACE] [FML/cyclopscore]: The mod cyclopscore accepts its own version (0.10.9)
[17:29:54] [Server thread/DEBUG] [FML/cyclopscore]: Attempting to inject @SidedProxy classes into cyclopscore
[17:29:54] [Server thread/DEBUG] [FML/cyclopscore]: Attempting to inject @EventBusSubscriber classes into the eventbus for cyclopscore
[17:29:54] [Server thread/DEBUG] [FML/cyclopscore]: Attempting to inject @Config classes into cyclopscore for type INSTANCE
[17:29:54] [Server thread/TRACE] [cyclopscore/cyclopscore]: Sent event FMLConstructionEvent to mod cyclopscore
[17:29:54] [Server thread/DEBUG] [FML/]: Bar Step: Construction - Cyclops Core took 0.075s
[17:29:54] [Server thread/TRACE] [dailies/dailies]: Sending event FMLConstructionEvent to mod dailies
[17:29:54] [Server thread/TRACE] [FML/dailies]: Mod dailies is using network checker : Accepting version 1.11.2-6
[17:29:54] [Server thread/TRACE] [FML/dailies]: Testing mod dailies to verify it accepts its own version in a remote connection
[17:29:54] [Server thread/TRACE] [FML/dailies]: The mod dailies accepts its own version (1.11.2-6)
[17:29:54] [Server thread/DEBUG] [FML/dailies]: Attempting to inject @SidedProxy classes into dailies
[17:29:54] [Server thread/DEBUG] [FML/dailies]: Attempting to inject @EventBusSubscriber classes into the eventbus for dailies
[17:29:54] [Server thread/DEBUG] [FML/dailies]: Attempting to inject @Config classes into dailies for type INSTANCE
[17:29:54] [Server thread/TRACE] [dailies/dailies]: Sent event FMLConstructionEvent to mod dailies
[17:29:54] [Server thread/DEBUG] [FML/]: Bar Step: Construction - Bailey's Dailies took 0.009s
[17:29:54] [Server thread/TRACE] [dmonsters/dmonsters]: Sending event FMLConstructionEvent to mod dmonsters
[17:29:54] [Server thread/TRACE] [FML/dmonsters]: Mod dmonsters is using network checker : Accepting version 1.6
[17:29:54] [Server thread/TRACE] [FML/dmonsters]: Testing mod dmonsters to verify it accepts its own version in a remote connection
[17:29:54] [Server thread/TRACE] [FML/dmonsters]: The mod dmonsters accepts its own version (1.6)
[17:29:54] [Server thread/DEBUG] [FML/dmonsters]: Attempting to inject @SidedProxy classes into dmonsters
[17:29:54] [Server thread/DEBUG] [FML/dmonsters]: Attempting to inject @EventBusSubscriber classes into the eventbus for dmonsters
[17:29:54] [Server thread/DEBUG] [FML/dmonsters]: Attempting to inject @Config classes into dmonsters for type INSTANCE
[17:29:54] [Server thread/TRACE] [dmonsters/dmonsters]: Sent event FMLConstructionEvent to mod dmonsters
[17:29:54] [Server thread/DEBUG] [FML/]: Bar Step: Construction - Deadly Monsters took 0.008s
[17:29:54] [Server thread/TRACE] [dissolution/dissolution]: Sending event FMLConstructionEvent to mod dissolution
[17:29:54] [Server thread/TRACE] [FML/dissolution]: Mod dissolution is using network checker : Accepting version 0.4.2.3
[17:29:54] [Server thread/TRACE] [FML/dissolution]: Testing mod dissolution to verify it accepts its own version in a remote connection
[17:29:54] [Server thread/TRACE] [FML/dissolution]: The mod dissolution accepts its own version (0.4.2.3)
[17:29:54] [Server thread/DEBUG] [FML/dissolution]: Attempting to inject @SidedProxy classes into dissolution
[17:29:54] [Server thread/DEBUG] [FML/dissolution]: Attempting to inject @EventBusSubscriber classes into the eventbus for dissolution
[17:29:54] [Server thread/DEBUG] [FML/dissolution]: Found @EventBusSubscriber class ladysnake.dissolution.common.config.DissolutionConfigManager
[17:29:54] [Server thread/DEBUG] [FML/dissolution]: Injected @EventBusSubscriber class ladysnake.dissolution.common.config.DissolutionConfigManager
[17:29:54] [Server thread/DEBUG] [FML/dissolution]: Attempting to inject @Config classes into dissolution for type INSTANCE
[17:29:54] [Server thread/TRACE] [dissolution/dissolution]: Sent event FMLConstructionEvent to mod dissolution
[17:29:54] [Server thread/DEBUG] [FML/]: Bar Step: Construction - Dissolution took 0.028s
[17:29:54] [Server thread/TRACE] [dungeondq/dungeondq]: Sending event FMLConstructionEvent to mod dungeondq
[17:29:54] [Server thread/TRACE] [FML/dungeondq]: Mod dungeondq is using network checker : Accepting version 10.00
[17:29:54] [Server thread/TRACE] [FML/dungeondq]: Testing mod dungeondq to verify it accepts its own version in a remote connection
[17:29:54] [Server thread/TRACE] [FML/dungeondq]: The mod dungeondq accepts its own version (10.00)
[17:29:54] [Server thread/DEBUG] [FML/dungeondq]: Attempting to inject @SidedProxy classes into dungeondq
[17:29:54] [Server thread/DEBUG] [FML/dungeondq]: Attempting to inject @EventBusSubscriber classes into the eventbus for dungeondq
[17:29:54] [Server thread/DEBUG] [FML/dungeondq]: Found @EventBusSubscriber class dungeondq.DungeonCore
[17:29:54] [Server thread/DEBUG] [FML/dungeondq]: Injected @EventBusSubscriber class dungeondq.DungeonCore
[17:29:54] [Server thread/DEBUG] [FML/dungeondq]: Attempting to inject @Config classes into dungeondq for type INSTANCE
[17:29:54] [Server thread/TRACE] [dungeondq/dungeondq]: Sent event FMLConstructionEvent to mod dungeondq
[17:29:54] [Server thread/DEBUG] [FML/]: Bar Step: Construction - DungeonDQ took 0.046s
[17:29:54] [Server thread/TRACE] [evilcraft/evilcraft]: Sending event FMLConstructionEvent to mod evilcraft
[17:29:54] [Server thread/TRACE] [FML/evilcraft]: Mod evilcraft is using network checker : Accepting version 0.10.30
[17:29:54] [Server thread/TRACE] [FML/evilcraft]: Testing mod evilcraft to verify it accepts its own version in a remote connection
[17:29:54] [Server thread/TRACE] [FML/evilcraft]: The mod evilcraft accepts its own version (0.10.30)
[17:29:54] [Server thread/DEBUG] [FML/evilcraft]: Attempting to inject @SidedProxy classes into evilcraft
[17:29:54] [Server thread/DEBUG] [FML/evilcraft]: Skipping proxy injection for org.cyclops.evilcraftcompat.EvilCraftCompat.proxy since it is not for mod evilcraft
[17:29:54] [Server thread/DEBUG] [FML/evilcraft]: Attempting to inject @EventBusSubscriber classes into the eventbus for evilcraft
[17:29:54] [Server thread/DEBUG] [FML/evilcraft]: Attempting to inject @Config classes into evilcraft for type INSTANCE
[17:29:54] [Server thread/DEBUG] [FML/evilcraft]: Skipping @net.minecraftforge.fml.common.Mod$Instance injection for org.cyclops.evilcraftcompat.EvilCraftCompat._instance since it is not for mod evilcraft
[17:29:54] [Server thread/TRACE] [evilcraft/evilcraft]: Sent event FMLConstructionEvent to mod evilcraft
[17:29:54] [Server thread/DEBUG] [FML/]: Bar Step: Construction - EvilCraft took 0.126s
[17:29:54] [Server thread/TRACE] [evilcraftcompat/evilcraftcompat]: Sending event FMLConstructionEvent to mod evilcraftcompat
[17:29:54] [Server thread/TRACE] [FML/evilcraftcompat]: Mod evilcraftcompat is using network checker : Accepting version 1.0.0
[17:29:54] [Server thread/TRACE] [FML/evilcraftcompat]: Testing mod evilcraftcompat to verify it accepts its own version in a remote connection
[17:29:54] [Server thread/TRACE] [FML/evilcraftcompat]: The mod evilcraftcompat accepts its own version (1.0.0)
[17:29:54] [Server thread/DEBUG] [FML/evilcraftcompat]: Attempting to inject @SidedProxy classes into evilcraftcompat
[17:29:54] [Server thread/DEBUG] [FML/evilcraftcompat]: Skipping proxy injection for org.cyclops.evilcraft.EvilCraft.proxy since it is not for mod evilcraftcompat
[17:29:54] [Server thread/DEBUG] [FML/evilcraftcompat]: Attempting to inject @EventBusSubscriber classes into the eventbus for evilcraftcompat
[17:29:54] [Server thread/DEBUG] [FML/evilcraftcompat]: Attempting to inject @Config classes into evilcraftcompat for type INSTANCE
[17:29:54] [Server thread/DEBUG] [FML/evilcraftcompat]: Skipping @net.minecraftforge.fml.common.Mod$Instance injection for org.cyclops.evilcraft.EvilCraft._instance since it is not for mod evilcraftcompat
[17:29:54] [Server thread/TRACE] [evilcraftcompat/evilcraftcompat]: Sent event FMLConstructionEvent to mod evilcraftcompat
[17:29:54] [Server thread/DEBUG] [FML/]: Bar Step: Construction - EvilCraft-Compat took 0.168s
[17:29:54] [Server thread/TRACE] [extrautils2/extrautils2]: Sending event FMLConstructionEvent to mod extrautils2
[17:29:54] [Server thread/INFO] [malisiscore/extrautils2]: Found hooks for net.minecraft.world.chunk.Chunk (auo)
[17:29:54] [Server thread/TRACE] [FML/extrautils2]: Mod extrautils2 is using network checker : Accepting version 1.0
[17:29:54] [Server thread/TRACE] [FML/extrautils2]: Testing mod extrautils2 to verify it accepts its own version in a remote connection
[17:29:54] [Server thread/TRACE] [FML/extrautils2]: The mod extrautils2 accepts its own version (1.0)
[17:29:54] [Server thread/DEBUG] [FML/extrautils2]: Attempting to inject @SidedProxy classes into extrautils2
[17:29:54] [Server thread/DEBUG] [FML/extrautils2]: Attempting to inject @EventBusSubscriber classes into the eventbus for extrautils2
[17:29:54] [Server thread/DEBUG] [FML/extrautils2]: Attempting to inject @Config classes into extrautils2 for type INSTANCE
[17:29:54] [Server thread/TRACE] [extrautils2/extrautils2]: Sent event FMLConstructionEvent to mod extrautils2
[17:29:54] [Server thread/DEBUG] [FML/]: Bar Step: Construction - extrautils2 took 0.052s
[17:29:54] [Server thread/TRACE] [fairylights/fairylights]: Sending event FMLConstructionEvent to mod fairylights
[17:29:54] [Server thread/TRACE] [FML/fairylights]: Mod fairylights is using network checker : Accepting version 2.1.1
[17:29:54] [Server thread/TRACE] [FML/fairylights]: Testing mod fairylights to verify it accepts its own version in a remote connection
[17:29:54] [Server thread/TRACE] [FML/fairylights]: The mod fairylights accepts its own version (2.1.1)
[17:29:54] [Server thread/DEBUG] [FML/fairylights]: Attempting to inject @SidedProxy classes into fairylights
[17:29:54] [Server thread/DEBUG] [FML/fairylights]: Attempting to inject @EventBusSubscriber classes into the eventbus for fairylights
[17:29:54] [Server thread/DEBUG] [FML/fairylights]: Attempting to inject @Config classes into fairylights for type INSTANCE
[17:29:54] [Server thread/TRACE] [fairylights/fairylights]: Sent event FMLConstructionEvent to mod fairylights
[17:29:54] [Server thread/DEBUG] [FML/]: Bar Step: Construction - Fairy Lights took 0.025s
[17:29:54] [Server thread/TRACE] [llibrary/llibrary]: Sending event FMLConstructionEvent to mod llibrary
[17:29:54] [Server thread/TRACE] [FML/llibrary]: Mod llibrary is using network checker : Accepting version 1.7.7
[17:29:54] [Server thread/TRACE] [FML/llibrary]: Testing mod llibrary to verify it accepts its own version in a remote connection
[17:29:54] [Server thread/TRACE] [FML/llibrary]: The mod llibrary accepts its own version (1.7.7)
[17:29:54] [Server thread/DEBUG] [FML/llibrary]: Attempting to inject @SidedProxy classes into llibrary
[17:29:54] [Server thread/DEBUG] [FML/llibrary]: Attempting to inject @EventBusSubscriber classes into the eventbus for llibrary
[17:29:54] [Server thread/DEBUG] [FML/llibrary]: Attempting to inject @Config classes into llibrary for type INSTANCE
[17:29:54] [Server thread/TRACE] [llibrary/llibrary]: Sent event FMLConstructionEvent to mod llibrary
[17:29:54] [Server thread/DEBUG] [FML/]: Bar Step: Construction - LLibrary took 0.010s
[17:29:54] [Server thread/TRACE] [iceandfire/iceandfire]: Sending event FMLConstructionEvent to mod iceandfire
[17:29:54] [Server thread/TRACE] [FML/iceandfire]: Mod iceandfire is using network checker : Accepting version 1.2.1
[17:29:54] [Server thread/TRACE] [FML/iceandfire]: Testing mod iceandfire to verify it accepts its own version in a remote connection
[17:29:54] [Server thread/TRACE] [FML/iceandfire]: The mod iceandfire accepts its own version (1.2.1)
[17:29:54] [Server thread/DEBUG] [FML/iceandfire]: Attempting to inject @SidedProxy classes into iceandfire
[17:29:54] [Server thread/DEBUG] [FML/iceandfire]: Attempting to inject @EventBusSubscriber classes into the eventbus for iceandfire
[17:29:54] [Server thread/DEBUG] [FML/iceandfire]: Attempting to inject @Config classes into iceandfire for type INSTANCE
[17:29:54] [Server thread/TRACE] [iceandfire/iceandfire]: Sent event FMLConstructionEvent to mod iceandfire
[17:29:54] [Server thread/DEBUG] [FML/]: Bar Step: Construction - Ice and Fire took 0.012s
[17:29:54] [Server thread/TRACE] [jei/jei]: Sending event FMLConstructionEvent to mod jei
[17:29:54] [Server thread/DEBUG] [forge/jei]: Preloading CrashReport Classes
[17:29:54] [Server thread/DEBUG] [forge/jei]: 	mezz/jei/render/GuiIngredientFast$1
[17:29:54] [Server thread/DEBUG] [forge/jei]: 	mezz/jei/render/GuiIngredientFast$2
[17:29:54] [Server thread/TRACE] [FML/jei]: Mod jei is using network checker : Invoking method checkModLists
[17:29:54] [Server thread/TRACE] [FML/jei]: Testing mod jei to verify it accepts its own version in a remote connection
[17:29:54] [Server thread/TRACE] [FML/jei]: The mod jei accepts its own version (4.5.1.296)
[17:29:54] [Server thread/DEBUG] [FML/jei]: Attempting to inject @SidedProxy classes into jei
[17:29:54] [Server thread/DEBUG] [FML/jei]: Attempting to inject @EventBusSubscriber classes into the eventbus for jei
[17:29:54] [Server thread/DEBUG] [FML/jei]: Attempting to inject @Config classes into jei for type INSTANCE
[17:29:54] [Server thread/TRACE] [jei/jei]: Sent event FMLConstructionEvent to mod jei
[17:29:54] [Server thread/DEBUG] [FML/]: Bar Step: Construction - Just Enough Items took 0.009s
[17:29:54] [Server thread/TRACE] [journeymap/journeymap]: Sending event FMLConstructionEvent to mod journeymap
[17:29:54] [Server thread/TRACE] [FML/journeymap]: Mod journeymap is using network checker : Invoking method checkModLists
[17:29:54] [Server thread/TRACE] [FML/journeymap]: Testing mod journeymap to verify it accepts its own version in a remote connection
[17:29:54] [Server thread/TRACE] [FML/journeymap]: The mod journeymap accepts its own version (1.11.2-5.5.2)
[17:29:54] [Server thread/DEBUG] [FML/journeymap]: Attempting to inject @SidedProxy classes into journeymap
[17:29:54] [Server thread/DEBUG] [FML/journeymap]: Attempting to inject @EventBusSubscriber classes into the eventbus for journeymap
[17:29:54] [Server thread/DEBUG] [FML/journeymap]: Attempting to inject @Config classes into journeymap for type INSTANCE
[17:29:54] [Server thread/TRACE] [journeymap/journeymap]: Sent event FMLConstructionEvent to mod journeymap
[17:29:54] [Server thread/DEBUG] [FML/]: Bar Step: Construction - JourneyMap took 0.009s
[17:29:54] [Server thread/TRACE] [subcommonlib/subcommonlib]: Sending event FMLConstructionEvent to mod subcommonlib
[17:29:54] [Server thread/TRACE] [FML/subcommonlib]: Mod subcommonlib is using network checker : Accepting version 1.2.0.1
[17:29:54] [Server thread/TRACE] [FML/subcommonlib]: Testing mod subcommonlib to verify it accepts its own version in a remote connection
[17:29:54] [Server thread/TRACE] [FML/subcommonlib]: The mod subcommonlib accepts its own version (1.2.0.1)
[17:29:54] [Server thread/DEBUG] [FML/subcommonlib]: Attempting to inject @SidedProxy classes into subcommonlib
[17:29:54] [Server thread/DEBUG] [FML/subcommonlib]: Attempting to inject @EventBusSubscriber classes into the eventbus for subcommonlib
[17:29:54] [Server thread/DEBUG] [FML/subcommonlib]: Attempting to inject @Config classes into subcommonlib for type INSTANCE
[17:29:54] [Server thread/TRACE] [subcommonlib/subcommonlib]: Sent event FMLConstructionEvent to mod subcommonlib
[17:29:54] [Server thread/DEBUG] [FML/]: Bar Step: Construction - Subaraki's Common Library took 0.003s
[17:29:54] [Server thread/TRACE] [fashion/fashion]: Sending event FMLConstructionEvent to mod fashion
[17:29:54] [Server thread/TRACE] [FML/fashion]: Mod fashion is using network checker : Accepting version 1.11.2 0.1.2.0
[17:29:54] [Server thread/TRACE] [FML/fashion]: Testing mod fashion to verify it accepts its own version in a remote connection
[17:29:54] [Server thread/TRACE] [FML/fashion]: The mod fashion accepts its own version (1.11.2 0.1.2.0)
[17:29:54] [Server thread/DEBUG] [FML/fashion]: Attempting to inject @SidedProxy classes into fashion
[17:29:54] [Server thread/DEBUG] [FML/fashion]: Attempting to inject @EventBusSubscriber classes into the eventbus for fashion
[17:29:54] [Server thread/DEBUG] [FML/fashion]: Attempting to inject @Config classes into fashion for type INSTANCE
[17:29:54] [Server thread/TRACE] [fashion/fashion]: Sent event FMLConstructionEvent to mod fashion
[17:29:54] [Server thread/DEBUG] [FML/]: Bar Step: Construction - fashion mod took 0.004s
[17:29:54] [Server thread/TRACE] [malisiscore/malisiscore]: Sending event FMLConstructionEvent to mod malisiscore
[17:29:54] [Server thread/TRACE] [FML/malisiscore]: Mod malisiscore is using network checker : Accepting version 1.11.2-5.2.5
[17:29:54] [Server thread/TRACE] [FML/malisiscore]: Testing mod malisiscore to verify it accepts its own version in a remote connection
[17:29:54] [Server thread/TRACE] [FML/malisiscore]: The mod malisiscore accepts its own version (1.11.2-5.2.5)
[17:29:54] [Server thread/DEBUG] [FML/malisiscore]: Attempting to inject @SidedProxy classes into malisiscore
[17:29:54] [Server thread/DEBUG] [FML/malisiscore]: Attempting to inject @EventBusSubscriber classes into the eventbus for malisiscore
[17:29:54] [Server thread/DEBUG] [FML/malisiscore]: Attempting to inject @Config classes into malisiscore for type INSTANCE
[17:29:54] [Server thread/TRACE] [malisiscore/malisiscore]: Sent event FMLConstructionEvent to mod malisiscore
[17:29:54] [Server thread/DEBUG] [FML/]: Bar Step: Construction - MalisisCore took 0.010s
[17:29:54] [Server thread/TRACE] [malisisdoors/malisisdoors]: Sending event FMLConstructionEvent to mod malisisdoors
[17:29:54] [Server thread/TRACE] [FML/malisisdoors]: Mod malisisdoors is using network checker : Accepting version 1.11.2-6.1.3
[17:29:54] [Server thread/TRACE] [FML/malisisdoors]: Testing mod malisisdoors to verify it accepts its own version in a remote connection
[17:29:54] [Server thread/TRACE] [FML/malisisdoors]: The mod malisisdoors accepts its own version (1.11.2-6.1.3)
[17:29:54] [Server thread/DEBUG] [FML/malisisdoors]: Attempting to inject @SidedProxy classes into malisisdoors
[17:29:54] [Server thread/DEBUG] [FML/malisisdoors]: Attempting to inject @EventBusSubscriber classes into the eventbus for malisisdoors
[17:29:54] [Server thread/DEBUG] [FML/malisisdoors]: Attempting to inject @Config classes into malisisdoors for type INSTANCE
[17:29:54] [Server thread/TRACE] [malisisdoors/malisisdoors]: Sent event FMLConstructionEvent to mod malisisdoors
[17:29:54] [Server thread/DEBUG] [FML/]: Bar Step: Construction - MalisisDoors took 0.011s
[17:29:54] [Server thread/TRACE] [minions/minions]: Sending event FMLConstructionEvent to mod minions
[17:29:54] [Server thread/TRACE] [FML/minions]: Mod minions is using network checker : Accepting version 2.0.2
[17:29:54] [Server thread/TRACE] [FML/minions]: Testing mod minions to verify it accepts its own version in a remote connection
[17:29:54] [Server thread/TRACE] [FML/minions]: The mod minions accepts its own version (2.0.2)
[17:29:54] [Server thread/DEBUG] [FML/minions]: Attempting to inject @SidedProxy classes into minions
[17:29:54] [Server thread/DEBUG] [FML/minions]: Attempting to inject @EventBusSubscriber classes into the eventbus for minions
[17:29:54] [Server thread/DEBUG] [FML/minions]: Attempting to inject @Config classes into minions for type INSTANCE
[17:29:54] [Server thread/TRACE] [minions/minions]: Sent event FMLConstructionEvent to mod minions
[17:29:54] [Server thread/DEBUG] [FML/]: Bar Step: Construction - Minions took 0.028s
[17:29:54] [Server thread/TRACE] [mobtotems/mobtotems]: Sending event FMLConstructionEvent to mod mobtotems
[17:29:54] [Server thread/TRACE] [FML/mobtotems]: Mod mobtotems is using network checker : Accepting version 1.11.2-0.3.0
[17:29:54] [Server thread/TRACE] [FML/mobtotems]: Testing mod mobtotems to verify it accepts its own version in a remote connection
[17:29:54] [Server thread/TRACE] [FML/mobtotems]: The mod mobtotems accepts its own version (1.11.2-0.3.0)
[17:29:54] [Server thread/DEBUG] [FML/mobtotems]: Attempting to inject @SidedProxy classes into mobtotems
[17:29:54] [Server thread/DEBUG] [FML/mobtotems]: Attempting to inject @EventBusSubscriber classes into the eventbus for mobtotems
[17:29:54] [Server thread/DEBUG] [FML/mobtotems]: Found @EventBusSubscriber class com.corwinjv.mobtotems.blocks.ModBlocks
[17:29:54] [Server thread/DEBUG] [FML/mobtotems]: Injected @EventBusSubscriber class com.corwinjv.mobtotems.blocks.ModBlocks
[17:29:54] [Server thread/DEBUG] [FML/mobtotems]: Attempting to inject @Config classes into mobtotems for type INSTANCE
[17:29:54] [Server thread/TRACE] [mobtotems/mobtotems]: Sent event FMLConstructionEvent to mod mobtotems
[17:29:54] [Server thread/DEBUG] [FML/]: Bar Step: Construction - Mob Totems took 0.035s
[17:29:54] [Server thread/TRACE] [mowziesmobs/mowziesmobs]: Sending event FMLConstructionEvent to mod mowziesmobs
[17:29:54] [Server thread/TRACE] [FML/mowziesmobs]: Mod mowziesmobs is using network checker : Accepting version 1.4.0
[17:29:54] [Server thread/TRACE] [FML/mowziesmobs]: Testing mod mowziesmobs to verify it accepts its own version in a remote connection
[17:29:54] [Server thread/TRACE] [FML/mowziesmobs]: The mod mowziesmobs accepts its own version (1.4.0)
[17:29:54] [Server thread/DEBUG] [FML/mowziesmobs]: Attempting to inject @SidedProxy classes into mowziesmobs
[17:29:54] [Server thread/DEBUG] [FML/mowziesmobs]: Attempting to inject @EventBusSubscriber classes into the eventbus for mowziesmobs
[17:29:54] [Server thread/DEBUG] [FML/mowziesmobs]: Attempting to inject @Config classes into mowziesmobs for type INSTANCE
[17:29:54] [Server thread/TRACE] [mowziesmobs/mowziesmobs]: Sent event FMLConstructionEvent to mod mowziesmobs
[17:29:54] [Server thread/DEBUG] [FML/]: Bar Step: Construction - Mowzie's Mobs took 0.009s
[17:29:54] [Server thread/TRACE] [netherportalfix/netherportalfix]: Sending event FMLConstructionEvent to mod netherportalfix
[17:29:54] [Server thread/TRACE] [FML/netherportalfix]: Mod netherportalfix is using network checker : No network checking performed
[17:29:54] [Server thread/TRACE] [FML/netherportalfix]: Testing mod netherportalfix to verify it accepts its own version in a remote connection
[17:29:54] [Server thread/TRACE] [FML/netherportalfix]: The mod netherportalfix accepts its own version (1.0)
[17:29:54] [Server thread/DEBUG] [FML/netherportalfix]: Attempting to inject @SidedProxy classes into netherportalfix
[17:29:54] [Server thread/DEBUG] [FML/netherportalfix]: Attempting to inject @EventBusSubscriber classes into the eventbus for netherportalfix
[17:29:54] [Server thread/DEBUG] [FML/netherportalfix]: Attempting to inject @Config classes into netherportalfix for type INSTANCE
[17:29:54] [Server thread/TRACE] [netherportalfix/netherportalfix]: Sent event FMLConstructionEvent to mod netherportalfix
[17:29:54] [Server thread/DEBUG] [FML/]: Bar Step: Construction - NetherPortalFix took 0.004s
[17:29:54] [Server thread/TRACE] [nei/nei]: Sending event FMLConstructionEvent to mod nei
[17:29:54] [Server thread/TRACE] [FML/nei]: Mod nei is using network checker : Accepting version ${mod_version}
[17:29:54] [Server thread/TRACE] [FML/nei]: Testing mod nei to verify it accepts its own version in a remote connection
[17:29:54] [Server thread/TRACE] [FML/nei]: The mod nei accepts its own version (${mod_version})
[17:29:54] [Server thread/DEBUG] [FML/nei]: Attempting to inject @SidedProxy classes into nei
[17:29:54] [Server thread/DEBUG] [FML/nei]: Attempting to inject @EventBusSubscriber classes into the eventbus for nei
[17:29:54] [Server thread/DEBUG] [FML/nei]: Attempting to inject @Config classes into nei for type INSTANCE
[17:29:54] [Server thread/TRACE] [nei/nei]: Sent event FMLConstructionEvent to mod nei
[17:29:54] [Server thread/DEBUG] [FML/]: Bar Step: Construction - Not Enough Items took 0.009s
[17:29:54] [Server thread/TRACE] [personalcars/personalcars]: Sending event FMLConstructionEvent to mod personalcars
[17:29:54] [Server thread/TRACE] [FML/personalcars]: Mod personalcars is using network checker : Accepting version 1.2.2
[17:29:54] [Server thread/TRACE] [FML/personalcars]: Testing mod personalcars to verify it accepts its own version in a remote connection
[17:29:54] [Server thread/TRACE] [FML/personalcars]: The mod personalcars accepts its own version (1.2.2)
[17:29:54] [Server thread/DEBUG] [FML/personalcars]: Attempting to inject @SidedProxy classes into personalcars
[17:29:54] [Server thread/DEBUG] [FML/personalcars]: Attempting to inject @EventBusSubscriber classes into the eventbus for personalcars
[17:29:54] [Server thread/DEBUG] [FML/personalcars]: Attempting to inject @Config classes into personalcars for type INSTANCE
[17:29:54] [Server thread/TRACE] [personalcars/personalcars]: Sent event FMLConstructionEvent to mod personalcars
[17:29:54] [Server thread/DEBUG] [FML/]: Bar Step: Construction - Personal Cars took 0.005s
[17:29:54] [Server thread/TRACE] [placeableitems/placeableitems]: Sending event FMLConstructionEvent to mod placeableitems
[17:29:54] [Server thread/TRACE] [FML/placeableitems]: Mod placeableitems is using network checker : Accepting version 3.0.4.1
[17:29:54] [Server thread/TRACE] [FML/placeableitems]: Testing mod placeableitems to verify it accepts its own version in a remote connection
[17:29:54] [Server thread/TRACE] [FML/placeableitems]: The mod placeableitems accepts its own version (3.0.4.1)
[17:29:54] [Server thread/DEBUG] [FML/placeableitems]: Attempting to inject @SidedProxy classes into placeableitems
[17:29:54] [Server thread/DEBUG] [FML/placeableitems]: Attempting to inject @EventBusSubscriber classes into the eventbus for placeableitems
[17:29:54] [Server thread/DEBUG] [FML/placeableitems]: Attempting to inject @Config classes into placeableitems for type INSTANCE
[17:29:54] [Server thread/TRACE] [placeableitems/placeableitems]: Sent event FMLConstructionEvent to mod placeableitems
[17:29:54] [Server thread/DEBUG] [FML/]: Bar Step: Construction - Placeable Items Mod took 0.006s
[17:29:54] [Server thread/TRACE] [sophisticatedwolves/sophisticatedwolves]: Sending event FMLConstructionEvent to mod sophisticatedwolves
[17:29:54] [Server thread/TRACE] [FML/sophisticatedwolves]: Mod sophisticatedwolves is using network checker : Accepting version 3.9.1
[17:29:54] [Server thread/TRACE] [FML/sophisticatedwolves]: Testing mod sophisticatedwolves to verify it accepts its own version in a remote connection
[17:29:54] [Server thread/TRACE] [FML/sophisticatedwolves]: The mod sophisticatedwolves accepts its own version (3.9.1)
[17:29:54] [Server thread/DEBUG] [FML/sophisticatedwolves]: Attempting to inject @SidedProxy classes into sophisticatedwolves
[17:29:54] [Server thread/DEBUG] [FML/sophisticatedwolves]: Attempting to inject @EventBusSubscriber classes into the eventbus for sophisticatedwolves
[17:29:54] [Server thread/DEBUG] [FML/sophisticatedwolves]: Attempting to inject @Config classes into sophisticatedwolves for type INSTANCE
[17:29:54] [Server thread/TRACE] [sophisticatedwolves/sophisticatedwolves]: Sent event FMLConstructionEvent to mod sophisticatedwolves
[17:29:54] [Server thread/DEBUG] [FML/]: Bar Step: Construction - Sophisticated Wolves took 0.020s
[17:29:54] [Server thread/TRACE] [totemic/totemic]: Sending event FMLConstructionEvent to mod totemic
[17:29:54] [Server thread/TRACE] [FML/totemic]: Mod totemic is using network checker : Accepting version 1.11.2-0.8.7
[17:29:54] [Server thread/TRACE] [FML/totemic]: Testing mod totemic to verify it accepts its own version in a remote connection
[17:29:54] [Server thread/TRACE] [FML/totemic]: The mod totemic accepts its own version (1.11.2-0.8.7)
[17:29:54] [Server thread/DEBUG] [FML/totemic]: Attempting to inject @SidedProxy classes into totemic
[17:29:54] [Server thread/DEBUG] [FML/totemic]: Attempting to inject @EventBusSubscriber classes into the eventbus for totemic
[17:29:54] [Server thread/DEBUG] [FML/totemic]: Found @EventBusSubscriber class totemic_commons.pokefenn.ModItems
[17:29:54] [Server thread/DEBUG] [FML/totemic]: Injected @EventBusSubscriber class totemic_commons.pokefenn.ModItems
[17:29:54] [Server thread/DEBUG] [FML/totemic]: Found @EventBusSubscriber class totemic_commons.pokefenn.ModPotions
[17:29:54] [Server thread/DEBUG] [FML/totemic]: Injected @EventBusSubscriber class totemic_commons.pokefenn.ModPotions
[17:29:54] [Server thread/DEBUG] [FML/totemic]: Found @EventBusSubscriber class totemic_commons.pokefenn.ModSounds
[17:29:54] [Server thread/DEBUG] [FML/totemic]: Injected @EventBusSubscriber class totemic_commons.pokefenn.ModSounds
[17:29:54] [Server thread/DEBUG] [FML/totemic]: Found @EventBusSubscriber class totemic_commons.pokefenn.ModBlocks
[17:29:54] [Server thread/DEBUG] [FML/totemic]: Injected @EventBusSubscriber class totemic_commons.pokefenn.ModBlocks
[17:29:54] [Server thread/DEBUG] [FML/totemic]: Attempting to inject @Config classes into totemic for type INSTANCE
[17:29:54] [Server thread/TRACE] [totemic/totemic]: Sent event FMLConstructionEvent to mod totemic
[17:29:54] [Server thread/DEBUG] [FML/]: Bar Step: Construction - Totemic took 0.040s
[17:29:54] [Server thread/TRACE] [umbralux/umbralux]: Sending event FMLConstructionEvent to mod umbralux
[17:29:54] [Server thread/TRACE] [FML/umbralux]: Mod umbralux is using network checker : Accepting version 1.11.2-2.0.1.2
[17:29:54] [Server thread/TRACE] [FML/umbralux]: Testing mod umbralux to verify it accepts its own version in a remote connection
[17:29:54] [Server thread/TRACE] [FML/umbralux]: The mod umbralux accepts its own version (1.11.2-2.0.1.2)
[17:29:54] [Server thread/DEBUG] [FML/umbralux]: Attempting to inject @SidedProxy classes into umbralux
[17:29:54] [Server thread/DEBUG] [FML/umbralux]: Attempting to inject @EventBusSubscriber classes into the eventbus for umbralux
[17:29:54] [Server thread/DEBUG] [FML/umbralux]: Attempting to inject @Config classes into umbralux for type INSTANCE
[17:29:54] [Server thread/TRACE] [umbralux/umbralux]: Sent event FMLConstructionEvent to mod umbralux
[17:29:54] [Server thread/DEBUG] [FML/]: Bar Step: Construction - Umbra - Lux Addon for Rpg Inventory took 0.005s
[17:29:54] [Server thread/TRACE] [vampirism/vampirism]: Sending event FMLConstructionEvent to mod vampirism
[17:29:54] [Server thread/TRACE] [FML/vampirism]: Mod vampirism is using network checker : Accepting version 1.2.3
[17:29:54] [Server thread/TRACE] [FML/vampirism]: Testing mod vampirism to verify it accepts its own version in a remote connection
[17:29:54] [Server thread/TRACE] [FML/vampirism]: The mod vampirism accepts its own version (1.2.3)
[17:29:54] [Server thread/DEBUG] [FML/vampirism]: Attempting to inject @SidedProxy classes into vampirism
[17:29:54] [Server thread/DEBUG] [FML/vampirism]: Skipping proxy injection for de.teamlapen.lib.VampLib.proxy since it is not for mod vampirism
[17:29:54] [Server thread/DEBUG] [FML/vampirism]: Attempting to inject @EventBusSubscriber classes into the eventbus for vampirism
[17:29:54] [Server thread/DEBUG] [FML/vampirism]: Attempting to inject @Config classes into vampirism for type INSTANCE
[17:29:54] [Server thread/TRACE] [vampirism/vampirism]: Sent event FMLConstructionEvent to mod vampirism
[17:29:54] [Server thread/DEBUG] [FML/]: Bar Step: Construction - Vampirism took 0.063s
[17:29:54] [Server thread/TRACE] [teamlapen-lib/teamlapen-lib]: Sending event FMLConstructionEvent to mod teamlapen-lib
[17:29:54] [Server thread/TRACE] [FML/teamlapen-lib]: Mod teamlapen-lib is using network checker : Accepting version 1.2.3
[17:29:54] [Server thread/TRACE] [FML/teamlapen-lib]: Testing mod teamlapen-lib to verify it accepts its own version in a remote connection
[17:29:54] [Server thread/TRACE] [FML/teamlapen-lib]: The mod teamlapen-lib accepts its own version (1.2.3)
[17:29:54] [Server thread/DEBUG] [FML/teamlapen-lib]: Attempting to inject @SidedProxy classes into teamlapen-lib
[17:29:54] [Server thread/DEBUG] [FML/teamlapen-lib]: Skipping proxy injection for de.teamlapen.vampirism.VampirismMod.proxy since it is not for mod teamlapen-lib
[17:29:54] [Server thread/DEBUG] [FML/teamlapen-lib]: Attempting to inject @EventBusSubscriber classes into the eventbus for teamlapen-lib
[17:29:54] [Server thread/DEBUG] [FML/teamlapen-lib]: Attempting to inject @Config classes into teamlapen-lib for type INSTANCE
[17:29:54] [Server thread/DEBUG] [FML/teamlapen-lib]: Skipping @net.minecraftforge.fml.common.Mod$Instance injection for de.teamlapen.vampirism.VampirismMod.instance since it is not for mod teamlapen-lib
[17:29:54] [Server thread/TRACE] [teamlapen-lib/teamlapen-lib]: Sent event FMLConstructionEvent to mod teamlapen-lib
[17:29:54] [Server thread/DEBUG] [FML/]: Bar Step: Construction - TeamLapen Library took 0.008s
[17:29:54] [Server thread/TRACE] [waila/waila]: Sending event FMLConstructionEvent to mod waila
[17:29:54] [Server thread/TRACE] [FML/waila]: Mod waila is using network checker : No network checking performed
[17:29:54] [Server thread/TRACE] [FML/waila]: Testing mod waila to verify it accepts its own version in a remote connection
[17:29:54] [Server thread/TRACE] [FML/waila]: The mod waila accepts its own version (1.7.1)
[17:29:54] [Server thread/DEBUG] [FML/waila]: Attempting to inject @SidedProxy classes into waila
[17:29:54] [Server thread/DEBUG] [FML/waila]: Attempting to inject @EventBusSubscriber classes into the eventbus for waila
[17:29:54] [Server thread/DEBUG] [FML/waila]: Attempting to inject @Config classes into waila for type INSTANCE
[17:29:54] [Server thread/TRACE] [waila/waila]: Sent event FMLConstructionEvent to mod waila
[17:29:54] [Server thread/DEBUG] [FML/]: Bar Step: Construction - waila took 0.007s
[17:29:54] [Server thread/TRACE] [air_support/air_support]: Sending event FMLConstructionEvent to mod air_support
[17:29:54] [Server thread/TRACE] [FML/air_support]: Mod air_support is using network checker : Accepting version 0.2.0
[17:29:54] [Server thread/TRACE] [FML/air_support]: Testing mod air_support to verify it accepts its own version in a remote connection
[17:29:54] [Server thread/TRACE] [FML/air_support]: The mod air_support accepts its own version (0.2.0)
[17:29:54] [Server thread/DEBUG] [FML/air_support]: Attempting to inject @SidedProxy classes into air_support
[17:29:54] [Server thread/DEBUG] [FML/air_support]: Attempting to inject @EventBusSubscriber classes into the eventbus for air_support
[17:29:54] [Server thread/DEBUG] [FML/air_support]: Attempting to inject @Config classes into air_support for type INSTANCE
[17:29:54] [Server thread/TRACE] [air_support/air_support]: Sent event FMLConstructionEvent to mod air_support
[17:29:54] [Server thread/DEBUG] [FML/]: Bar Step: Construction - air_support took 0.012s
[17:29:54] [Server thread/DEBUG] [FML/]: Bar Finished: Construction took 1.625s
[17:29:54] [Server thread/DEBUG] [FML/]: Mod signature data
[17:29:54] [Server thread/DEBUG] [FML/]:  	Valid Signatures:
[17:29:54] [Server thread/DEBUG] [FML/]: 		(e3c3d50c7c986df74c645c0ac54639741c90a557) FML	(Forge Mod Loader	8.0.99.99)	forge-1.11.2-13.20.1.2588-universal.jar
[17:29:54] [Server thread/DEBUG] [FML/]: 		(e3c3d50c7c986df74c645c0ac54639741c90a557) forge	(Minecraft Forge	13.20.1.2588)	forge-1.11.2-13.20.1.2588-universal.jar
[17:29:54] [Server thread/DEBUG] [FML/]: 		(f1850c39b2516232a2108a7bd84d1cb5df93b261) codechickenlib	(CodeChicken Lib	3.0.0.298)	CodeChickenLib-1.11.2-3.0.0.298-universal.jar
[17:29:54] [Server thread/DEBUG] [FML/]: 		(f1850c39b2516232a2108a7bd84d1cb5df93b261) nei	(Not Enough Items	${mod_version})	NotEnoughItems-1.11.2-2.3.0.227-universal.jar
[17:29:54] [Server thread/DEBUG] [FML/]:  	Missing Signatures:
[17:29:54] [Server thread/DEBUG] [FML/]: 		minecraft	(Minecraft	1.11.2)	minecraft.jar
[17:29:54] [Server thread/DEBUG] [FML/]: 		mcp	(Minecraft Coder Pack	9.19)	minecraft.jar
[17:29:54] [Server thread/DEBUG] [FML/]: 		creativecoredummy	(CreativeCoreDummy	1.0.0)	minecraft.jar
[17:29:54] [Server thread/DEBUG] [FML/]: 		itemphysic	(ItemPhysic	1.4.0)	minecraft.jar
[17:29:54] [Server thread/DEBUG] [FML/]: 		forgeendertech	(Forge Endertech	1.11.2-2.2.0.0)	ForgeEndertech-1.11.2-2.2.0.0-build.0086.jar
[17:29:54] [Server thread/DEBUG] [FML/]: 		adhooks	(Advanced Hook Launchers	1.11.2-2.0.5.0)	AdHooks-1.11.2-2.0.5.0-build.0086.jar
[17:29:54] [Server thread/DEBUG] [FML/]: 		craftstudioapi	(CraftStudio API	0.3.0-beta)	CraftStudioAPI-universal-0.3.0.86-mc1.11.2-beta.jar
[17:29:54] [Server thread/DEBUG] [FML/]: 		animania	(Animania	1.4.2)	animania-1.11.2-1.4.2.jar
[17:29:54] [Server thread/DEBUG] [FML/]: 		bibliocraft	(BiblioCraft	2.3.3)	BiblioCraft[v2.3.3][MC1.11.2].jar
[17:29:54] [Server thread/DEBUG] [FML/]: 		creativecore	(CreativeCore	1.9.8)	CreativeCore v1.9.8 mc1.11.2.jar
[17:29:54] [Server thread/DEBUG] [FML/]: 		customnpcs	(CustomNPCs	1.11.2)	CustomNPCs_1.11.2(29oct17).jar
[17:29:54] [Server thread/DEBUG] [FML/]: 		cyclopscore	(Cyclops Core	0.10.9)	CyclopsCore-1.11.2-0.10.9.jar
[17:29:54] [Server thread/DEBUG] [FML/]: 		dailies	(Bailey's Dailies	1.11.2-6)	dailies-1.11.2-6.jar
[17:29:54] [Server thread/DEBUG] [FML/]: 		dmonsters	(Deadly Monsters	1.6)	Deadly Monsters 1.6.jar
[17:29:54] [Server thread/DEBUG] [FML/]: 		dissolution	(Dissolution	0.4.2.3)	dissolution-0.4.2.3.jar
[17:29:54] [Server thread/DEBUG] [FML/]: 		dungeondq	(DungeonDQ	10.00)	DungeonDQ_Ver10.00_[MC1.11.2].jar
[17:29:54] [Server thread/DEBUG] [FML/]: 		evilcraft	(EvilCraft	0.10.30)	EvilCraft-1.11.2-0.10.30.jar
[17:29:54] [Server thread/DEBUG] [FML/]: 		evilcraftcompat	(EvilCraft-Compat	1.0.0)	EvilCraft-1.11.2-0.10.30.jar
[17:29:54] [Server thread/DEBUG] [FML/]: 		extrautils2	(extrautils2	1.0)	extrautils2-1.11.2-1.6.7.jar
[17:29:54] [Server thread/DEBUG] [FML/]: 		fairylights	(Fairy Lights	2.1.1)	fairylights-2.1.1-1.11.x.jar
[17:29:54] [Server thread/DEBUG] [FML/]: 		llibrary	(LLibrary	1.7.7)	llibrary-1.7.7-1.11.2.jar
[17:29:54] [Server thread/DEBUG] [FML/]: 		iceandfire	(Ice and Fire	1.2.1)	iceandfire-1.2.1.jar
[17:29:54] [Server thread/DEBUG] [FML/]: 		jei	(Just Enough Items	4.5.1.296)	jei_1.11.2-4.5.1.296.jar
[17:29:54] [Server thread/DEBUG] [FML/]: 		journeymap	(JourneyMap	1.11.2-5.5.2)	journeymap-1.11.2-5.5.2.jar
[17:29:54] [Server thread/DEBUG] [FML/]: 		subcommonlib	(Subaraki's Common Library	1.2.0.1)	sublib-1.11.2-1.2.0.1.jar
[17:29:54] [Server thread/DEBUG] [FML/]: 		fashion	(fashion mod	1.11.2 0.1.2.0)	JustFashion-1.11.2-0.1.2.0.jar
[17:29:54] [Server thread/DEBUG] [FML/]: 		malisiscore	(MalisisCore	1.11.2-5.2.5)	malisiscore-1.11.2-5.2.5.jar
[17:29:54] [Server thread/DEBUG] [FML/]: 		malisisdoors	(MalisisDoors	1.11.2-6.1.3)	malisisdoors-1.11.2-6.1.3.jar
[17:29:54] [Server thread/DEBUG] [FML/]: 		minions	(Minions	2.0.2)	Minions-1.11.2.jar
[17:29:54] [Server thread/DEBUG] [FML/]: 		mobtotems	(Mob Totems	1.11.2-0.3.0)	mobtotems-1.11.2-0.3.0.jar
[17:29:54] [Server thread/DEBUG] [FML/]: 		mowziesmobs	(Mowzie's Mobs	1.4.0)	mowziesmobs-1.4.0.jar
[17:29:54] [Server thread/DEBUG] [FML/]: 		netherportalfix	(NetherPortalFix	1.0)	NetherPortalFix_1.11.2-4.3.4.jar
[17:29:54] [Server thread/DEBUG] [FML/]: 		personalcars	(Personal Cars	1.2.2)	PersonalCars-1.2.2.jar
[17:29:54] [Server thread/DEBUG] [FML/]: 		placeableitems	(Placeable Items Mod	3.0.4.1)	placeableitems-3.0.4.1.jar
[17:29:54] [Server thread/DEBUG] [FML/]: 		sophisticatedwolves	(Sophisticated Wolves	3.9.1)	SophisticatedWolves-1.11.2-3.9.1.jar
[17:29:54] [Server thread/DEBUG] [FML/]: 		totemic	(Totemic	1.11.2-0.8.7)	Totemic-1.11.2-0.8.7.jar
[17:29:54] [Server thread/DEBUG] [FML/]: 		umbralux	(Umbra - Lux Addon for Rpg Inventory	1.11.2-2.0.1.2)	umbralux-1.11.2-2.0.1.2.jar
[17:29:54] [Server thread/DEBUG] [FML/]: 		vampirism	(Vampirism	1.2.3)	Vampirism-1.11.2-1.2.3.jar
[17:29:54] [Server thread/DEBUG] [FML/]: 		teamlapen-lib	(TeamLapen Library	1.2.3)	Vampirism-1.11.2-1.2.3.jar
[17:29:54] [Server thread/DEBUG] [FML/]: 		waila	(waila	1.7.1)	Waila-1.7.1_1.11.2.jar
[17:29:54] [Server thread/DEBUG] [FML/]: 		air_support	(air_support	0.2.0)	AirSupport-0.2.0.jar
[17:29:54] [Server thread/INFO] [FML/]: Processing ObjectHolder annotations
[17:29:54] [Server thread/INFO] [FML/]: Found 1219 ObjectHolder annotations
[17:29:54] [Server thread/INFO] [FML/]: Identifying ItemStackHolder annotations
[17:29:54] [Server thread/INFO] [FML/]: Found 0 ItemStackHolder annotations
[17:29:55] [Server thread/INFO] [FML/]: Applying holder lookups
[17:29:55] [Server thread/DEBUG] [FML/]: Unable to lookup totemic:flute for public static totemic_commons.pokefenn.item.equipment.music.ItemFlute totemic_commons.pokefenn.ModItems.flute. This means the object wasn't registered. It's likely just mod options.
[17:29:55] [Server thread/DEBUG] [FML/]: Unable to lookup totemic:rattle for public static totemic_commons.pokefenn.item.equipment.music.ItemRattle totemic_commons.pokefenn.ModItems.rattle. This means the object wasn't registered. It's likely just mod options.
[17:29:55] [Server thread/DEBUG] [FML/]: Unable to lookup totemic:jingle_dress for public static totemic_commons.pokefenn.item.equipment.music.ItemJingleDress totemic_commons.pokefenn.ModItems.jingle_dress. This means the object wasn't registered. It's likely just mod options.
[17:29:55] [Server thread/DEBUG] [FML/]: Unable to lookup totemic:totem_whittling_knife for public static totemic_commons.pokefenn.item.equipment.ItemTotemWhittlingKnife totemic_commons.pokefenn.ModItems.totem_whittling_knife. This means the object wasn't registered. It's likely just mod options.
[17:29:55] [Server thread/DEBUG] [FML/]: Unable to lookup totemic:bark_stripper for public static totemic_commons.pokefenn.item.equipment.ItemBarkStripper totemic_commons.pokefenn.ModItems.bark_stripper. This means the object wasn't registered. It's likely just mod options.
[17:29:55] [Server thread/DEBUG] [FML/]: Unable to lookup totemic:totemic_staff for public static totemic_commons.pokefenn.item.equipment.ItemTotemicStaff totemic_commons.pokefenn.ModItems.totemic_staff. This means the object wasn't registered. It's likely just mod options.
[17:29:55] [Server thread/DEBUG] [FML/]: Unable to lookup totemic:sub_items for public static totemic_commons.pokefenn.item.ItemTotemicItems totemic_commons.pokefenn.ModItems.sub_items. This means the object wasn't registered. It's likely just mod options.
[17:29:55] [Server thread/DEBUG] [FML/]: Unable to lookup totemic:totempedia for public static totemic_commons.pokefenn.item.ItemTotempedia totemic_commons.pokefenn.ModItems.totempedia. This means the object wasn't registered. It's likely just mod options.
[17:29:55] [Server thread/DEBUG] [FML/]: Unable to lookup totemic:buffalo_items for public static totemic_commons.pokefenn.item.ItemBuffaloDrops totemic_commons.pokefenn.ModItems.buffalo_items. This means the object wasn't registered. It's likely just mod options.
[17:29:55] [Server thread/DEBUG] [FML/]: Unable to lookup totemic:buffalo_meat for public static net.minecraft.item.ItemFood totemic_commons.pokefenn.ModItems.buffalo_meat. This means the object wasn't registered. It's likely just mod options.
[17:29:55] [Server thread/DEBUG] [FML/]: Unable to lookup totemic:cooked_buffalo_meat for public static net.minecraft.item.ItemFood totemic_commons.pokefenn.ModItems.cooked_buffalo_meat. This means the object wasn't registered. It's likely just mod options.
[17:29:55] [Server thread/DEBUG] [FML/]: Unable to lookup totemic:baykok_bow for public static totemic_commons.pokefenn.item.equipment.weapon.ItemBaykokBow totemic_commons.pokefenn.ModItems.baykok_bow. This means the object wasn't registered. It's likely just mod options.
[17:29:55] [Server thread/DEBUG] [FML/]: Unable to lookup totemic:medicine_bag for public static totemic_commons.pokefenn.item.equipment.ItemMedicineBag totemic_commons.pokefenn.ModItems.medicine_bag. This means the object wasn't registered. It's likely just mod options.
[17:29:55] [Server thread/DEBUG] [FML/]: Unable to lookup totemic:ceremony_cheat for public static totemic_commons.pokefenn.item.ItemCeremonyCheat totemic_commons.pokefenn.ModItems.ceremony_cheat. This means the object wasn't registered. It's likely just mod options.
[17:29:55] [Server thread/DEBUG] [FML/]: Unable to lookup dungeondq:redstonewire2 for public static net.minecraft.item.Item dungeondq.DungeonCore$ITEMS.redstonewire2. This means the object wasn't registered. It's likely just mod options.
[17:29:55] [Server thread/DEBUG] [FML/]: Unable to lookup dungeondq:otosiana for public static net.minecraft.item.Item dungeondq.DungeonCore$ITEMS.otosiana. This means the object wasn't registered. It's likely just mod options.
[17:29:55] [Server thread/DEBUG] [FML/]: Unable to lookup dungeondq:kakusibeya for public static net.minecraft.item.Item dungeondq.DungeonCore$ITEMS.kakusibeya. This means the object wasn't registered. It's likely just mod options.
[17:29:55] [Server thread/DEBUG] [FML/]: Unable to lookup dungeondq:kakusijump for public static net.minecraft.item.Item dungeondq.DungeonCore$ITEMS.kakusijump. This means the object wasn't registered. It's likely just mod options.
[17:29:55] [Server thread/DEBUG] [FML/]: Unable to lookup dungeondq:allkabe for public static net.minecraft.item.Item dungeondq.DungeonCore$ITEMS.allkabe. This means the object wasn't registered. It's likely just mod options.
[17:29:55] [Server thread/DEBUG] [FML/]: Unable to lookup dungeondq:yokokaben for public static net.minecraft.item.Item dungeondq.DungeonCore$ITEMS.yokokaben. This means the object wasn't registered. It's likely just mod options.
[17:29:55] [Server thread/DEBUG] [FML/]: Unable to lookup dungeondq:yokokabes for public static net.minecraft.item.Item dungeondq.DungeonCore$ITEMS.yokokabes. This means the object wasn't registered. It's likely just mod options.
[17:29:55] [Server thread/DEBUG] [FML/]: Unable to lookup dungeondq:yokokabee for public static net.minecraft.item.Item dungeondq.DungeonCore$ITEMS.yokokabee. This means the object wasn't registered. It's likely just mod options.
[17:29:55] [Server thread/DEBUG] [FML/]: Unable to lookup dungeondq:yokokabew for public static net.minecraft.item.Item dungeondq.DungeonCore$ITEMS.yokokabew. This means the object wasn't registered. It's likely just mod options.
[17:29:55] [Server thread/DEBUG] [FML/]: Unable to lookup dungeondq:yokokabeu for public static net.minecraft.item.Item dungeondq.DungeonCore$ITEMS.yokokabeu. This means the object wasn't registered. It's likely just mod options.
[17:29:55] [Server thread/DEBUG] [FML/]: Unable to lookup dungeondq:warp0 for public static net.minecraft.item.Item dungeondq.DungeonCore$ITEMS.warp0. This means the object wasn't registered. It's likely just mod options.
[17:29:55] [Server thread/DEBUG] [FML/]: Unable to lookup dungeondq:warp1 for public static net.minecraft.item.Item dungeondq.DungeonCore$ITEMS.warp1. This means the object wasn't registered. It's likely just mod options.
[17:29:55] [Server thread/DEBUG] [FML/]: Unable to lookup dungeondq:warp2 for public static net.minecraft.item.Item dungeondq.DungeonCore$ITEMS.warp2. This means the object wasn't registered. It's likely just mod options.
[17:29:55] [Server thread/DEBUG] [FML/]: Unable to lookup dungeondq:warp3 for public static net.minecraft.item.Item dungeondq.DungeonCore$ITEMS.warp3. This means the object wasn't registered. It's likely just mod options.
[17:29:55] [Server thread/DEBUG] [FML/]: Unable to lookup dungeondq:warp4 for public static net.minecraft.item.Item dungeondq.DungeonCore$ITEMS.warp4. This means the object wasn't registered. It's likely just mod options.
[17:29:55] [Server thread/DEBUG] [FML/]: Unable to lookup dungeondq:warp5 for public static net.minecraft.item.Item dungeondq.DungeonCore$ITEMS.warp5. This means the object wasn't registered. It's likely just mod options.
[17:29:55] [Server thread/DEBUG] [FML/]: Unable to lookup dungeondq:warp6 for public static net.minecraft.item.Item dungeondq.DungeonCore$ITEMS.warp6. This means the object wasn't registered. It's likely just mod options.
[17:29:55] [Server thread/DEBUG] [FML/]: Unable to lookup dungeondq:warp7 for public static net.minecraft.item.Item dungeondq.DungeonCore$ITEMS.warp7. This means the object wasn't registered. It's likely just mod options.
[17:29:55] [Server thread/DEBUG] [FML/]: Unable to lookup dungeondq:warp8 for public static net.minecraft.item.Item dungeondq.DungeonCore$ITEMS.warp8. This means the object wasn't registered. It's likely just mod options.
[17:29:55] [Server thread/DEBUG] [FML/]: Unable to lookup dungeondq:warp9 for public static net.minecraft.item.Item dungeondq.DungeonCore$ITEMS.warp9. This means the object wasn't registered. It's likely just mod options.
[17:29:55] [Server thread/DEBUG] [FML/]: Unable to lookup dungeondq:warp10 for public static net.minecraft.item.Item dungeondq.DungeonCore$ITEMS.warp10. This means the object wasn't registered. It's likely just mod options.
[17:29:55] [Server thread/DEBUG] [FML/]: Unable to lookup dungeondq:warp11 for public static net.minecraft.item.Item dungeondq.DungeonCore$ITEMS.warp11. This means the object wasn't registered. It's likely just mod options.
[17:29:55] [Server thread/DEBUG] [FML/]: Unable to lookup dungeondq:warp12 for public static net.minecraft.item.Item dungeondq.DungeonCore$ITEMS.warp12. This means the object wasn't registered. It's likely just mod options.
[17:29:55] [Server thread/DEBUG] [FML/]: Unable to lookup dungeondq:warp13 for public static net.minecraft.item.Item dungeondq.DungeonCore$ITEMS.warp13. This means the object wasn't registered. It's likely just mod options.
[17:29:55] [Server thread/DEBUG] [FML/]: Unable to lookup dungeondq:warp14 for public static net.minecraft.item.Item dungeondq.DungeonCore$ITEMS.warp14. This means the object wasn't registered. It's likely just mod options.
[17:29:55] [Server thread/DEBUG] [FML/]: Unable to lookup dungeondq:warp15 for public static net.minecraft.item.Item dungeondq.DungeonCore$ITEMS.warp15. This means the object wasn't registered. It's likely just mod options.
[17:29:55] [Server thread/DEBUG] [FML/]: Unable to lookup dungeondq:allmove for public static net.minecraft.item.Item dungeondq.DungeonCore$ITEMS.allmove. This means the object wasn't registered. It's likely just mod options.
[17:29:55] [Server thread/DEBUG] [FML/]: Unable to lookup dungeondq:moven for public static net.minecraft.item.Item dungeondq.DungeonCore$ITEMS.moven. This means the object wasn't registered. It's likely just mod options.
[17:29:55] [Server thread/DEBUG] [FML/]: Unable to lookup dungeondq:moves for public static net.minecraft.item.Item dungeondq.DungeonCore$ITEMS.moves. This means the object wasn't registered. It's likely just mod options.
[17:29:55] [Server thread/DEBUG] [FML/]: Unable to lookup dungeondq:movee for public static net.minecraft.item.Item dungeondq.DungeonCore$ITEMS.movee. This means the object wasn't registered. It's likely just mod options.
[17:29:55] [Server thread/DEBUG] [FML/]: Unable to lookup dungeondq:movew for public static net.minecraft.item.Item dungeondq.DungeonCore$ITEMS.movew. This means the object wasn't registered. It's likely just mod options.
[17:29:55] [Server thread/DEBUG] [FML/]: Unable to lookup dungeondq:jump0 for public static net.minecraft.item.Item dungeondq.DungeonCore$ITEMS.jump0. This means the object wasn't registered. It's likely just mod options.
[17:29:55] [Server thread/DEBUG] [FML/]: Unable to lookup dungeondq:jump1 for public static net.minecraft.item.Item dungeondq.DungeonCore$ITEMS.jump1. This means the object wasn't registered. It's likely just mod options.
[17:29:55] [Server thread/DEBUG] [FML/]: Unable to lookup dungeondq:jump2 for public static net.minecraft.item.Item dungeondq.DungeonCore$ITEMS.jump2. This means the object wasn't registered. It's likely just mod options.
[17:29:55] [Server thread/DEBUG] [FML/]: Unable to lookup dungeondq:jump3 for public static net.minecraft.item.Item dungeondq.DungeonCore$ITEMS.jump3. This means the object wasn't registered. It's likely just mod options.
[17:29:55] [Server thread/DEBUG] [FML/]: Unable to lookup dungeondq:jump4 for public static net.minecraft.item.Item dungeondq.DungeonCore$ITEMS.jump4. This means the object wasn't registered. It's likely just mod options.
[17:29:55] [Server thread/DEBUG] [FML/]: Unable to lookup dungeondq:jump5 for public static net.minecraft.item.Item dungeondq.DungeonCore$ITEMS.jump5. This means the object wasn't registered. It's likely just mod options.
[17:29:55] [Server thread/DEBUG] [FML/]: Unable to lookup dungeondq:web2 for public static net.minecraft.item.Item dungeondq.DungeonCore$ITEMS.web2. This means the object wasn't registered. It's likely just mod options.
[17:29:55] [Server thread/DEBUG] [FML/]: Unable to lookup dungeondq:boss for public static net.minecraft.item.Item dungeondq.DungeonCore$ITEMS.boss. This means the object wasn't registered. It's likely just mod options.
[17:29:55] [Server thread/DEBUG] [FML/]: Unable to lookup dungeondq:mob for public static net.minecraft.item.Item dungeondq.DungeonCore$ITEMS.mob. This means the object wasn't registered. It's likely just mod options.
[17:29:55] [Server thread/DEBUG] [FML/]: Unable to lookup dungeondq:dimwarp for public static net.minecraft.item.Item dungeondq.DungeonCore$ITEMS.dimwarp. This means the object wasn't registered. It's likely just mod options.
[17:29:55] [Server thread/DEBUG] [FML/]: Unable to lookup dungeondq:dimwarp2 for public static net.minecraft.item.Item dungeondq.DungeonCore$ITEMS.dimwarp2. This means the object wasn't registered. It's likely just mod options.
[17:29:55] [Server thread/DEBUG] [FML/]: Unable to lookup dungeondq:dimwarp3 for public static net.minecraft.item.Item dungeondq.DungeonCore$ITEMS.dimwarp3. This means the object wasn't registered. It's likely just mod options.
[17:29:55] [Server thread/DEBUG] [FML/]: Unable to lookup dungeondq:idimwarp for public static net.minecraft.item.Item dungeondq.DungeonCore$ITEMS.idimwarp. This means the object wasn't registered. It's likely just mod options.
[17:29:55] [Server thread/DEBUG] [FML/]: Unable to lookup dungeondq:idimwarp2 for public static net.minecraft.item.Item dungeondq.DungeonCore$ITEMS.idimwarp2. This means the object wasn't registered. It's likely just mod options.
[17:29:55] [Server thread/DEBUG] [FML/]: Unable to lookup dungeondq:idimwarp3 for public static net.minecraft.item.Item dungeondq.DungeonCore$ITEMS.idimwarp3. This means the object wasn't registered. It's likely just mod options.
[17:29:55] [Server thread/DEBUG] [FML/]: Unable to lookup dungeondq:ito for public static net.minecraft.item.Item dungeondq.DungeonCore$ITEMS.ito. This means the object wasn't registered. It's likely just mod options.
[17:29:55] [Server thread/DEBUG] [FML/]: Unable to lookup dungeondq:itomet for public static net.minecraft.item.Item dungeondq.DungeonCore$ITEMS.itomet. This means the object wasn't registered. It's likely just mod options.
[17:29:55] [Server thread/DEBUG] [FML/]: Unable to lookup dungeondq:dbsword for public static net.minecraft.item.Item dungeondq.DungeonCore$ITEMS.dbsword. This means the object wasn't registered. It's likely just mod options.
[17:29:55] [Server thread/DEBUG] [FML/]: Unable to lookup dungeondq:particle for public static net.minecraft.item.Item dungeondq.DungeonCore$ITEMS.particle. This means the object wasn't registered. It's likely just mod options.
[17:29:55] [Server thread/DEBUG] [FML/]: Unable to lookup dungeondq:sound for public static net.minecraft.item.Item dungeondq.DungeonCore$ITEMS.sound. This means the object wasn't registered. It's likely just mod options.
[17:29:55] [Server thread/DEBUG] [FML/]: Unable to lookup dungeondq:db for public static net.minecraft.item.Item dungeondq.DungeonCore$ITEMS.db. This means the object wasn't registered. It's likely just mod options.
[17:29:55] [Server thread/DEBUG] [FML/]: Unable to lookup dungeondq:fire for public static net.minecraft.item.Item dungeondq.DungeonCore$ITEMS.fire. This means the object wasn't registered. It's likely just mod options.
[17:29:55] [Server thread/DEBUG] [FML/]: Unable to lookup dungeondq:blast for public static net.minecraft.item.Item dungeondq.DungeonCore$ITEMS.blast. This means the object wasn't registered. It's likely just mod options.
[17:29:55] [Server thread/DEBUG] [FML/]: Unable to lookup dungeondq:water for public static net.minecraft.item.Item dungeondq.DungeonCore$ITEMS.water. This means the object wasn't registered. It's likely just mod options.
[17:29:55] [Server thread/DEBUG] [FML/]: Unable to lookup dungeondq:wind for public static net.minecraft.item.Item dungeondq.DungeonCore$ITEMS.wind. This means the object wasn't registered. It's likely just mod options.
[17:29:55] [Server thread/DEBUG] [FML/]: Unable to lookup dungeondq:thunder for public static net.minecraft.item.Item dungeondq.DungeonCore$ITEMS.thunder. This means the object wasn't registered. It's likely just mod options.
[17:29:55] [Server thread/DEBUG] [FML/]: Unable to lookup dungeondq:heal for public static net.minecraft.item.Item dungeondq.DungeonCore$ITEMS.heal. This means the object wasn't registered. It's likely just mod options.
[17:29:55] [Server thread/DEBUG] [FML/]: Unable to lookup dungeondq:absorption for public static net.minecraft.item.Item dungeondq.DungeonCore$ITEMS.absorption. This means the object wasn't registered. It's likely just mod options.
[17:29:55] [Server thread/INFO] [FML/]: Holder lookups applied
[17:29:55] [Server thread/INFO] [FML/]: Applying holder lookups
[17:29:55] [Server thread/DEBUG] [FML/]: Unable to lookup dungeondq:dbsword for public static net.minecraft.item.Item dungeondq.DungeonCore$ITEMS.dbsword. This means the object wasn't registered. It's likely just mod options.
[17:29:55] [Server thread/DEBUG] [FML/]: Unable to lookup dungeondq:particle for public static net.minecraft.item.Item dungeondq.DungeonCore$ITEMS.particle. This means the object wasn't registered. It's likely just mod options.
[17:29:55] [Server thread/DEBUG] [FML/]: Unable to lookup dungeondq:sound for public static net.minecraft.item.Item dungeondq.DungeonCore$ITEMS.sound. This means the object wasn't registered. It's likely just mod options.
[17:29:55] [Server thread/DEBUG] [FML/]: Unable to lookup dungeondq:db for public static net.minecraft.item.Item dungeondq.DungeonCore$ITEMS.db. This means the object wasn't registered. It's likely just mod options.
[17:29:55] [Server thread/INFO] [FML/]: Holder lookups applied
[17:29:55] [Server thread/INFO] [FML/]: Applying holder lookups
[17:29:55] [Server thread/DEBUG] [FML/]: Unable to lookup dungeondq:dbsword for public static net.minecraft.item.Item dungeondq.DungeonCore$ITEMS.dbsword. This means the object wasn't registered. It's likely just mod options.
[17:29:55] [Server thread/DEBUG] [FML/]: Unable to lookup dungeondq:particle for public static net.minecraft.item.Item dungeondq.DungeonCore$ITEMS.particle. This means the object wasn't registered. It's likely just mod options.
[17:29:55] [Server thread/DEBUG] [FML/]: Unable to lookup dungeondq:sound for public static net.minecraft.item.Item dungeondq.DungeonCore$ITEMS.sound. This means the object wasn't registered. It's likely just mod options.
[17:29:55] [Server thread/DEBUG] [FML/]: Unable to lookup dungeondq:db for public static net.minecraft.item.Item dungeondq.DungeonCore$ITEMS.db. This means the object wasn't registered. It's likely just mod options.
[17:29:55] [Server thread/INFO] [FML/]: Holder lookups applied
[17:29:55] [Server thread/TRACE] [minecraft/minecraft]: Sending event FMLPreInitializationEvent to mod minecraft
[17:29:55] [Server thread/TRACE] [minecraft/minecraft]: Sent event FMLPreInitializationEvent to mod minecraft
[17:29:55] [Server thread/DEBUG] [FML/]: Bar Step: PreInitialization - Minecraft took 0.000s
[17:29:55] [Server thread/TRACE] [mcp/mcp]: Sending event FMLPreInitializationEvent to mod mcp
[17:29:55] [Server thread/TRACE] [mcp/mcp]: Sent event FMLPreInitializationEvent to mod mcp
[17:29:55] [Server thread/DEBUG] [FML/]: Bar Step: PreInitialization - Minecraft Coder Pack took 0.000s
[17:29:55] [Server thread/TRACE] [FML/FML]: Sending event FMLPreInitializationEvent to mod FML
[17:29:55] [Server thread/TRACE] [FML/FML]: Sent event FMLPreInitializationEvent to mod FML
[17:29:55] [Server thread/DEBUG] [FML/]: Bar Step: PreInitialization - Forge Mod Loader took 0.000s
[17:29:55] [Server thread/TRACE] [forge/forge]: Sending event FMLPreInitializationEvent to mod forge
[17:29:55] [Server thread/INFO] [FML/forge]: Configured a dormant chunk cache size of 0
[17:29:55] [Forge Version Check/INFO] [ForgeVersionCheck/forge]: [codechickenlib] Starting version check at http://chickenbones.net/Files/notification/version.php?query=forge&version=1.11.2&file=CodeChickenLib
[17:29:55] [Server thread/TRACE] [forge/forge]: Sent event FMLPreInitializationEvent to mod forge
[17:29:55] [Server thread/DEBUG] [FML/]: Bar Step: PreInitialization - Minecraft Forge took 0.057s
[17:29:55] [Server thread/TRACE] [creativecoredummy/creativecoredummy]: Sending event FMLPreInitializationEvent to mod creativecoredummy
[17:29:55] [Server thread/TRACE] [creativecoredummy/creativecoredummy]: Sent event FMLPreInitializationEvent to mod creativecoredummy
[17:29:55] [Server thread/DEBUG] [FML/]: Bar Step: PreInitialization - CreativeCoreDummy took 0.000s
[17:29:55] [Server thread/TRACE] [itemphysic/itemphysic]: Sending event FMLPreInitializationEvent to mod itemphysic
[17:29:55] [Server thread/TRACE] [itemphysic/itemphysic]: Sent event FMLPreInitializationEvent to mod itemphysic
[17:29:55] [Server thread/DEBUG] [FML/]: Bar Step: PreInitialization - ItemPhysic took 0.002s
[17:29:55] [Server thread/TRACE] [forgeendertech/forgeendertech]: Sending event FMLPreInitializationEvent to mod forgeendertech
[17:29:55] [Server thread/TRACE] [forgeendertech/forgeendertech]: Sent event FMLPreInitializationEvent to mod forgeendertech
[17:29:55] [Server thread/DEBUG] [FML/]: Bar Step: PreInitialization - Forge Endertech took 0.000s
[17:29:55] [Server thread/TRACE] [adhooks/adhooks]: Sending event FMLPreInitializationEvent to mod adhooks
[17:29:55] [Server thread/INFO] [adhooks/adhooks]: PreInitialization of 'Advanced Hook Launchers'
[17:29:55] [Server thread/INFO] [adhooks/adhooks]: registered: <adhooks:pudge_hook> as ForgeItem{ status = OK, regName = pudge_hook, enabled = true }
[17:29:55] [Server thread/INFO] [adhooks/adhooks]: registered: <adhooks:pudge_launcher> as ForgeItem{ status = OK, regName = pudge_launcher, enabled = true }
[17:29:55] [Server thread/INFO] [adhooks/adhooks]: registered: <adhooks:spear_hook> as ForgeItem{ status = OK, regName = spear_hook, enabled = true }
[17:29:55] [Server thread/INFO] [adhooks/adhooks]: registered: <adhooks:spear_launcher> as ForgeItem{ status = OK, regName = spear_launcher, enabled = true }
[17:29:55] [Server thread/INFO] [adhooks/adhooks]: registered: <adhooks:web_hook> as ForgeItem{ status = OK, regName = web_hook, enabled = true }
[17:29:55] [Server thread/INFO] [adhooks/adhooks]: registered: <adhooks:web_launcher> as ForgeItem{ status = OK, regName = web_launcher, enabled = true }
[17:29:55] [Server thread/TRACE] [adhooks/adhooks]: Sent event FMLPreInitializationEvent to mod adhooks
[17:29:55] [Server thread/DEBUG] [FML/]: Bar Step: PreInitialization - Advanced Hook Launchers took 0.424s
[17:29:55] [Server thread/TRACE] [craftstudioapi/craftstudioapi]: Sending event FMLPreInitializationEvent to mod craftstudioapi
[17:29:55] [Server thread/TRACE] [craftstudioapi/craftstudioapi]: Sent event FMLPreInitializationEvent to mod craftstudioapi
[17:29:55] [Server thread/DEBUG] [FML/]: Bar Step: PreInitialization - CraftStudio API took 0.010s
[17:29:55] [Server thread/TRACE] [animania/animania]: Sending event FMLPreInitializationEvent to mod animania
[17:29:55] [Server thread/TRACE] [FML/animania]: Automatically registered mod animania entity animania.CowHolstein as animania:textures/entity/cows/cow_holstein.png
[17:29:55] [Server thread/TRACE] [FML/animania]: Automatically registered mod animania entity animania.BullHolstein as animania:textures/entity/cows/bull_holstein.png
[17:29:55] [Server thread/TRACE] [FML/animania]: Automatically registered mod animania entity animania.CalfHolstein as animania:textures/entity/cows/calf_holstein.png
[17:29:55] [Server thread/TRACE] [FML/animania]: Automatically registered mod animania entity animania.CowFriesian as animania:textures/entity/cows/cow_friesian.png
[17:29:55] [Server thread/TRACE] [FML/animania]: Automatically registered mod animania entity animania.BullFriesian as animania:textures/entity/cows/bull_friesian.png
[17:29:55] [Server thread/TRACE] [FML/animania]: Automatically registered mod animania entity animania.CalfFriesian as animania:textures/entity/cows/calf_friesian.png
[17:29:55] [Server thread/TRACE] [FML/animania]: Automatically registered mod animania entity animania.CowAngus as animania:textures/entity/cows/cow_angus.png
[17:29:55] [Server thread/TRACE] [FML/animania]: Automatically registered mod animania entity animania.BullAngus as animania:textures/entity/cows/bull_angus.png
[17:29:55] [Server thread/TRACE] [FML/animania]: Automatically registered mod animania entity animania.CalfAngus as animania:textures/entity/cows/calf_angus.png
[17:29:55] [Server thread/TRACE] [FML/animania]: Automatically registered mod animania entity animania.CowLonghorn as animania:textures/entity/cows/cow_longhorn.png
[17:29:55] [Server thread/TRACE] [FML/animania]: Automatically registered mod animania entity animania.BullLonghorn as animania:textures/entity/cows/bull_longhorn.png
[17:29:55] [Server thread/TRACE] [FML/animania]: Automatically registered mod animania entity animania.CalfLonghorn as animania:textures/entity/cows/calf_longhorn.png
[17:29:55] [Server thread/TRACE] [FML/animania]: Automatically registered mod animania entity animania.CowHereford as animania:textures/entity/cows/cow_hereford.png
[17:29:55] [Server thread/TRACE] [FML/animania]: Automatically registered mod animania entity animania.BullHereford as animania:textures/entity/cows/bull_hereford.png
[17:29:55] [Server thread/TRACE] [FML/animania]: Automatically registered mod animania entity animania.CalfHereford as animania:textures/entity/cows/calf_hereford.png
[17:29:55] [Server thread/TRACE] [FML/animania]: Automatically registered mod animania entity animania.HenPlymouthRock as animania:textures/entity/chickens/hen_specked.png
[17:29:55] [Server thread/TRACE] [FML/animania]: Automatically registered mod animania entity animania.RoosterPlymouthRock as animania:textures/entity/chickens/rooster_specked.png
[17:29:55] [Server thread/TRACE] [FML/animania]: Automatically registered mod animania entity animania.ChickPlymouthRock as animania:textures/entity/chickens/chick_specked.png
[17:29:55] [Server thread/TRACE] [FML/animania]: Automatically registered mod animania entity animania.HenLeghorn as animania:textures/entity/chickens/hen_white.png
[17:29:55] [Server thread/TRACE] [FML/animania]: Automatically registered mod animania entity animania.RoosterLeghorn as animania:textures/entity/chickens/rooster_white.png
[17:29:55] [Server thread/TRACE] [FML/animania]: Automatically registered mod animania entity animania.ChickLeghorn as animania:textures/entity/chickens/chick_white.png
[17:29:55] [Server thread/TRACE] [FML/animania]: Automatically registered mod animania entity animania.HenOrpington as animania:textures/entity/chickens/hen_golden.png
[17:29:55] [Server thread/TRACE] [FML/animania]: Automatically registered mod animania entity animania.RoosterOrpington as animania:textures/entity/chickens/rooster_golden.png
[17:29:55] [Server thread/TRACE] [FML/animania]: Automatically registered mod animania entity animania.ChickOrpington as animania:textures/entity/chickens/chick_golden.png
[17:29:55] [Server thread/TRACE] [FML/animania]: Automatically registered mod animania entity animania.HenWyandotte as animania:textures/entity/chickens/hen_brown.png
[17:29:55] [Server thread/TRACE] [FML/animania]: Automatically registered mod animania entity animania.RoosterWyandotte as animania:textures/entity/chickens/rooster_brown.png
[17:29:55] [Server thread/TRACE] [FML/animania]: Automatically registered mod animania entity animania.ChickWyandotte as animania:textures/entity/chickens/chick_brown.png
[17:29:55] [Server thread/TRACE] [FML/animania]: Automatically registered mod animania entity animania.HenRhodeIslandRed as animania:textures/entity/chickens/hen_red.png
[17:29:55] [Server thread/TRACE] [FML/animania]: Automatically registered mod animania entity animania.RoosterRhodeIslandRed as animania:textures/entity/chickens/rooster_red.png
[17:29:55] [Server thread/TRACE] [FML/animania]: Automatically registered mod animania entity animania.ChickRhodeIslandRed as animania:textures/entity/chickens/chick_red.png
[17:29:55] [Server thread/TRACE] [FML/animania]: Automatically registered mod animania entity animania.SowYorkshire as animania:textures/entity/pigs/sow_yorkshire.png
[17:29:55] [Server thread/TRACE] [FML/animania]: Automatically registered mod animania entity animania.HogYorkshire as animania:textures/entity/chickens/hog_yorkshire.png
[17:29:55] [Server thread/TRACE] [FML/animania]: Automatically registered mod animania entity animania.PigletYorkshire as animania:textures/entity/chickens/piglet_yorkshire.png
[17:29:55] [Server thread/TRACE] [FML/animania]: Automatically registered mod animania entity animania.SowOldSpot as animania:textures/entity/pigs/sow_old_spot.png
[17:29:55] [Server thread/TRACE] [FML/animania]: Automatically registered mod animania entity animania.HogOldSpot as animania:textures/entity/pigs/hog_old_spot.png
[17:29:55] [Server thread/TRACE] [FML/animania]: Automatically registered mod animania entity animania.PigletOldSpot as animania:textures/entity/pigs/piglet_old_spot.png
[17:29:55] [Server thread/TRACE] [FML/animania]: Automatically registered mod animania entity animania.SowLargeBlack as animania:textures/entity/pigs/sow_large_black.png
[17:29:55] [Server thread/TRACE] [FML/animania]: Automatically registered mod animania entity animania.HogLargeBlack as animania:textures/entity/pigs/hog_large_black.png
[17:29:55] [Server thread/TRACE] [FML/animania]: Automatically registered mod animania entity animania.PigletLargeBlack as animania:textures/entity/pigs/piglet_large_black.png
[17:29:55] [Server thread/TRACE] [FML/animania]: Automatically registered mod animania entity animania.SowLargeWhite as animania:textures/entity/pigs/sow_large_white.png
[17:29:55] [Server thread/TRACE] [FML/animania]: Automatically registered mod animania entity animania.HogLargeWhite as animania:textures/entity/pigs/hog_large_white.png
[17:29:55] [Server thread/TRACE] [FML/animania]: Automatically registered mod animania entity animania.PigletLargeWhite as animania:textures/entity/pigs/piglet_large_white.png
[17:29:55] [Server thread/TRACE] [FML/animania]: Automatically registered mod animania entity animania.SowDuroc as animania:textures/entity/pigs/sow_duroc.png
[17:29:55] [Server thread/TRACE] [FML/animania]: Automatically registered mod animania entity animania.HogDuroc as animania:textures/entity/pigs/hog_duroc.png
[17:29:55] [Server thread/TRACE] [FML/animania]: Automatically registered mod animania entity animania.PigletDuroc as animania:textures/entity/pigs/piglet_duroc.png
[17:29:55] [Server thread/TRACE] [FML/animania]: Automatically registered mod animania entity animania.SowHampshire as animania:textures/entity/pigs/sow_hampshire.png
[17:29:55] [Server thread/TRACE] [FML/animania]: Automatically registered mod animania entity animania.HogHampshire as animania:textures/entity/pigs/hog_hampshire.png
[17:29:55] [Server thread/TRACE] [FML/animania]: Automatically registered mod animania entity animania.PigletHampshire as animania:textures/entity/pigs/piglet_hampshire.png
[17:29:55] [Server thread/TRACE] [FML/animania]: Automatically registered mod animania entity animania.Hamster as animania:textures/entity/pigs/hamster_tarou.png
[17:29:55] [Server thread/TRACE] [FML/animania]: Automatically registered mod animania entity animania.FerretGrey as animania:textures/entity/pigs/ferret_grey.png
[17:29:55] [Server thread/TRACE] [FML/animania]: Automatically registered mod animania entity animania.FerretWhite as animania:textures/entity/pigs/ferret_white.png
[17:29:55] [Server thread/TRACE] [FML/animania]: Automatically registered mod animania entity animania.Hedgehog as animania:textures/entity/pigs/hedgehog.png
[17:29:55] [Server thread/TRACE] [FML/animania]: Automatically registered mod animania entity animania.HedgehogAlbino as animania:textures/entity/pigs/hedgehog_white.png
[17:29:55] [Server thread/TRACE] [FML/animania]: Automatically registered mod animania entity animania.PeacockBlue as animania:textures/entity/peacocks/peacock_blue.png
[17:29:55] [Server thread/TRACE] [FML/animania]: Automatically registered mod animania entity animania.PeafowlBlue as animania:textures/entity/peacocks/peafowl_blue.png
[17:29:55] [Server thread/TRACE] [FML/animania]: Automatically registered mod animania entity animania.PeachickBlue as animania:textures/entity/peacocks/peachick_blue.png
[17:29:55] [Server thread/TRACE] [FML/animania]: Automatically registered mod animania entity animania.PeacockWhite as animania:textures/entity/peacocks/peacock_white.png
[17:29:55] [Server thread/TRACE] [FML/animania]: Automatically registered mod animania entity animania.PeafowlWhite as animania:textures/entity/peacocks/peafowl_white.png
[17:29:55] [Server thread/TRACE] [FML/animania]: Automatically registered mod animania entity animania.PeachickWhite as animania:textures/entity/peacocks/peachick_white.png
[17:29:55] [Server thread/TRACE] [FML/animania]: Automatically registered mod animania entity animania.StallionDraftHorse as animania:textures/entity/horses/draft_horse_black.png
[17:29:55] [Server thread/TRACE] [FML/animania]: Automatically registered mod animania entity animania.MareDraftHorse as animania:textures/entity/horses/draft_horse_grey.png
[17:29:55] [Server thread/TRACE] [FML/animania]: Automatically registered mod animania entity animania.FoalDraftHorse as animania:textures/entity/horses/draft_horse_white.png
[17:29:55] [Server thread/TRACE] [FML/animania]: Automatically registered mod animania entity animania:toad as animania:toad
[17:29:55] [Server thread/TRACE] [FML/animania]: Automatically registered mod animania entity animania:frog as animania:frog
[17:29:55] [Server thread/TRACE] [FML/animania]: Automatically registered mod animania entity animania:dartfrog as animania:dartfrog
[17:29:55] [Server thread/TRACE] [FML/animania]: Automatically registered mod animania entity animania:kid_alpine as animania:kid_alpine
[17:29:55] [Server thread/TRACE] [FML/animania]: Automatically registered mod animania entity animania:buck_alpine as animania:buck_alpine
[17:29:55] [Server thread/TRACE] [FML/animania]: Automatically registered mod animania entity animania:doe_alpine as animania:doe_alpine
[17:29:55] [Server thread/TRACE] [FML/animania]: Automatically registered mod animania entity animania:kid_angora as animania:kid_angora
[17:29:55] [Server thread/TRACE] [FML/animania]: Automatically registered mod animania entity animania:buck_angora as animania:buck_angora
[17:29:55] [Server thread/TRACE] [FML/animania]: Automatically registered mod animania entity animania:doe_angora as animania:doe_angora
[17:29:55] [Server thread/TRACE] [FML/animania]: Automatically registered mod animania entity animania:kid_fainting as animania:kid_fainting
[17:29:55] [Server thread/TRACE] [FML/animania]: Automatically registered mod animania entity animania:buck_fainting as animania:buck_fainting
[17:29:55] [Server thread/TRACE] [FML/animania]: Automatically registered mod animania entity animania:doe_fainting as animania:doe_fainting
[17:29:55] [Server thread/TRACE] [FML/animania]: Automatically registered mod animania entity animania:kid_kiko as animania:kid_kiko
[17:29:55] [Server thread/TRACE] [FML/animania]: Automatically registered mod animania entity animania:buck_kiko as animania:buck_kiko
[17:29:55] [Server thread/TRACE] [FML/animania]: Automatically registered mod animania entity animania:doe_kiko as animania:doe_kiko
[17:29:55] [Server thread/TRACE] [FML/animania]: Automatically registered mod animania entity animania:kid_kinder as animania:kid_kinder
[17:29:55] [Server thread/TRACE] [FML/animania]: Automatically registered mod animania entity animania:buck_kinder as animania:buck_kinder
[17:29:55] [Server thread/TRACE] [FML/animania]: Automatically registered mod animania entity animania:doe_kinder as animania:doe_kinder
[17:29:56] [Server thread/TRACE] [FML/animania]: Automatically registered mod animania entity animania:kid_nigerian_dwarf as animania:kid_nigerian_dwarf
[17:29:56] [Server thread/TRACE] [FML/animania]: Automatically registered mod animania entity animania:buck_nigerian_dwarf as animania:buck_nigerian_dwarf
[17:29:56] [Server thread/TRACE] [FML/animania]: Automatically registered mod animania entity animania:doe_nigerian_dwarf as animania:doe_nigerian_dwarf
[17:29:56] [Server thread/TRACE] [FML/animania]: Automatically registered mod animania entity animania:kid_pygmy as animania:kid_pygmy
[17:29:56] [Server thread/TRACE] [FML/animania]: Automatically registered mod animania entity animania:buck_pygmy as animania:buck_pygmy
[17:29:56] [Server thread/TRACE] [FML/animania]: Automatically registered mod animania entity animania:doe_pygmy as animania:doe_pygmy
[17:29:56] [Server thread/TRACE] [FML/animania]: Automatically registered mod animania entity animania:lamb_friesian as animania:lamb_friesian
[17:29:56] [Server thread/TRACE] [FML/animania]: Automatically registered mod animania entity animania:ewe_friesian as animania:ewe_friesian
[17:29:56] [Server thread/TRACE] [FML/animania]: Automatically registered mod animania entity animania:ram_friesian as animania:ram_friesian
[17:29:56] [Server thread/TRACE] [FML/animania]: Automatically registered mod animania entity animania:lamb_suffolk as animania:lamb_suffolk
[17:29:56] [Server thread/TRACE] [FML/animania]: Automatically registered mod animania entity animania:ewe_suffolk as animania:ewe_suffolk
[17:29:56] [Server thread/TRACE] [FML/animania]: Automatically registered mod animania entity animania:ram_suffolk as animania:ram_suffolk
[17:29:56] [Server thread/TRACE] [FML/animania]: Automatically registered mod animania entity animania:lamb_dorper as animania:lamb_dorper
[17:29:56] [Server thread/TRACE] [FML/animania]: Automatically registered mod animania entity animania:ewe_dorper as animania:ewe_dorper
[17:29:56] [Server thread/TRACE] [FML/animania]: Automatically registered mod animania entity animania:ram_dorper as animania:ram_dorper
[17:29:56] [Server thread/TRACE] [FML/animania]: Automatically registered mod animania entity animania:lamb_dorset as animania:lamb_dorset
[17:29:56] [Server thread/TRACE] [FML/animania]: Automatically registered mod animania entity animania:ewe_dorset as animania:ewe_dorset
[17:29:56] [Server thread/TRACE] [FML/animania]: Automatically registered mod animania entity animania:ram_dorset as animania:ram_dorset
[17:29:56] [Server thread/TRACE] [FML/animania]: Automatically registered mod animania entity animania:lamb_merino as animania:lamb_merino
[17:29:56] [Server thread/TRACE] [FML/animania]: Automatically registered mod animania entity animania:ewe_merino as animania:ewe_merino
[17:29:56] [Server thread/TRACE] [FML/animania]: Automatically registered mod animania entity animania:ram_merino as animania:ram_merino
[17:29:56] [Server thread/TRACE] [FML/animania]: Automatically registered mod animania entity animania:lamb_jacob as animania:lamb_jacob
[17:29:56] [Server thread/TRACE] [FML/animania]: Automatically registered mod animania entity animania:ewe_jacob as animania:ewe_jacob
[17:29:56] [Server thread/TRACE] [FML/animania]: Automatically registered mod animania entity animania:ram_jacob as animania:ram_jacob
[17:29:56] [Server thread/TRACE] [FML/animania]: Automatically registered mod animania entity animania:buck_cottontail as animania:buck_cottontail
[17:29:56] [Server thread/TRACE] [FML/animania]: Automatically registered mod animania entity animania:doe_cottontail as animania:doe_cottontail
[17:29:56] [Server thread/TRACE] [FML/animania]: Automatically registered mod animania entity animania:kit_cottontail as animania:kit_cottontail
[17:29:56] [Server thread/TRACE] [FML/animania]: Automatically registered mod animania entity animania:buck_chinchilla as animania:buck_chinchilla
[17:29:56] [Server thread/TRACE] [FML/animania]: Automatically registered mod animania entity animania:doe_chinchilla as animania:doe_chinchilla
[17:29:56] [Server thread/TRACE] [FML/animania]: Automatically registered mod animania entity animania:kit_chinchilla as animania:kit_chinchilla
[17:29:56] [Server thread/TRACE] [FML/animania]: Automatically registered mod animania entity animania:buck_dutch as animania:buck_dutch
[17:29:56] [Server thread/TRACE] [FML/animania]: Automatically registered mod animania entity animania:doe_dutch as animania:doe_dutch
[17:29:56] [Server thread/TRACE] [FML/animania]: Automatically registered mod animania entity animania:kit_dutch as animania:kit_dutch
[17:29:56] [Server thread/TRACE] [FML/animania]: Automatically registered mod animania entity animania:buck_havana as animania:buck_havana
[17:29:56] [Server thread/TRACE] [FML/animania]: Automatically registered mod animania entity animania:doe_havana as animania:doe_havana
[17:29:56] [Server thread/TRACE] [FML/animania]: Automatically registered mod animania entity animania:kit_havana as animania:kit_havana
[17:29:56] [Server thread/TRACE] [FML/animania]: Automatically registered mod animania entity animania:buck_jack as animania:buck_jack
[17:29:56] [Server thread/TRACE] [FML/animania]: Automatically registered mod animania entity animania:doe_jack as animania:doe_jack
[17:29:56] [Server thread/TRACE] [FML/animania]: Automatically registered mod animania entity animania:kit_jack as animania:kit_jack
[17:29:56] [Server thread/TRACE] [FML/animania]: Automatically registered mod animania entity animania:buck_new_zealand as animania:buck_new_zealand
[17:29:56] [Server thread/TRACE] [FML/animania]: Automatically registered mod animania entity animania:doe_new_zealand as animania:doe_new_zealand
[17:29:56] [Server thread/TRACE] [FML/animania]: Automatically registered mod animania entity animania:kit_new_zealand as animania:kit_new_zealand
[17:29:56] [Server thread/TRACE] [FML/animania]: Automatically registered mod animania entity animania:buck_rex as animania:buck_rex
[17:29:56] [Server thread/TRACE] [FML/animania]: Automatically registered mod animania entity animania:doe_rex as animania:doe_rex
[17:29:56] [Server thread/TRACE] [FML/animania]: Automatically registered mod animania entity animania:kit_rex as animania:kit_rex
[17:29:56] [Server thread/TRACE] [FML/animania]: Automatically registered mod animania entity animania:buck_lop as animania:buck_lop
[17:29:56] [Server thread/TRACE] [FML/animania]: Automatically registered mod animania entity animania:doe_lop as animania:doe_lop
[17:29:56] [Server thread/TRACE] [FML/animania]: Automatically registered mod animania entity animania:kit_lop as animania:kit_lop
[17:29:56] [Server thread/TRACE] [FML/animania]: Automatically registered mod animania entity animania:peachick_charcoal as animania:peachick_charcoal
[17:29:56] [Server thread/TRACE] [FML/animania]: Automatically registered mod animania entity animania:peahen_charcoal as animania:peahen_charcoal
[17:29:56] [Server thread/TRACE] [FML/animania]: Automatically registered mod animania entity animania:peacock_charcoal as animania:peacock_charcoal
[17:29:56] [Server thread/TRACE] [FML/animania]: Automatically registered mod animania entity animania:peachick_opal as animania:peachick_opal
[17:29:56] [Server thread/TRACE] [FML/animania]: Automatically registered mod animania entity animania:peahen_opal as animania:peahen_opal
[17:29:56] [Forge Version Check/DEBUG] [ForgeVersionCheck/forge]: [codechickenlib] Received version check data:
{"promos":{"1.11.2-recommended":"3.0.0.328","1.11.2-latest":"3.0.0.328"}}
[17:29:56] [Server thread/TRACE] [FML/animania]: Automatically registered mod animania entity animania:peacock_opal as animania:peacock_opal
[17:29:56] [Server thread/TRACE] [FML/animania]: Automatically registered mod animania entity animania:peachick_peach as animania:peachick_peach
[17:29:56] [Server thread/TRACE] [FML/animania]: Automatically registered mod animania entity animania:peahen_peach as animania:peahen_peach
[17:29:56] [Forge Version Check/INFO] [ForgeVersionCheck/forge]: [codechickenlib] Found status: OUTDATED Target: 3.0.0.328
[17:29:56] [Forge Version Check/INFO] [ForgeVersionCheck/forge]: [totemic] Starting version check at https://raw.githubusercontent.com/TeamTotemic/Totemic/version/version.json
[17:29:56] [Server thread/TRACE] [FML/animania]: Automatically registered mod animania entity animania:peacock_peach as animania:peacock_peach
[17:29:56] [Server thread/TRACE] [FML/animania]: Automatically registered mod animania entity animania:peachick_purple as animania:peachick_purple
[17:29:56] [Server thread/TRACE] [FML/animania]: Automatically registered mod animania entity animania:peahen_purple as animania:peahen_purple
[17:29:56] [Server thread/TRACE] [FML/animania]: Automatically registered mod animania entity animania:peacock_purple as animania:peacock_purple
[17:29:56] [Server thread/TRACE] [FML/animania]: Automatically registered mod animania entity animania:peachick_taupe as animania:peachick_taupe
[17:29:56] [Server thread/TRACE] [FML/animania]: Automatically registered mod animania entity animania:peahen_taupe as animania:peahen_taupe
[17:29:56] [Server thread/TRACE] [FML/animania]: Automatically registered mod animania entity animania:peacock_taupe as animania:peacock_taupe
[17:29:56] [Server thread/TRACE] [FML/animania]: Automatically registered mod animania entity animania:cart as animania:cart
[17:29:56] [Server thread/DEBUG] [FML/animania]: Skipping automatic mod animania entity registration for already registered entry animania:textures/entity/cows/cow_holstein.png class com.animania.common.entities.cows.EntityCowHolstein
[17:29:56] [Server thread/DEBUG] [FML/animania]: Skipping automatic mod animania entity registration for already registered entry animania:textures/entity/cows/bull_holstein.png class com.animania.common.entities.cows.EntityBullHolstein
[17:29:56] [Server thread/DEBUG] [FML/animania]: Skipping automatic mod animania entity registration for already registered entry animania:textures/entity/cows/calf_holstein.png class com.animania.common.entities.cows.EntityCalfHolstein
[17:29:56] [Server thread/DEBUG] [FML/animania]: Skipping automatic mod animania entity registration for already registered entry animania:textures/entity/cows/cow_friesian.png class com.animania.common.entities.cows.EntityCowFriesian
[17:29:56] [Server thread/DEBUG] [FML/animania]: Skipping automatic mod animania entity registration for already registered entry animania:textures/entity/cows/bull_friesian.png class com.animania.common.entities.cows.EntityBullFriesian
[17:29:56] [Server thread/DEBUG] [FML/animania]: Skipping automatic mod animania entity registration for already registered entry animania:textures/entity/cows/calf_friesian.png class com.animania.common.entities.cows.EntityCalfFriesian
[17:29:56] [Server thread/DEBUG] [FML/animania]: Skipping automatic mod animania entity registration for already registered entry animania:textures/entity/cows/cow_angus.png class com.animania.common.entities.cows.EntityCowAngus
[17:29:56] [Server thread/DEBUG] [FML/animania]: Skipping automatic mod animania entity registration for already registered entry animania:textures/entity/cows/bull_angus.png class com.animania.common.entities.cows.EntityBullAngus
[17:29:56] [Server thread/DEBUG] [FML/animania]: Skipping automatic mod animania entity registration for already registered entry animania:textures/entity/cows/calf_angus.png class com.animania.common.entities.cows.EntityCalfAngus
[17:29:56] [Server thread/DEBUG] [FML/animania]: Skipping automatic mod animania entity registration for already registered entry animania:textures/entity/cows/cow_longhorn.png class com.animania.common.entities.cows.EntityCowLonghorn
[17:29:56] [Server thread/DEBUG] [FML/animania]: Skipping automatic mod animania entity registration for already registered entry animania:textures/entity/cows/bull_longhorn.png class com.animania.common.entities.cows.EntityBullLonghorn
[17:29:56] [Server thread/DEBUG] [FML/animania]: Skipping automatic mod animania entity registration for already registered entry animania:textures/entity/cows/calf_longhorn.png class com.animania.common.entities.cows.EntityCalfLonghorn
[17:29:56] [Server thread/DEBUG] [FML/animania]: Skipping automatic mod animania entity registration for already registered entry animania:textures/entity/cows/cow_hereford.png class com.animania.common.entities.cows.EntityCowHereford
[17:29:56] [Server thread/DEBUG] [FML/animania]: Skipping automatic mod animania entity registration for already registered entry animania:textures/entity/cows/bull_hereford.png class com.animania.common.entities.cows.EntityBullHereford
[17:29:56] [Server thread/DEBUG] [FML/animania]: Skipping automatic mod animania entity registration for already registered entry animania:textures/entity/cows/calf_hereford.png class com.animania.common.entities.cows.EntityCalfHereford
[17:29:56] [Server thread/DEBUG] [FML/animania]: Skipping automatic mod animania entity registration for already registered entry animania:textures/entity/chickens/hen_specked.png class com.animania.common.entities.chickens.EntityHenPlymouthRock
[17:29:56] [Server thread/DEBUG] [FML/animania]: Skipping automatic mod animania entity registration for already registered entry animania:textures/entity/chickens/rooster_specked.png class com.animania.common.entities.chickens.EntityRoosterPlymouthRock
[17:29:56] [Server thread/DEBUG] [FML/animania]: Skipping automatic mod animania entity registration for already registered entry animania:textures/entity/chickens/chick_specked.png class com.animania.common.entities.chickens.EntityChickPlymouthRock
[17:29:56] [Server thread/DEBUG] [FML/animania]: Skipping automatic mod animania entity registration for already registered entry animania:textures/entity/chickens/hen_white.png class com.animania.common.entities.chickens.EntityHenLeghorn
[17:29:56] [Server thread/DEBUG] [FML/animania]: Skipping automatic mod animania entity registration for already registered entry animania:textures/entity/chickens/rooster_white.png class com.animania.common.entities.chickens.EntityRoosterLeghorn
[17:29:56] [Server thread/DEBUG] [FML/animania]: Skipping automatic mod animania entity registration for already registered entry animania:textures/entity/chickens/chick_white.png class com.animania.common.entities.chickens.EntityChickLeghorn
[17:29:56] [Server thread/DEBUG] [FML/animania]: Skipping automatic mod animania entity registration for already registered entry animania:textures/entity/chickens/hen_golden.png class com.animania.common.entities.chickens.EntityHenOrpington
[17:29:56] [Server thread/DEBUG] [FML/animania]: Skipping automatic mod animania entity registration for already registered entry animania:textures/entity/chickens/rooster_golden.png class com.animania.common.entities.chickens.EntityRoosterOrpington
[17:29:56] [Server thread/DEBUG] [FML/animania]: Skipping automatic mod animania entity registration for already registered entry animania:textures/entity/chickens/chick_golden.png class com.animania.common.entities.chickens.EntityChickOrpington
[17:29:56] [Server thread/DEBUG] [FML/animania]: Skipping automatic mod animania entity registration for already registered entry animania:textures/entity/chickens/hen_brown.png class com.animania.common.entities.chickens.EntityHenWyandotte
[17:29:56] [Server thread/DEBUG] [FML/animania]: Skipping automatic mod animania entity registration for already registered entry animania:textures/entity/chickens/rooster_brown.png class com.animania.common.entities.chickens.EntityRoosterWyandotte
[17:29:56] [Server thread/DEBUG] [FML/animania]: Skipping automatic mod animania entity registration for already registered entry animania:textures/entity/chickens/chick_brown.png class com.animania.common.entities.chickens.EntityChickWyandotte
[17:29:56] [Server thread/DEBUG] [FML/animania]: Skipping automatic mod animania entity registration for already registered entry animania:textures/entity/chickens/hen_red.png class com.animania.common.entities.chickens.EntityHenRhodeIslandRed
[17:29:56] [Server thread/DEBUG] [FML/animania]: Skipping automatic mod animania entity registration for already registered entry animania:textures/entity/chickens/rooster_red.png class com.animania.common.entities.chickens.EntityRoosterRhodeIslandRed
[17:29:56] [Server thread/DEBUG] [FML/animania]: Skipping automatic mod animania entity registration for already registered entry animania:textures/entity/chickens/chick_red.png class com.animania.common.entities.chickens.EntityChickRhodeIslandRed
[17:29:56] [Server thread/DEBUG] [FML/animania]: Skipping automatic mod animania entity registration for already registered entry animania:textures/entity/pigs/sow_yorkshire.png class com.animania.common.entities.pigs.EntitySowYorkshire
[17:29:56] [Server thread/DEBUG] [FML/animania]: Skipping automatic mod animania entity registration for already registered entry animania:textures/entity/chickens/hog_yorkshire.png class com.animania.common.entities.pigs.EntityHogYorkshire
[17:29:56] [Server thread/DEBUG] [FML/animania]: Skipping automatic mod animania entity registration for already registered entry animania:textures/entity/chickens/piglet_yorkshire.png class com.animania.common.entities.pigs.EntityPigletYorkshire
[17:29:56] [Server thread/DEBUG] [FML/animania]: Skipping automatic mod animania entity registration for already registered entry animania:textures/entity/pigs/sow_old_spot.png class com.animania.common.entities.pigs.EntitySowOldSpot
[17:29:56] [Server thread/DEBUG] [FML/animania]: Skipping automatic mod animania entity registration for already registered entry animania:textures/entity/pigs/hog_old_spot.png class com.animania.common.entities.pigs.EntityHogOldSpot
[17:29:56] [Server thread/DEBUG] [FML/animania]: Skipping automatic mod animania entity registration for already registered entry animania:textures/entity/pigs/piglet_old_spot.png class com.animania.common.entities.pigs.EntityPigletOldSpot
[17:29:56] [Server thread/DEBUG] [FML/animania]: Skipping automatic mod animania entity registration for already registered entry animania:textures/entity/pigs/sow_large_black.png class com.animania.common.entities.pigs.EntitySowLargeBlack
[17:29:56] [Server thread/DEBUG] [FML/animania]: Skipping automatic mod animania entity registration for already registered entry animania:textures/entity/pigs/hog_large_black.png class com.animania.common.entities.pigs.EntityHogLargeBlack
[17:29:56] [Server thread/DEBUG] [FML/animania]: Skipping automatic mod animania entity registration for already registered entry animania:textures/entity/pigs/piglet_large_black.png class com.animania.common.entities.pigs.EntityPigletLargeBlack
[17:29:56] [Server thread/DEBUG] [FML/animania]: Skipping automatic mod animania entity registration for already registered entry animania:textures/entity/pigs/sow_large_white.png class com.animania.common.entities.pigs.EntitySowLargeWhite
[17:29:56] [Server thread/DEBUG] [FML/animania]: Skipping automatic mod animania entity registration for already registered entry animania:textures/entity/pigs/hog_large_white.png class com.animania.common.entities.pigs.EntityHogLargeWhite
[17:29:56] [Server thread/DEBUG] [FML/animania]: Skipping automatic mod animania entity registration for already registered entry animania:textures/entity/pigs/piglet_large_white.png class com.animania.common.entities.pigs.EntityPigletLargeWhite
[17:29:56] [Server thread/DEBUG] [FML/animania]: Skipping automatic mod animania entity registration for already registered entry animania:textures/entity/pigs/sow_duroc.png class com.animania.common.entities.pigs.EntitySowDuroc
[17:29:56] [Server thread/DEBUG] [FML/animania]: Skipping automatic mod animania entity registration for already registered entry animania:textures/entity/pigs/hog_duroc.png class com.animania.common.entities.pigs.EntityHogDuroc
[17:29:56] [Server thread/DEBUG] [FML/animania]: Skipping automatic mod animania entity registration for already registered entry animania:textures/entity/pigs/piglet_duroc.png class com.animania.common.entities.pigs.EntityPigletDuroc
[17:29:56] [Server thread/DEBUG] [FML/animania]: Skipping automatic mod animania entity registration for already registered entry animania:textures/entity/pigs/sow_hampshire.png class com.animania.common.entities.pigs.EntitySowHampshire
[17:29:56] [Server thread/DEBUG] [FML/animania]: Skipping automatic mod animania entity registration for already registered entry animania:textures/entity/pigs/hog_hampshire.png class com.animania.common.entities.pigs.EntityHogHampshire
[17:29:56] [Server thread/DEBUG] [FML/animania]: Skipping automatic mod animania entity registration for already registered entry animania:textures/entity/pigs/piglet_hampshire.png class com.animania.common.entities.pigs.EntityPigletHampshire
[17:29:56] [Server thread/DEBUG] [FML/animania]: Skipping automatic mod animania entity registration for already registered entry animania:textures/entity/pigs/hamster_tarou.png class com.animania.common.entities.rodents.EntityHamster
[17:29:56] [Server thread/DEBUG] [FML/animania]: Skipping automatic mod animania entity registration for already registered entry animania:textures/entity/pigs/ferret_grey.png class com.animania.common.entities.rodents.EntityFerretGrey
[17:29:56] [Server thread/DEBUG] [FML/animania]: Skipping automatic mod animania entity registration for already registered entry animania:textures/entity/pigs/ferret_white.png class com.animania.common.entities.rodents.EntityFerretWhite
[17:29:56] [Server thread/DEBUG] [FML/animania]: Skipping automatic mod animania entity registration for already registered entry animania:textures/entity/pigs/hedgehog.png class com.animania.common.entities.rodents.EntityHedgehog
[17:29:56] [Server thread/DEBUG] [FML/animania]: Skipping automatic mod animania entity registration for already registered entry animania:textures/entity/pigs/hedgehog_white.png class com.animania.common.entities.rodents.EntityHedgehogAlbino
[17:29:56] [Server thread/DEBUG] [FML/animania]: Skipping automatic mod animania entity registration for already registered entry animania:textures/entity/peacocks/peacock_blue.png class com.animania.common.entities.peacocks.EntityPeacockBlue
[17:29:56] [Server thread/DEBUG] [FML/animania]: Skipping automatic mod animania entity registration for already registered entry animania:textures/entity/peacocks/peafowl_blue.png class com.animania.common.entities.peacocks.EntityPeafowlBlue
[17:29:56] [Server thread/DEBUG] [FML/animania]: Skipping automatic mod animania entity registration for already registered entry animania:textures/entity/peacocks/peachick_blue.png class com.animania.common.entities.peacocks.EntityPeachickBlue
[17:29:56] [Server thread/DEBUG] [FML/animania]: Skipping automatic mod animania entity registration for already registered entry animania:textures/entity/peacocks/peacock_white.png class com.animania.common.entities.peacocks.EntityPeacockWhite
[17:29:56] [Server thread/DEBUG] [FML/animania]: Skipping automatic mod animania entity registration for already registered entry animania:textures/entity/peacocks/peafowl_white.png class com.animania.common.entities.peacocks.EntityPeafowlWhite
[17:29:56] [Server thread/DEBUG] [FML/animania]: Skipping automatic mod animania entity registration for already registered entry animania:textures/entity/peacocks/peachick_white.png class com.animania.common.entities.peacocks.EntityPeachickWhite
[17:29:56] [Server thread/DEBUG] [FML/animania]: Skipping automatic mod animania entity registration for already registered entry animania:textures/entity/horses/draft_horse_black.png class com.animania.common.entities.horses.EntityStallionDraftHorse
[17:29:56] [Server thread/DEBUG] [FML/animania]: Skipping automatic mod animania entity registration for already registered entry animania:textures/entity/horses/draft_horse_grey.png class com.animania.common.entities.horses.EntityMareDraftHorse
[17:29:56] [Server thread/DEBUG] [FML/animania]: Skipping automatic mod animania entity registration for already registered entry animania:textures/entity/horses/draft_horse_white.png class com.animania.common.entities.horses.EntityFoalDraftHorse
[17:29:56] [Server thread/DEBUG] [FML/animania]: Skipping automatic mod animania entity registration for already registered entry animania:toad class com.animania.common.entities.amphibians.EntityToad
[17:29:56] [Server thread/DEBUG] [FML/animania]: Skipping automatic mod animania entity registration for already registered entry animania:frog class com.animania.common.entities.amphibians.EntityFrogs
[17:29:56] [Server thread/DEBUG] [FML/animania]: Skipping automatic mod animania entity registration for already registered entry animania:dartfrog class com.animania.common.entities.amphibians.EntityDartFrogs
[17:29:56] [Server thread/DEBUG] [FML/animania]: Skipping automatic mod animania entity registration for already registered entry animania:kid_alpine class com.animania.common.entities.goats.EntityKidAlpine
[17:29:56] [Server thread/DEBUG] [FML/animania]: Skipping automatic mod animania entity registration for already registered entry animania:buck_alpine class com.animania.common.entities.goats.EntityBuckAlpine
[17:29:56] [Server thread/DEBUG] [FML/animania]: Skipping automatic mod animania entity registration for already registered entry animania:doe_alpine class com.animania.common.entities.goats.EntityDoeAlpine
[17:29:56] [Server thread/DEBUG] [FML/animania]: Skipping automatic mod animania entity registration for already registered entry animania:kid_angora class com.animania.common.entities.goats.EntityKidAngora
[17:29:56] [Server thread/DEBUG] [FML/animania]: Skipping automatic mod animania entity registration for already registered entry animania:buck_angora class com.animania.common.entities.goats.EntityBuckAngora
[17:29:56] [Server thread/DEBUG] [FML/animania]: Skipping automatic mod animania entity registration for already registered entry animania:doe_angora class com.animania.common.entities.goats.EntityDoeAngora
[17:29:56] [Server thread/DEBUG] [FML/animania]: Skipping automatic mod animania entity registration for already registered entry animania:kid_fainting class com.animania.common.entities.goats.EntityKidFainting
[17:29:56] [Server thread/DEBUG] [FML/animania]: Skipping automatic mod animania entity registration for already registered entry animania:buck_fainting class com.animania.common.entities.goats.EntityBuckFainting
[17:29:56] [Server thread/DEBUG] [FML/animania]: Skipping automatic mod animania entity registration for already registered entry animania:doe_fainting class com.animania.common.entities.goats.EntityDoeFainting
[17:29:56] [Server thread/DEBUG] [FML/animania]: Skipping automatic mod animania entity registration for already registered entry animania:kid_kiko class com.animania.common.entities.goats.EntityKidKiko
[17:29:56] [Server thread/DEBUG] [FML/animania]: Skipping automatic mod animania entity registration for already registered entry animania:buck_kiko class com.animania.common.entities.goats.EntityBuckKiko
[17:29:56] [Server thread/DEBUG] [FML/animania]: Skipping automatic mod animania entity registration for already registered entry animania:doe_kiko class com.animania.common.entities.goats.EntityDoeKiko
[17:29:56] [Server thread/DEBUG] [FML/animania]: Skipping automatic mod animania entity registration for already registered entry animania:kid_kinder class com.animania.common.entities.goats.EntityKidKinder
[17:29:56] [Server thread/DEBUG] [FML/animania]: Skipping automatic mod animania entity registration for already registered entry animania:buck_kinder class com.animania.common.entities.goats.EntityBuckKinder
[17:29:56] [Server thread/DEBUG] [FML/animania]: Skipping automatic mod animania entity registration for already registered entry animania:doe_kinder class com.animania.common.entities.goats.EntityDoeKinder
[17:29:56] [Server thread/DEBUG] [FML/animania]: Skipping automatic mod animania entity registration for already registered entry animania:kid_nigerian_dwarf class com.animania.common.entities.goats.EntityKidNigerianDwarf
[17:29:56] [Server thread/DEBUG] [FML/animania]: Skipping automatic mod animania entity registration for already registered entry animania:buck_nigerian_dwarf class com.animania.common.entities.goats.EntityBuckNigerianDwarf
[17:29:56] [Server thread/DEBUG] [FML/animania]: Skipping automatic mod animania entity registration for already registered entry animania:doe_nigerian_dwarf class com.animania.common.entities.goats.EntityDoeNigerianDwarf
[17:29:56] [Server thread/DEBUG] [FML/animania]: Skipping automatic mod animania entity registration for already registered entry animania:kid_pygmy class com.animania.common.entities.goats.EntityKidPygmy
[17:29:56] [Server thread/DEBUG] [FML/animania]: Skipping automatic mod animania entity registration for already registered entry animania:buck_pygmy class com.animania.common.entities.goats.EntityBuckPygmy
[17:29:56] [Server thread/DEBUG] [FML/animania]: Skipping automatic mod animania entity registration for already registered entry animania:doe_pygmy class com.animania.common.entities.goats.EntityDoePygmy
[17:29:56] [Server thread/DEBUG] [FML/animania]: Skipping automatic mod animania entity registration for already registered entry animania:lamb_friesian class com.animania.common.entities.sheep.EntityLambFriesian
[17:29:56] [Server thread/DEBUG] [FML/animania]: Skipping automatic mod animania entity registration for already registered entry animania:ewe_friesian class com.animania.common.entities.sheep.EntityEweFriesian
[17:29:56] [Server thread/DEBUG] [FML/animania]: Skipping automatic mod animania entity registration for already registered entry animania:ram_friesian class com.animania.common.entities.sheep.EntityRamFriesian
[17:29:56] [Server thread/DEBUG] [FML/animania]: Skipping automatic mod animania entity registration for already registered entry animania:lamb_suffolk class com.animania.common.entities.sheep.EntityLambSuffolk
[17:29:56] [Server thread/DEBUG] [FML/animania]: Skipping automatic mod animania entity registration for already registered entry animania:ewe_suffolk class com.animania.common.entities.sheep.EntityEweSuffolk
[17:29:56] [Server thread/DEBUG] [FML/animania]: Skipping automatic mod animania entity registration for already registered entry animania:ram_suffolk class com.animania.common.entities.sheep.EntityRamSuffolk
[17:29:56] [Server thread/DEBUG] [FML/animania]: Skipping automatic mod animania entity registration for already registered entry animania:lamb_dorper class com.animania.common.entities.sheep.EntityLambDorper
[17:29:56] [Server thread/DEBUG] [FML/animania]: Skipping automatic mod animania entity registration for already registered entry animania:ewe_dorper class com.animania.common.entities.sheep.EntityEweDorper
[17:29:56] [Server thread/DEBUG] [FML/animania]: Skipping automatic mod animania entity registration for already registered entry animania:ram_dorper class com.animania.common.entities.sheep.EntityRamDorper
[17:29:56] [Server thread/DEBUG] [FML/animania]: Skipping automatic mod animania entity registration for already registered entry animania:lamb_dorset class com.animania.common.entities.sheep.EntityLambDorset
[17:29:56] [Server thread/DEBUG] [FML/animania]: Skipping automatic mod animania entity registration for already registered entry animania:ewe_dorset class com.animania.common.entities.sheep.EntityEweDorset
[17:29:56] [Server thread/DEBUG] [FML/animania]: Skipping automatic mod animania entity registration for already registered entry animania:ram_dorset class com.animania.common.entities.sheep.EntityRamDorset
[17:29:56] [Server thread/DEBUG] [FML/animania]: Skipping automatic mod animania entity registration for already registered entry animania:lamb_merino class com.animania.common.entities.sheep.EntityLambMerino
[17:29:56] [Server thread/DEBUG] [FML/animania]: Skipping automatic mod animania entity registration for already registered entry animania:ewe_merino class com.animania.common.entities.sheep.EntityEweMerino
[17:29:56] [Server thread/DEBUG] [FML/animania]: Skipping automatic mod animania entity registration for already registered entry animania:ram_merino class com.animania.common.entities.sheep.EntityRamMerino
[17:29:56] [Server thread/DEBUG] [FML/animania]: Skipping automatic mod animania entity registration for already registered entry animania:lamb_jacob class com.animania.common.entities.sheep.EntityLambJacob
[17:29:56] [Server thread/DEBUG] [FML/animania]: Skipping automatic mod animania entity registration for already registered entry animania:ewe_jacob class com.animania.common.entities.sheep.EntityEweJacob
[17:29:56] [Server thread/DEBUG] [FML/animania]: Skipping automatic mod animania entity registration for already registered entry animania:ram_jacob class com.animania.common.entities.sheep.EntityRamJacob
[17:29:56] [Server thread/DEBUG] [FML/animania]: Skipping automatic mod animania entity registration for already registered entry animania:buck_cottontail class com.animania.common.entities.rodents.rabbits.EntityRabbitBuckCottontail
[17:29:56] [Server thread/DEBUG] [FML/animania]: Skipping automatic mod animania entity registration for already registered entry animania:doe_cottontail class com.animania.common.entities.rodents.rabbits.EntityRabbitDoeCottontail
[17:29:56] [Server thread/DEBUG] [FML/animania]: Skipping automatic mod animania entity registration for already registered entry animania:kit_cottontail class com.animania.common.entities.rodents.rabbits.EntityRabbitKitCottontail
[17:29:56] [Server thread/DEBUG] [FML/animania]: Skipping automatic mod animania entity registration for already registered entry animania:buck_chinchilla class com.animania.common.entities.rodents.rabbits.EntityRabbitBuckChinchilla
[17:29:56] [Server thread/DEBUG] [FML/animania]: Skipping automatic mod animania entity registration for already registered entry animania:doe_chinchilla class com.animania.common.entities.rodents.rabbits.EntityRabbitDoeChinchilla
[17:29:56] [Server thread/DEBUG] [FML/animania]: Skipping automatic mod animania entity registration for already registered entry animania:kit_chinchilla class com.animania.common.entities.rodents.rabbits.EntityRabbitKitChinchilla
[17:29:56] [Server thread/DEBUG] [FML/animania]: Skipping automatic mod animania entity registration for already registered entry animania:buck_dutch class com.animania.common.entities.rodents.rabbits.EntityRabbitBuckDutch
[17:29:56] [Server thread/DEBUG] [FML/animania]: Skipping automatic mod animania entity registration for already registered entry animania:doe_dutch class com.animania.common.entities.rodents.rabbits.EntityRabbitDoeDutch
[17:29:56] [Server thread/DEBUG] [FML/animania]: Skipping automatic mod animania entity registration for already registered entry animania:kit_dutch class com.animania.common.entities.rodents.rabbits.EntityRabbitKitDutch
[17:29:56] [Server thread/DEBUG] [FML/animania]: Skipping automatic mod animania entity registration for already registered entry animania:buck_havana class com.animania.common.entities.rodents.rabbits.EntityRabbitBuckHavana
[17:29:56] [Server thread/DEBUG] [FML/animania]: Skipping automatic mod animania entity registration for already registered entry animania:doe_havana class com.animania.common.entities.rodents.rabbits.EntityRabbitDoeHavana
[17:29:56] [Server thread/DEBUG] [FML/animania]: Skipping automatic mod animania entity registration for already registered entry animania:kit_havana class com.animania.common.entities.rodents.rabbits.EntityRabbitKitHavana
[17:29:56] [Server thread/DEBUG] [FML/animania]: Skipping automatic mod animania entity registration for already registered entry animania:buck_jack class com.animania.common.entities.rodents.rabbits.EntityRabbitBuckJack
[17:29:56] [Server thread/DEBUG] [FML/animania]: Skipping automatic mod animania entity registration for already registered entry animania:doe_jack class com.animania.common.entities.rodents.rabbits.EntityRabbitDoeJack
[17:29:56] [Server thread/DEBUG] [FML/animania]: Skipping automatic mod animania entity registration for already registered entry animania:kit_jack class com.animania.common.entities.rodents.rabbits.EntityRabbitKitJack
[17:29:56] [Server thread/DEBUG] [FML/animania]: Skipping automatic mod animania entity registration for already registered entry animania:buck_new_zealand class com.animania.common.entities.rodents.rabbits.EntityRabbitBuckNewZealand
[17:29:56] [Server thread/DEBUG] [FML/animania]: Skipping automatic mod animania entity registration for already registered entry animania:doe_new_zealand class com.animania.common.entities.rodents.rabbits.EntityRabbitDoeNewZealand
[17:29:56] [Server thread/DEBUG] [FML/animania]: Skipping automatic mod animania entity registration for already registered entry animania:kit_new_zealand class com.animania.common.entities.rodents.rabbits.EntityRabbitKitNewZealand
[17:29:56] [Server thread/DEBUG] [FML/animania]: Skipping automatic mod animania entity registration for already registered entry animania:buck_rex class com.animania.common.entities.rodents.rabbits.EntityRabbitBuckRex
[17:29:56] [Server thread/DEBUG] [FML/animania]: Skipping automatic mod animania entity registration for already registered entry animania:doe_rex class com.animania.common.entities.rodents.rabbits.EntityRabbitDoeRex
[17:29:56] [Server thread/DEBUG] [FML/animania]: Skipping automatic mod animania entity registration for already registered entry animania:kit_rex class com.animania.common.entities.rodents.rabbits.EntityRabbitKitRex
[17:29:56] [Server thread/DEBUG] [FML/animania]: Skipping automatic mod animania entity registration for already registered entry animania:buck_lop class com.animania.common.entities.rodents.rabbits.EntityRabbitBuckLop
[17:29:56] [Server thread/DEBUG] [FML/animania]: Skipping automatic mod animania entity registration for already registered entry animania:doe_lop class com.animania.common.entities.rodents.rabbits.EntityRabbitDoeLop
[17:29:56] [Server thread/DEBUG] [FML/animania]: Skipping automatic mod animania entity registration for already registered entry animania:kit_lop class com.animania.common.entities.rodents.rabbits.EntityRabbitKitLop
[17:29:56] [Server thread/DEBUG] [FML/animania]: Skipping automatic mod animania entity registration for already registered entry animania:peachick_charcoal class com.animania.common.entities.peacocks.EntityPeachickCharcoal
[17:29:56] [Server thread/DEBUG] [FML/animania]: Skipping automatic mod animania entity registration for already registered entry animania:peahen_charcoal class com.animania.common.entities.peacocks.EntityPeafowlCharcoal
[17:29:56] [Server thread/DEBUG] [FML/animania]: Skipping automatic mod animania entity registration for already registered entry animania:peacock_charcoal class com.animania.common.entities.peacocks.EntityPeacockCharcoal
[17:29:56] [Server thread/DEBUG] [FML/animania]: Skipping automatic mod animania entity registration for already registered entry animania:peachick_opal class com.animania.common.entities.peacocks.EntityPeachickOpal
[17:29:56] [Server thread/DEBUG] [FML/animania]: Skipping automatic mod animania entity registration for already registered entry animania:peahen_opal class com.animania.common.entities.peacocks.EntityPeafowlOpal
[17:29:56] [Server thread/DEBUG] [FML/animania]: Skipping automatic mod animania entity registration for already registered entry animania:peacock_opal class com.animania.common.entities.peacocks.EntityPeacockOpal
[17:29:56] [Server thread/DEBUG] [FML/animania]: Skipping automatic mod animania entity registration for already registered entry animania:peachick_peach class com.animania.common.entities.peacocks.EntityPeachickPeach
[17:29:56] [Server thread/DEBUG] [FML/animania]: Skipping automatic mod animania entity registration for already registered entry animania:peahen_peach class com.animania.common.entities.peacocks.EntityPeafowlPeach
[17:29:56] [Server thread/DEBUG] [FML/animania]: Skipping automatic mod animania entity registration for already registered entry animania:peacock_peach class com.animania.common.entities.peacocks.EntityPeacockPeach
[17:29:56] [Server thread/DEBUG] [FML/animania]: Skipping automatic mod animania entity registration for already registered entry animania:peachick_purple class com.animania.common.entities.peacocks.EntityPeachickPurple
[17:29:56] [Server thread/DEBUG] [FML/animania]: Skipping automatic mod animania entity registration for already registered entry animania:peahen_purple class com.animania.common.entities.peacocks.EntityPeafowlPurple
[17:29:56] [Server thread/DEBUG] [FML/animania]: Skipping automatic mod animania entity registration for already registered entry animania:peacock_purple class com.animania.common.entities.peacocks.EntityPeacockPurple
[17:29:56] [Server thread/DEBUG] [FML/animania]: Skipping automatic mod animania entity registration for already registered entry animania:peachick_taupe class com.animania.common.entities.peacocks.EntityPeachickTaupe
[17:29:56] [Server thread/DEBUG] [FML/animania]: Skipping automatic mod animania entity registration for already registered entry animania:peahen_taupe class com.animania.common.entities.peacocks.EntityPeafowlTaupe
[17:29:56] [Server thread/DEBUG] [FML/animania]: Skipping automatic mod animania entity registration for already registered entry animania:peacock_taupe class com.animania.common.entities.peacocks.EntityPeacockTaupe
[17:29:56] [Server thread/DEBUG] [FML/animania]: Skipping automatic mod animania entity registration for already registered entry animania:cart class com.animania.common.entities.props.EntityCart
[17:29:56] [Server thread/TRACE] [animania/animania]: Sent event FMLPreInitializationEvent to mod animania
[17:29:56] [Server thread/DEBUG] [FML/]: Bar Step: PreInitialization - Animania took 0.694s
[17:29:56] [Server thread/TRACE] [bibliocraft/bibliocraft]: Sending event FMLPreInitializationEvent to mod bibliocraft
[17:29:56] [Server thread/TRACE] [FML/bibliocraft]: Automatically registered mod bibliocraft entity SeatEntity as bibliocraft:biblioseat
[17:29:56] [Server thread/TRACE] [bibliocraft/bibliocraft]: Sent event FMLPreInitializationEvent to mod bibliocraft
[17:29:56] [Server thread/DEBUG] [FML/]: Bar Step: PreInitialization - BiblioCraft took 0.372s
[17:29:56] [Server thread/TRACE] [codechickenlib/codechickenlib]: Sending event FMLPreInitializationEvent to mod codechickenlib
[17:29:56] [Server thread/DEBUG] [codechickenlib Fingerprint Verification/codechickenlib]: Valid fingerprint found for mod codechickenlib.
[17:29:56] [Server thread/DEBUG] [codechickenlib Fingerprint Verification/codechickenlib]: Valid fingerprint found for mod nei.
[17:29:56] [Server thread/TRACE] [codechickenlib/codechickenlib]: Sent event FMLPreInitializationEvent to mod codechickenlib
[17:29:56] [Server thread/DEBUG] [FML/]: Bar Step: PreInitialization - CodeChicken Lib took 0.008s
[17:29:56] [Server thread/TRACE] [creativecore/creativecore]: Sending event FMLPreInitializationEvent to mod creativecore
[17:29:56] [Server thread/TRACE] [creativecore/creativecore]: Sent event FMLPreInitializationEvent to mod creativecore
[17:29:56] [Server thread/DEBUG] [FML/]: Bar Step: PreInitialization - CreativeCore took 0.000s
[17:29:56] [Server thread/TRACE] [customnpcs/customnpcs]: Sending event FMLPreInitializationEvent to mod customnpcs
[17:29:56] [Forge Version Check/DEBUG] [ForgeVersionCheck/forge]: [totemic] Received version check data:
{
    "homepage": "https://www.curseforge.com/minecraft/mc-mods/totemic",
    "promos": {
        "1.12.2-recommended": "1.12.2-0.11.7",
        "1.18.2-recommended": "1.18.2-0.12.9.1",
        "1.19.2-recommended": "1.19.2-0.12.13",
        "1.20.1-recommended": "1.20.1-0.12.18",
        "1.20.4-recommended": "1.20.4-0.12.13",
        "1.21.1-recommended": "1.21.1-0.12.18"
    }
}

[17:29:56] [Forge Version Check/INFO] [ForgeVersionCheck/forge]: [totemic] Found status: BETA Target: null
[17:29:56] [Forge Version Check/INFO] [ForgeVersionCheck/forge]: [nei] Starting version check at http://chickenbones.net/Files/notification/version.php?query=forge&version=1.11.2&file=NotEnoughItems
[17:29:57] [Server thread/TRACE] [FML/customnpcs]: Automatically registered mod customnpcs entity npchumanmale as customnpcs:npchumanmale
[17:29:57] [Server thread/WARN] [FML/customnpcs]: ****************************************
[17:29:57] [Server thread/WARN] [FML/customnpcs]: * Dangerous alternative prefix `minecraft` for name `customnpcs.npchumanmale`, expected `customnpcs` invalid registry invocation/invalid name?
[17:29:57] [Server thread/WARN] [FML/customnpcs]: *  at net.minecraftforge.fml.common.registry.IForgeRegistryEntry$Impl.setRegistryName(IForgeRegistryEntry.java:85)
[17:29:57] [Server thread/WARN] [FML/customnpcs]: *  at net.minecraftforge.fml.common.registry.IForgeRegistryEntry$Impl.setRegistryName(IForgeRegistryEntry.java:93)
[17:29:57] [Server thread/WARN] [FML/customnpcs]: *  at noppes.npcs.CustomNpcs.registerNpc(CustomNpcs.java:329)
[17:29:57] [Server thread/WARN] [FML/customnpcs]: *  at noppes.npcs.CustomNpcs.load(CustomNpcs.java:229)
[17:29:57] [Server thread/WARN] [FML/customnpcs]: *  at sun.reflect.NativeMethodAccessorImpl.invoke0(Native Method)
[17:29:57] [Server thread/WARN] [FML/customnpcs]: *  at sun.reflect.NativeMethodAccessorImpl.invoke(NativeMethodAccessorImpl.java:62)...
[17:29:57] [Server thread/WARN] [FML/customnpcs]: ****************************************
[17:29:57] [Server thread/TRACE] [FML/customnpcs]: Automatically registered mod customnpcs entity npcvillager as customnpcs:npcvillager
[17:29:57] [Server thread/WARN] [FML/customnpcs]: ****************************************
[17:29:57] [Server thread/WARN] [FML/customnpcs]: * Dangerous alternative prefix `minecraft` for name `customnpcs.npcvillager`, expected `customnpcs` invalid registry invocation/invalid name?
[17:29:57] [Server thread/WARN] [FML/customnpcs]: *  at net.minecraftforge.fml.common.registry.IForgeRegistryEntry$Impl.setRegistryName(IForgeRegistryEntry.java:85)
[17:29:57] [Server thread/WARN] [FML/customnpcs]: *  at net.minecraftforge.fml.common.registry.IForgeRegistryEntry$Impl.setRegistryName(IForgeRegistryEntry.java:93)
[17:29:57] [Server thread/WARN] [FML/customnpcs]: *  at noppes.npcs.CustomNpcs.registerNpc(CustomNpcs.java:329)
[17:29:57] [Server thread/WARN] [FML/customnpcs]: *  at noppes.npcs.CustomNpcs.load(CustomNpcs.java:230)
[17:29:57] [Server thread/WARN] [FML/customnpcs]: *  at sun.reflect.NativeMethodAccessorImpl.invoke0(Native Method)
[17:29:57] [Server thread/WARN] [FML/customnpcs]: *  at sun.reflect.NativeMethodAccessorImpl.invoke(NativeMethodAccessorImpl.java:62)...
[17:29:57] [Server thread/WARN] [FML/customnpcs]: ****************************************
[17:29:57] [Server thread/TRACE] [FML/customnpcs]: Automatically registered mod customnpcs entity npcpony as customnpcs:npcpony
[17:29:57] [Server thread/WARN] [FML/customnpcs]: ****************************************
[17:29:57] [Server thread/WARN] [FML/customnpcs]: * Dangerous alternative prefix `minecraft` for name `customnpcs.npcpony`, expected `customnpcs` invalid registry invocation/invalid name?
[17:29:57] [Server thread/WARN] [FML/customnpcs]: *  at net.minecraftforge.fml.common.registry.IForgeRegistryEntry$Impl.setRegistryName(IForgeRegistryEntry.java:85)
[17:29:57] [Server thread/WARN] [FML/customnpcs]: *  at net.minecraftforge.fml.common.registry.IForgeRegistryEntry$Impl.setRegistryName(IForgeRegistryEntry.java:93)
[17:29:57] [Server thread/WARN] [FML/customnpcs]: *  at noppes.npcs.CustomNpcs.registerNpc(CustomNpcs.java:329)
[17:29:57] [Server thread/WARN] [FML/customnpcs]: *  at noppes.npcs.CustomNpcs.load(CustomNpcs.java:231)
[17:29:57] [Server thread/WARN] [FML/customnpcs]: *  at sun.reflect.NativeMethodAccessorImpl.invoke0(Native Method)
[17:29:57] [Server thread/WARN] [FML/customnpcs]: *  at sun.reflect.NativeMethodAccessorImpl.invoke(NativeMethodAccessorImpl.java:62)...
[17:29:57] [Server thread/WARN] [FML/customnpcs]: ****************************************
[17:29:57] [Server thread/TRACE] [FML/customnpcs]: Automatically registered mod customnpcs entity npchumanfemale as customnpcs:npchumanfemale
[17:29:57] [Server thread/WARN] [FML/customnpcs]: ****************************************
[17:29:57] [Server thread/WARN] [FML/customnpcs]: * Dangerous alternative prefix `minecraft` for name `customnpcs.npchumanfemale`, expected `customnpcs` invalid registry invocation/invalid name?
[17:29:57] [Server thread/WARN] [FML/customnpcs]: *  at net.minecraftforge.fml.common.registry.IForgeRegistryEntry$Impl.setRegistryName(IForgeRegistryEntry.java:85)
[17:29:57] [Server thread/WARN] [FML/customnpcs]: *  at net.minecraftforge.fml.common.registry.IForgeRegistryEntry$Impl.setRegistryName(IForgeRegistryEntry.java:93)
[17:29:57] [Server thread/WARN] [FML/customnpcs]: *  at noppes.npcs.CustomNpcs.registerNpc(CustomNpcs.java:329)
[17:29:57] [Server thread/WARN] [FML/customnpcs]: *  at noppes.npcs.CustomNpcs.load(CustomNpcs.java:232)
[17:29:57] [Server thread/WARN] [FML/customnpcs]: *  at sun.reflect.NativeMethodAccessorImpl.invoke0(Native Method)
[17:29:57] [Server thread/WARN] [FML/customnpcs]: *  at sun.reflect.NativeMethodAccessorImpl.invoke(NativeMethodAccessorImpl.java:62)...
[17:29:57] [Server thread/WARN] [FML/customnpcs]: ****************************************
[17:29:57] [Server thread/TRACE] [FML/customnpcs]: Automatically registered mod customnpcs entity npcdwarfmale as customnpcs:npcdwarfmale
[17:29:57] [Server thread/WARN] [FML/customnpcs]: ****************************************
[17:29:57] [Server thread/WARN] [FML/customnpcs]: * Dangerous alternative prefix `minecraft` for name `customnpcs.npcdwarfmale`, expected `customnpcs` invalid registry invocation/invalid name?
[17:29:57] [Server thread/WARN] [FML/customnpcs]: *  at net.minecraftforge.fml.common.registry.IForgeRegistryEntry$Impl.setRegistryName(IForgeRegistryEntry.java:85)
[17:29:57] [Server thread/WARN] [FML/customnpcs]: *  at net.minecraftforge.fml.common.registry.IForgeRegistryEntry$Impl.setRegistryName(IForgeRegistryEntry.java:93)
[17:29:57] [Server thread/WARN] [FML/customnpcs]: *  at noppes.npcs.CustomNpcs.registerNpc(CustomNpcs.java:329)
[17:29:57] [Server thread/WARN] [FML/customnpcs]: *  at noppes.npcs.CustomNpcs.load(CustomNpcs.java:233)
[17:29:57] [Server thread/WARN] [FML/customnpcs]: *  at sun.reflect.NativeMethodAccessorImpl.invoke0(Native Method)
[17:29:57] [Server thread/WARN] [FML/customnpcs]: *  at sun.reflect.NativeMethodAccessorImpl.invoke(NativeMethodAccessorImpl.java:62)...
[17:29:57] [Server thread/WARN] [FML/customnpcs]: ****************************************
[17:29:57] [Server thread/TRACE] [FML/customnpcs]: Automatically registered mod customnpcs entity npcfurrymale as customnpcs:npcfurrymale
[17:29:57] [Server thread/WARN] [FML/customnpcs]: ****************************************
[17:29:57] [Server thread/WARN] [FML/customnpcs]: * Dangerous alternative prefix `minecraft` for name `customnpcs.npcfurrymale`, expected `customnpcs` invalid registry invocation/invalid name?
[17:29:57] [Server thread/WARN] [FML/customnpcs]: *  at net.minecraftforge.fml.common.registry.IForgeRegistryEntry$Impl.setRegistryName(IForgeRegistryEntry.java:85)
[17:29:57] [Server thread/WARN] [FML/customnpcs]: *  at net.minecraftforge.fml.common.registry.IForgeRegistryEntry$Impl.setRegistryName(IForgeRegistryEntry.java:93)
[17:29:57] [Server thread/WARN] [FML/customnpcs]: *  at noppes.npcs.CustomNpcs.registerNpc(CustomNpcs.java:329)
[17:29:57] [Server thread/WARN] [FML/customnpcs]: *  at noppes.npcs.CustomNpcs.load(CustomNpcs.java:234)
[17:29:57] [Server thread/WARN] [FML/customnpcs]: *  at sun.reflect.NativeMethodAccessorImpl.invoke0(Native Method)
[17:29:57] [Server thread/WARN] [FML/customnpcs]: *  at sun.reflect.NativeMethodAccessorImpl.invoke(NativeMethodAccessorImpl.java:62)...
[17:29:57] [Server thread/WARN] [FML/customnpcs]: ****************************************
[17:29:57] [Server thread/TRACE] [FML/customnpcs]: Automatically registered mod customnpcs entity npczombiemale as customnpcs:npczombiemale
[17:29:57] [Server thread/WARN] [FML/customnpcs]: ****************************************
[17:29:57] [Server thread/WARN] [FML/customnpcs]: * Dangerous alternative prefix `minecraft` for name `customnpcs.npczombiemale`, expected `customnpcs` invalid registry invocation/invalid name?
[17:29:57] [Server thread/WARN] [FML/customnpcs]: *  at net.minecraftforge.fml.common.registry.IForgeRegistryEntry$Impl.setRegistryName(IForgeRegistryEntry.java:85)
[17:29:57] [Server thread/WARN] [FML/customnpcs]: *  at net.minecraftforge.fml.common.registry.IForgeRegistryEntry$Impl.setRegistryName(IForgeRegistryEntry.java:93)
[17:29:57] [Server thread/WARN] [FML/customnpcs]: *  at noppes.npcs.CustomNpcs.registerNpc(CustomNpcs.java:329)
[17:29:57] [Server thread/WARN] [FML/customnpcs]: *  at noppes.npcs.CustomNpcs.load(CustomNpcs.java:235)
[17:29:57] [Server thread/WARN] [FML/customnpcs]: *  at sun.reflect.NativeMethodAccessorImpl.invoke0(Native Method)
[17:29:57] [Server thread/WARN] [FML/customnpcs]: *  at sun.reflect.NativeMethodAccessorImpl.invoke(NativeMethodAccessorImpl.java:62)...
[17:29:57] [Server thread/WARN] [FML/customnpcs]: ****************************************
[17:29:57] [Server thread/TRACE] [FML/customnpcs]: Automatically registered mod customnpcs entity npczombiefemale as customnpcs:npczombiefemale
[17:29:57] [Server thread/WARN] [FML/customnpcs]: ****************************************
[17:29:57] [Server thread/WARN] [FML/customnpcs]: * Dangerous alternative prefix `minecraft` for name `customnpcs.npczombiefemale`, expected `customnpcs` invalid registry invocation/invalid name?
[17:29:57] [Server thread/WARN] [FML/customnpcs]: *  at net.minecraftforge.fml.common.registry.IForgeRegistryEntry$Impl.setRegistryName(IForgeRegistryEntry.java:85)
[17:29:57] [Server thread/WARN] [FML/customnpcs]: *  at net.minecraftforge.fml.common.registry.IForgeRegistryEntry$Impl.setRegistryName(IForgeRegistryEntry.java:93)
[17:29:57] [Server thread/WARN] [FML/customnpcs]: *  at noppes.npcs.CustomNpcs.registerNpc(CustomNpcs.java:329)
[17:29:57] [Server thread/WARN] [FML/customnpcs]: *  at noppes.npcs.CustomNpcs.load(CustomNpcs.java:236)
[17:29:57] [Server thread/WARN] [FML/customnpcs]: *  at sun.reflect.NativeMethodAccessorImpl.invoke0(Native Method)
[17:29:57] [Server thread/WARN] [FML/customnpcs]: *  at sun.reflect.NativeMethodAccessorImpl.invoke(NativeMethodAccessorImpl.java:62)...
[17:29:57] [Server thread/WARN] [FML/customnpcs]: ****************************************
[17:29:57] [Server thread/TRACE] [FML/customnpcs]: Automatically registered mod customnpcs entity npcskeleton as customnpcs:npcskeleton
[17:29:57] [Server thread/WARN] [FML/customnpcs]: ****************************************
[17:29:57] [Server thread/WARN] [FML/customnpcs]: * Dangerous alternative prefix `minecraft` for name `customnpcs.npcskeleton`, expected `customnpcs` invalid registry invocation/invalid name?
[17:29:57] [Server thread/WARN] [FML/customnpcs]: *  at net.minecraftforge.fml.common.registry.IForgeRegistryEntry$Impl.setRegistryName(IForgeRegistryEntry.java:85)
[17:29:57] [Server thread/WARN] [FML/customnpcs]: *  at net.minecraftforge.fml.common.registry.IForgeRegistryEntry$Impl.setRegistryName(IForgeRegistryEntry.java:93)
[17:29:57] [Server thread/WARN] [FML/customnpcs]: *  at noppes.npcs.CustomNpcs.registerNpc(CustomNpcs.java:329)
[17:29:57] [Server thread/WARN] [FML/customnpcs]: *  at noppes.npcs.CustomNpcs.load(CustomNpcs.java:237)
[17:29:57] [Server thread/WARN] [FML/customnpcs]: *  at sun.reflect.NativeMethodAccessorImpl.invoke0(Native Method)
[17:29:57] [Server thread/WARN] [FML/customnpcs]: *  at sun.reflect.NativeMethodAccessorImpl.invoke(NativeMethodAccessorImpl.java:62)...
[17:29:57] [Server thread/WARN] [FML/customnpcs]: ****************************************
[17:29:57] [Server thread/TRACE] [FML/customnpcs]: Automatically registered mod customnpcs entity npcdwarffemale as customnpcs:npcdwarffemale
[17:29:57] [Server thread/WARN] [FML/customnpcs]: ****************************************
[17:29:57] [Server thread/WARN] [FML/customnpcs]: * Dangerous alternative prefix `minecraft` for name `customnpcs.npcdwarffemale`, expected `customnpcs` invalid registry invocation/invalid name?
[17:29:57] [Server thread/WARN] [FML/customnpcs]: *  at net.minecraftforge.fml.common.registry.IForgeRegistryEntry$Impl.setRegistryName(IForgeRegistryEntry.java:85)
[17:29:57] [Server thread/WARN] [FML/customnpcs]: *  at net.minecraftforge.fml.common.registry.IForgeRegistryEntry$Impl.setRegistryName(IForgeRegistryEntry.java:93)
[17:29:57] [Server thread/WARN] [FML/customnpcs]: *  at noppes.npcs.CustomNpcs.registerNpc(CustomNpcs.java:329)
[17:29:57] [Server thread/WARN] [FML/customnpcs]: *  at noppes.npcs.CustomNpcs.load(CustomNpcs.java:238)
[17:29:57] [Server thread/WARN] [FML/customnpcs]: *  at sun.reflect.NativeMethodAccessorImpl.invoke0(Native Method)
[17:29:57] [Server thread/WARN] [FML/customnpcs]: *  at sun.reflect.NativeMethodAccessorImpl.invoke(NativeMethodAccessorImpl.java:62)...
[17:29:57] [Server thread/WARN] [FML/customnpcs]: ****************************************
[17:29:57] [Server thread/TRACE] [FML/customnpcs]: Automatically registered mod customnpcs entity npcfurryfemale as customnpcs:npcfurryfemale
[17:29:57] [Server thread/WARN] [FML/customnpcs]: ****************************************
[17:29:57] [Server thread/WARN] [FML/customnpcs]: * Dangerous alternative prefix `minecraft` for name `customnpcs.npcfurryfemale`, expected `customnpcs` invalid registry invocation/invalid name?
[17:29:57] [Server thread/WARN] [FML/customnpcs]: *  at net.minecraftforge.fml.common.registry.IForgeRegistryEntry$Impl.setRegistryName(IForgeRegistryEntry.java:85)
[17:29:57] [Server thread/WARN] [FML/customnpcs]: *  at net.minecraftforge.fml.common.registry.IForgeRegistryEntry$Impl.setRegistryName(IForgeRegistryEntry.java:93)
[17:29:57] [Server thread/WARN] [FML/customnpcs]: *  at noppes.npcs.CustomNpcs.registerNpc(CustomNpcs.java:329)
[17:29:57] [Server thread/WARN] [FML/customnpcs]: *  at noppes.npcs.CustomNpcs.load(CustomNpcs.java:239)
[17:29:57] [Server thread/WARN] [FML/customnpcs]: *  at sun.reflect.NativeMethodAccessorImpl.invoke0(Native Method)
[17:29:57] [Server thread/WARN] [FML/customnpcs]: *  at sun.reflect.NativeMethodAccessorImpl.invoke(NativeMethodAccessorImpl.java:62)...
[17:29:57] [Server thread/WARN] [FML/customnpcs]: ****************************************
[17:29:57] [Server thread/TRACE] [FML/customnpcs]: Automatically registered mod customnpcs entity npcorcfmale as customnpcs:npcorcfmale
[17:29:57] [Server thread/WARN] [FML/customnpcs]: ****************************************
[17:29:57] [Server thread/WARN] [FML/customnpcs]: * Dangerous alternative prefix `minecraft` for name `customnpcs.npcorcfmale`, expected `customnpcs` invalid registry invocation/invalid name?
[17:29:57] [Server thread/WARN] [FML/customnpcs]: *  at net.minecraftforge.fml.common.registry.IForgeRegistryEntry$Impl.setRegistryName(IForgeRegistryEntry.java:85)
[17:29:57] [Server thread/WARN] [FML/customnpcs]: *  at net.minecraftforge.fml.common.registry.IForgeRegistryEntry$Impl.setRegistryName(IForgeRegistryEntry.java:93)
[17:29:57] [Server thread/WARN] [FML/customnpcs]: *  at noppes.npcs.CustomNpcs.registerNpc(CustomNpcs.java:329)
[17:29:57] [Server thread/WARN] [FML/customnpcs]: *  at noppes.npcs.CustomNpcs.load(CustomNpcs.java:240)
[17:29:57] [Server thread/WARN] [FML/customnpcs]: *  at sun.reflect.NativeMethodAccessorImpl.invoke0(Native Method)
[17:29:57] [Server thread/WARN] [FML/customnpcs]: *  at sun.reflect.NativeMethodAccessorImpl.invoke(NativeMethodAccessorImpl.java:62)...
[17:29:57] [Server thread/WARN] [FML/customnpcs]: ****************************************
[17:29:57] [Server thread/TRACE] [FML/customnpcs]: Automatically registered mod customnpcs entity npcorcfemale as customnpcs:npcorcfemale
[17:29:57] [Server thread/WARN] [FML/customnpcs]: ****************************************
[17:29:57] [Server thread/WARN] [FML/customnpcs]: * Dangerous alternative prefix `minecraft` for name `customnpcs.npcorcfemale`, expected `customnpcs` invalid registry invocation/invalid name?
[17:29:57] [Server thread/WARN] [FML/customnpcs]: *  at net.minecraftforge.fml.common.registry.IForgeRegistryEntry$Impl.setRegistryName(IForgeRegistryEntry.java:85)
[17:29:57] [Server thread/WARN] [FML/customnpcs]: *  at net.minecraftforge.fml.common.registry.IForgeRegistryEntry$Impl.setRegistryName(IForgeRegistryEntry.java:93)
[17:29:57] [Server thread/WARN] [FML/customnpcs]: *  at noppes.npcs.CustomNpcs.registerNpc(CustomNpcs.java:329)
[17:29:57] [Server thread/WARN] [FML/customnpcs]: *  at noppes.npcs.CustomNpcs.load(CustomNpcs.java:241)
[17:29:57] [Server thread/WARN] [FML/customnpcs]: *  at sun.reflect.NativeMethodAccessorImpl.invoke0(Native Method)
[17:29:57] [Server thread/WARN] [FML/customnpcs]: *  at sun.reflect.NativeMethodAccessorImpl.invoke(NativeMethodAccessorImpl.java:62)...
[17:29:57] [Server thread/WARN] [FML/customnpcs]: ****************************************
[17:29:57] [Server thread/TRACE] [FML/customnpcs]: Automatically registered mod customnpcs entity npcelfmale as customnpcs:npcelfmale
[17:29:57] [Server thread/WARN] [FML/customnpcs]: ****************************************
[17:29:57] [Server thread/WARN] [FML/customnpcs]: * Dangerous alternative prefix `minecraft` for name `customnpcs.npcelfmale`, expected `customnpcs` invalid registry invocation/invalid name?
[17:29:57] [Server thread/WARN] [FML/customnpcs]: *  at net.minecraftforge.fml.common.registry.IForgeRegistryEntry$Impl.setRegistryName(IForgeRegistryEntry.java:85)
[17:29:57] [Server thread/WARN] [FML/customnpcs]: *  at net.minecraftforge.fml.common.registry.IForgeRegistryEntry$Impl.setRegistryName(IForgeRegistryEntry.java:93)
[17:29:57] [Server thread/WARN] [FML/customnpcs]: *  at noppes.npcs.CustomNpcs.registerNpc(CustomNpcs.java:329)
[17:29:57] [Server thread/WARN] [FML/customnpcs]: *  at noppes.npcs.CustomNpcs.load(CustomNpcs.java:242)
[17:29:57] [Server thread/WARN] [FML/customnpcs]: *  at sun.reflect.NativeMethodAccessorImpl.invoke0(Native Method)
[17:29:57] [Server thread/WARN] [FML/customnpcs]: *  at sun.reflect.NativeMethodAccessorImpl.invoke(NativeMethodAccessorImpl.java:62)...
[17:29:57] [Server thread/WARN] [FML/customnpcs]: ****************************************
[17:29:57] [Server thread/TRACE] [FML/customnpcs]: Automatically registered mod customnpcs entity npcelffemale as customnpcs:npcelffemale
[17:29:57] [Server thread/WARN] [FML/customnpcs]: ****************************************
[17:29:57] [Server thread/WARN] [FML/customnpcs]: * Dangerous alternative prefix `minecraft` for name `customnpcs.npcelffemale`, expected `customnpcs` invalid registry invocation/invalid name?
[17:29:57] [Server thread/WARN] [FML/customnpcs]: *  at net.minecraftforge.fml.common.registry.IForgeRegistryEntry$Impl.setRegistryName(IForgeRegistryEntry.java:85)
[17:29:57] [Server thread/WARN] [FML/customnpcs]: *  at net.minecraftforge.fml.common.registry.IForgeRegistryEntry$Impl.setRegistryName(IForgeRegistryEntry.java:93)
[17:29:57] [Server thread/WARN] [FML/customnpcs]: *  at noppes.npcs.CustomNpcs.registerNpc(CustomNpcs.java:329)
[17:29:57] [Server thread/WARN] [FML/customnpcs]: *  at noppes.npcs.CustomNpcs.load(CustomNpcs.java:243)
[17:29:57] [Server thread/WARN] [FML/customnpcs]: *  at sun.reflect.NativeMethodAccessorImpl.invoke0(Native Method)
[17:29:57] [Server thread/WARN] [FML/customnpcs]: *  at sun.reflect.NativeMethodAccessorImpl.invoke(NativeMethodAccessorImpl.java:62)...
[17:29:57] [Server thread/WARN] [FML/customnpcs]: ****************************************
[17:29:57] [Server thread/TRACE] [FML/customnpcs]: Automatically registered mod customnpcs entity npccrystal as customnpcs:npccrystal
[17:29:57] [Server thread/WARN] [FML/customnpcs]: ****************************************
[17:29:57] [Server thread/WARN] [FML/customnpcs]: * Dangerous alternative prefix `minecraft` for name `customnpcs.npccrystal`, expected `customnpcs` invalid registry invocation/invalid name?
[17:29:57] [Server thread/WARN] [FML/customnpcs]: *  at net.minecraftforge.fml.common.registry.IForgeRegistryEntry$Impl.setRegistryName(IForgeRegistryEntry.java:85)
[17:29:57] [Server thread/WARN] [FML/customnpcs]: *  at net.minecraftforge.fml.common.registry.IForgeRegistryEntry$Impl.setRegistryName(IForgeRegistryEntry.java:93)
[17:29:57] [Server thread/WARN] [FML/customnpcs]: *  at noppes.npcs.CustomNpcs.registerNpc(CustomNpcs.java:329)
[17:29:57] [Server thread/WARN] [FML/customnpcs]: *  at noppes.npcs.CustomNpcs.load(CustomNpcs.java:244)
[17:29:57] [Server thread/WARN] [FML/customnpcs]: *  at sun.reflect.NativeMethodAccessorImpl.invoke0(Native Method)
[17:29:57] [Server thread/WARN] [FML/customnpcs]: *  at sun.reflect.NativeMethodAccessorImpl.invoke(NativeMethodAccessorImpl.java:62)...
[17:29:57] [Server thread/WARN] [FML/customnpcs]: ****************************************
[17:29:57] [Server thread/TRACE] [FML/customnpcs]: Automatically registered mod customnpcs entity npcenderchibi as customnpcs:npcenderchibi
[17:29:57] [Server thread/WARN] [FML/customnpcs]: ****************************************
[17:29:57] [Server thread/WARN] [FML/customnpcs]: * Dangerous alternative prefix `minecraft` for name `customnpcs.npcenderchibi`, expected `customnpcs` invalid registry invocation/invalid name?
[17:29:57] [Server thread/WARN] [FML/customnpcs]: *  at net.minecraftforge.fml.common.registry.IForgeRegistryEntry$Impl.setRegistryName(IForgeRegistryEntry.java:85)
[17:29:57] [Server thread/WARN] [FML/customnpcs]: *  at net.minecraftforge.fml.common.registry.IForgeRegistryEntry$Impl.setRegistryName(IForgeRegistryEntry.java:93)
[17:29:57] [Server thread/WARN] [FML/customnpcs]: *  at noppes.npcs.CustomNpcs.registerNpc(CustomNpcs.java:329)
[17:29:57] [Server thread/WARN] [FML/customnpcs]: *  at noppes.npcs.CustomNpcs.load(CustomNpcs.java:245)
[17:29:57] [Server thread/WARN] [FML/customnpcs]: *  at sun.reflect.NativeMethodAccessorImpl.invoke0(Native Method)
[17:29:57] [Server thread/WARN] [FML/customnpcs]: *  at sun.reflect.NativeMethodAccessorImpl.invoke(NativeMethodAccessorImpl.java:62)...
[17:29:57] [Server thread/WARN] [FML/customnpcs]: ****************************************
[17:29:57] [Server thread/TRACE] [FML/customnpcs]: Automatically registered mod customnpcs entity npcnagamale as customnpcs:npcnagamale
[17:29:57] [Server thread/WARN] [FML/customnpcs]: ****************************************
[17:29:57] [Server thread/WARN] [FML/customnpcs]: * Dangerous alternative prefix `minecraft` for name `customnpcs.npcnagamale`, expected `customnpcs` invalid registry invocation/invalid name?
[17:29:57] [Server thread/WARN] [FML/customnpcs]: *  at net.minecraftforge.fml.common.registry.IForgeRegistryEntry$Impl.setRegistryName(IForgeRegistryEntry.java:85)
[17:29:57] [Server thread/WARN] [FML/customnpcs]: *  at net.minecraftforge.fml.common.registry.IForgeRegistryEntry$Impl.setRegistryName(IForgeRegistryEntry.java:93)
[17:29:57] [Server thread/WARN] [FML/customnpcs]: *  at noppes.npcs.CustomNpcs.registerNpc(CustomNpcs.java:329)
[17:29:57] [Server thread/WARN] [FML/customnpcs]: *  at noppes.npcs.CustomNpcs.load(CustomNpcs.java:246)
[17:29:57] [Server thread/WARN] [FML/customnpcs]: *  at sun.reflect.NativeMethodAccessorImpl.invoke0(Native Method)
[17:29:57] [Server thread/WARN] [FML/customnpcs]: *  at sun.reflect.NativeMethodAccessorImpl.invoke(NativeMethodAccessorImpl.java:62)...
[17:29:57] [Server thread/WARN] [FML/customnpcs]: ****************************************
[17:29:57] [Server thread/TRACE] [FML/customnpcs]: Automatically registered mod customnpcs entity npcnagafemale as customnpcs:npcnagafemale
[17:29:57] [Server thread/WARN] [FML/customnpcs]: ****************************************
[17:29:57] [Server thread/WARN] [FML/customnpcs]: * Dangerous alternative prefix `minecraft` for name `customnpcs.npcnagafemale`, expected `customnpcs` invalid registry invocation/invalid name?
[17:29:57] [Server thread/WARN] [FML/customnpcs]: *  at net.minecraftforge.fml.common.registry.IForgeRegistryEntry$Impl.setRegistryName(IForgeRegistryEntry.java:85)
[17:29:57] [Server thread/WARN] [FML/customnpcs]: *  at net.minecraftforge.fml.common.registry.IForgeRegistryEntry$Impl.setRegistryName(IForgeRegistryEntry.java:93)
[17:29:57] [Server thread/WARN] [FML/customnpcs]: *  at noppes.npcs.CustomNpcs.registerNpc(CustomNpcs.java:329)
[17:29:57] [Server thread/WARN] [FML/customnpcs]: *  at noppes.npcs.CustomNpcs.load(CustomNpcs.java:247)
[17:29:57] [Server thread/WARN] [FML/customnpcs]: *  at sun.reflect.NativeMethodAccessorImpl.invoke0(Native Method)
[17:29:57] [Server thread/WARN] [FML/customnpcs]: *  at sun.reflect.NativeMethodAccessorImpl.invoke(NativeMethodAccessorImpl.java:62)...
[17:29:57] [Server thread/WARN] [FML/customnpcs]: ****************************************
[17:29:57] [Server thread/TRACE] [FML/customnpcs]: Automatically registered mod customnpcs entity NpcSlime as customnpcs:npcslime
[17:29:57] [Server thread/WARN] [FML/customnpcs]: ****************************************
[17:29:57] [Server thread/WARN] [FML/customnpcs]: * Dangerous alternative prefix `minecraft` for name `customnpcs.npcslime`, expected `customnpcs` invalid registry invocation/invalid name?
[17:29:57] [Server thread/WARN] [FML/customnpcs]: *  at net.minecraftforge.fml.common.registry.IForgeRegistryEntry$Impl.setRegistryName(IForgeRegistryEntry.java:85)
[17:29:57] [Server thread/WARN] [FML/customnpcs]: *  at net.minecraftforge.fml.common.registry.IForgeRegistryEntry$Impl.setRegistryName(IForgeRegistryEntry.java:93)
[17:29:57] [Server thread/WARN] [FML/customnpcs]: *  at noppes.npcs.CustomNpcs.registerNpc(CustomNpcs.java:329)
[17:29:57] [Server thread/WARN] [FML/customnpcs]: *  at noppes.npcs.CustomNpcs.load(CustomNpcs.java:248)
[17:29:57] [Server thread/WARN] [FML/customnpcs]: *  at sun.reflect.NativeMethodAccessorImpl.invoke0(Native Method)
[17:29:57] [Server thread/WARN] [FML/customnpcs]: *  at sun.reflect.NativeMethodAccessorImpl.invoke(NativeMethodAccessorImpl.java:62)...
[17:29:57] [Server thread/WARN] [FML/customnpcs]: ****************************************
[17:29:57] [Server thread/TRACE] [FML/customnpcs]: Automatically registered mod customnpcs entity NpcDragon as customnpcs:npcdragon
[17:29:57] [Server thread/WARN] [FML/customnpcs]: ****************************************
[17:29:57] [Server thread/WARN] [FML/customnpcs]: * Dangerous alternative prefix `minecraft` for name `customnpcs.npcdragon`, expected `customnpcs` invalid registry invocation/invalid name?
[17:29:57] [Server thread/WARN] [FML/customnpcs]: *  at net.minecraftforge.fml.common.registry.IForgeRegistryEntry$Impl.setRegistryName(IForgeRegistryEntry.java:85)
[17:29:57] [Server thread/WARN] [FML/customnpcs]: *  at net.minecraftforge.fml.common.registry.IForgeRegistryEntry$Impl.setRegistryName(IForgeRegistryEntry.java:93)
[17:29:57] [Server thread/WARN] [FML/customnpcs]: *  at noppes.npcs.CustomNpcs.registerNpc(CustomNpcs.java:329)
[17:29:57] [Server thread/WARN] [FML/customnpcs]: *  at noppes.npcs.CustomNpcs.load(CustomNpcs.java:249)
[17:29:57] [Server thread/WARN] [FML/customnpcs]: *  at sun.reflect.NativeMethodAccessorImpl.invoke0(Native Method)
[17:29:57] [Server thread/WARN] [FML/customnpcs]: *  at sun.reflect.NativeMethodAccessorImpl.invoke(NativeMethodAccessorImpl.java:62)...
[17:29:57] [Server thread/WARN] [FML/customnpcs]: ****************************************
[17:29:57] [Server thread/TRACE] [FML/customnpcs]: Automatically registered mod customnpcs entity npcEnderman as customnpcs:npcenderman
[17:29:57] [Server thread/WARN] [FML/customnpcs]: ****************************************
[17:29:57] [Server thread/WARN] [FML/customnpcs]: * Dangerous alternative prefix `minecraft` for name `customnpcs.npcenderman`, expected `customnpcs` invalid registry invocation/invalid name?
[17:29:57] [Server thread/WARN] [FML/customnpcs]: *  at net.minecraftforge.fml.common.registry.IForgeRegistryEntry$Impl.setRegistryName(IForgeRegistryEntry.java:85)
[17:29:57] [Server thread/WARN] [FML/customnpcs]: *  at net.minecraftforge.fml.common.registry.IForgeRegistryEntry$Impl.setRegistryName(IForgeRegistryEntry.java:93)
[17:29:57] [Server thread/WARN] [FML/customnpcs]: *  at noppes.npcs.CustomNpcs.registerNpc(CustomNpcs.java:329)
[17:29:57] [Server thread/WARN] [FML/customnpcs]: *  at noppes.npcs.CustomNpcs.load(CustomNpcs.java:250)
[17:29:57] [Server thread/WARN] [FML/customnpcs]: *  at sun.reflect.NativeMethodAccessorImpl.invoke0(Native Method)
[17:29:57] [Server thread/WARN] [FML/customnpcs]: *  at sun.reflect.NativeMethodAccessorImpl.invoke(NativeMethodAccessorImpl.java:62)...
[17:29:57] [Server thread/WARN] [FML/customnpcs]: ****************************************
[17:29:57] [Server thread/TRACE] [FML/customnpcs]: Automatically registered mod customnpcs entity npcGolem as customnpcs:npcgolem
[17:29:57] [Server thread/WARN] [FML/customnpcs]: ****************************************
[17:29:57] [Server thread/WARN] [FML/customnpcs]: * Dangerous alternative prefix `minecraft` for name `customnpcs.npcgolem`, expected `customnpcs` invalid registry invocation/invalid name?
[17:29:57] [Server thread/WARN] [FML/customnpcs]: *  at net.minecraftforge.fml.common.registry.IForgeRegistryEntry$Impl.setRegistryName(IForgeRegistryEntry.java:85)
[17:29:57] [Server thread/WARN] [FML/customnpcs]: *  at net.minecraftforge.fml.common.registry.IForgeRegistryEntry$Impl.setRegistryName(IForgeRegistryEntry.java:93)
[17:29:57] [Server thread/WARN] [FML/customnpcs]: *  at noppes.npcs.CustomNpcs.registerNpc(CustomNpcs.java:329)
[17:29:57] [Server thread/WARN] [FML/customnpcs]: *  at noppes.npcs.CustomNpcs.load(CustomNpcs.java:251)
[17:29:57] [Server thread/WARN] [FML/customnpcs]: *  at sun.reflect.NativeMethodAccessorImpl.invoke0(Native Method)
[17:29:57] [Server thread/WARN] [FML/customnpcs]: *  at sun.reflect.NativeMethodAccessorImpl.invoke(NativeMethodAccessorImpl.java:62)...
[17:29:57] [Server thread/WARN] [FML/customnpcs]: ****************************************
[17:29:57] [Server thread/TRACE] [FML/customnpcs]: Automatically registered mod customnpcs entity CustomNpc as customnpcs:customnpc
[17:29:57] [Server thread/WARN] [FML/customnpcs]: ****************************************
[17:29:57] [Server thread/WARN] [FML/customnpcs]: * Dangerous alternative prefix `minecraft` for name `customnpcs.customnpc`, expected `customnpcs` invalid registry invocation/invalid name?
[17:29:57] [Server thread/WARN] [FML/customnpcs]: *  at net.minecraftforge.fml.common.registry.IForgeRegistryEntry$Impl.setRegistryName(IForgeRegistryEntry.java:85)
[17:29:57] [Server thread/WARN] [FML/customnpcs]: *  at net.minecraftforge.fml.common.registry.IForgeRegistryEntry$Impl.setRegistryName(IForgeRegistryEntry.java:93)
[17:29:57] [Server thread/WARN] [FML/customnpcs]: *  at noppes.npcs.CustomNpcs.registerNpc(CustomNpcs.java:329)
[17:29:57] [Server thread/WARN] [FML/customnpcs]: *  at noppes.npcs.CustomNpcs.load(CustomNpcs.java:252)
[17:29:57] [Server thread/WARN] [FML/customnpcs]: *  at sun.reflect.NativeMethodAccessorImpl.invoke0(Native Method)
[17:29:57] [Server thread/WARN] [FML/customnpcs]: *  at sun.reflect.NativeMethodAccessorImpl.invoke(NativeMethodAccessorImpl.java:62)...
[17:29:57] [Server thread/WARN] [FML/customnpcs]: ****************************************
[17:29:57] [Server thread/TRACE] [FML/customnpcs]: Automatically registered mod customnpcs entity CustomNpc64x32 as customnpcs:customnpc64x32
[17:29:57] [Server thread/WARN] [FML/customnpcs]: ****************************************
[17:29:57] [Server thread/WARN] [FML/customnpcs]: * Dangerous alternative prefix `minecraft` for name `customnpcs.customnpc64x32`, expected `customnpcs` invalid registry invocation/invalid name?
[17:29:57] [Server thread/WARN] [FML/customnpcs]: *  at net.minecraftforge.fml.common.registry.IForgeRegistryEntry$Impl.setRegistryName(IForgeRegistryEntry.java:85)
[17:29:57] [Server thread/WARN] [FML/customnpcs]: *  at net.minecraftforge.fml.common.registry.IForgeRegistryEntry$Impl.setRegistryName(IForgeRegistryEntry.java:93)
[17:29:57] [Server thread/WARN] [FML/customnpcs]: *  at noppes.npcs.CustomNpcs.registerNpc(CustomNpcs.java:329)
[17:29:57] [Server thread/WARN] [FML/customnpcs]: *  at noppes.npcs.CustomNpcs.load(CustomNpcs.java:253)
[17:29:57] [Server thread/WARN] [FML/customnpcs]: *  at sun.reflect.NativeMethodAccessorImpl.invoke0(Native Method)
[17:29:57] [Server thread/WARN] [FML/customnpcs]: *  at sun.reflect.NativeMethodAccessorImpl.invoke(NativeMethodAccessorImpl.java:62)...
[17:29:57] [Server thread/WARN] [FML/customnpcs]: ****************************************
[17:29:57] [Server thread/TRACE] [FML/customnpcs]: Automatically registered mod customnpcs entity CustomNpcChairMount as customnpcs:customnpcchairmount
[17:29:57] [Server thread/TRACE] [FML/customnpcs]: Automatically registered mod customnpcs entity CustomNpcProjectile as customnpcs:customnpcprojectile
[17:29:57] [Server thread/TRACE] [customnpcs/customnpcs]: Sent event FMLPreInitializationEvent to mod customnpcs
[17:29:57] [Server thread/DEBUG] [FML/]: Bar Step: PreInitialization - CustomNPCs took 0.295s
[17:29:57] [Server thread/TRACE] [cyclopscore/cyclopscore]: Sending event FMLPreInitializationEvent to mod cyclopscore
[17:29:57] [Server thread/TRACE] [Cyclops Core/cyclopscore]: preInit()
[17:29:57] [Server thread/TRACE] [Cyclops Core/cyclopscore]: Registered general
[17:29:57] [Server thread/TRACE] [Cyclops Core/cyclopscore]: Registered fluid_handler_capacity
[17:29:57] [Server thread/TRACE] [cyclopscore/cyclopscore]: Sent event FMLPreInitializationEvent to mod cyclopscore
[17:29:57] [Server thread/DEBUG] [FML/]: Bar Step: PreInitialization - Cyclops Core took 0.056s
[17:29:57] [Server thread/TRACE] [dailies/dailies]: Sending event FMLPreInitializationEvent to mod dailies
[17:29:57] [Forge Version Check/DEBUG] [ForgeVersionCheck/forge]: [nei] Received version check data:
{"promos":{"1.11.2-recommended":"2.3.0.227","1.11.2-latest":"2.3.0.227"}}
[17:29:57] [Forge Version Check/INFO] [ForgeVersionCheck/forge]: [nei] Found status: OUTDATED Target: 2.3.0.227
[17:29:57] [Forge Version Check/INFO] [ForgeVersionCheck/forge]: [vampirism] Starting version check at http://maxanier.de/projects/vampirism/versions.json
[17:29:57] [Server thread/TRACE] [dailies/dailies]: Sent event FMLPreInitializationEvent to mod dailies
[17:29:57] [Server thread/DEBUG] [FML/]: Bar Step: PreInitialization - Bailey's Dailies took 0.125s
[17:29:57] [Server thread/TRACE] [dmonsters/dmonsters]: Sending event FMLPreInitializationEvent to mod dmonsters
[17:29:57] [Server thread/TRACE] [FML/dmonsters]: Automatically registered mod dmonsters entity mutantSteve as dmonsters:mutantsteve
[17:29:57] [Server thread/TRACE] [FML/dmonsters]: Automatically registered mod dmonsters entity freezer as dmonsters:freezer
[17:29:57] [Server thread/TRACE] [FML/dmonsters]: Automatically registered mod dmonsters entity climber as dmonsters:climber
[17:29:57] [Server thread/TRACE] [FML/dmonsters]: Automatically registered mod dmonsters entity zombieChicken as dmonsters:zombiechicken
[17:29:57] [Server thread/TRACE] [FML/dmonsters]: Automatically registered mod dmonsters entity baby as dmonsters:baby
[17:29:57] [Server thread/TRACE] [FML/dmonsters]: Automatically registered mod dmonsters entity wideman as dmonsters:wideman
[17:29:57] [Server thread/TRACE] [FML/dmonsters]: Automatically registered mod dmonsters entity woman as dmonsters:woman
[17:29:57] [Server thread/TRACE] [FML/dmonsters]: Automatically registered mod dmonsters entity entrail as dmonsters:entrail
[17:29:57] [Server thread/TRACE] [FML/dmonsters]: Automatically registered mod dmonsters entity present as dmonsters:present
[17:29:57] [Server thread/TRACE] [FML/dmonsters]: Automatically registered mod dmonsters entity stranger as dmonsters:stranger
[17:29:57] [Server thread/TRACE] [FML/dmonsters]: Automatically registered mod dmonsters entity hauntedcow as dmonsters:hauntedcow
[17:29:57] [Server thread/TRACE] [FML/dmonsters]: Automatically registered mod dmonsters entity luckyEgg as dmonsters:luckyegg
[17:29:57] [Server thread/TRACE] [FML/dmonsters]: Automatically registered mod dmonsters entity dagon as dmonsters:dagon
[17:29:57] [Server thread/TRACE] [dmonsters/dmonsters]: Sent event FMLPreInitializationEvent to mod dmonsters
[17:29:57] [Server thread/DEBUG] [FML/]: Bar Step: PreInitialization - Deadly Monsters took 0.103s
[17:29:57] [Server thread/TRACE] [dissolution/dissolution]: Sending event FMLPreInitializationEvent to mod dissolution
[17:29:57] [Server thread/TRACE] [FML/dissolution]: Automatically registered mod dissolution entity wandering_soul as dissolution:wandering_soul
[17:29:57] [Server thread/TRACE] [FML/dissolution]: Automatically registered mod dissolution entity minion_zombie as dissolution:minion_zombie
[17:29:57] [Server thread/TRACE] [FML/dissolution]: Automatically registered mod dissolution entity minion_pig_zombie as dissolution:minion_pig_zombie
[17:29:57] [Server thread/TRACE] [FML/dissolution]: Automatically registered mod dissolution entity minion_skeleton as dissolution:minion_skeleton
[17:29:57] [Server thread/TRACE] [FML/dissolution]: Automatically registered mod dissolution entity minion_stray as dissolution:minion_stray
[17:29:57] [Server thread/TRACE] [FML/dissolution]: Automatically registered mod dissolution entity minion_wither_skeleton as dissolution:minion_wither_skeleton
[17:29:57] [Server thread/TRACE] [FML/dissolution]: Automatically registered mod dissolution entity player_corpse as dissolution:player_corpse
[17:29:57] [Server thread/TRACE] [FML/dissolution]: Automatically registered mod dissolution entity maw_of_the_void as dissolution:maw_of_the_void
[17:29:57] [Server thread/TRACE] [FML/dissolution]: Automatically registered mod dissolution entity brimstone_fire as dissolution:brimstone_fire
[17:29:57] [Server thread/TRACE] [FML/dissolution]: Automatically registered mod dissolution entity soul_camera as dissolution:soul_camera
[17:29:57] [Server thread/TRACE] [dissolution/dissolution]: Sent event FMLPreInitializationEvent to mod dissolution
[17:29:57] [Server thread/DEBUG] [FML/]: Bar Step: PreInitialization - Dissolution took 0.101s
[17:29:57] [Server thread/TRACE] [dungeondq/dungeondq]: Sending event FMLPreInitializationEvent to mod dungeondq
[17:29:57] [Forge Version Check/DEBUG] [ForgeVersionCheck/forge]: [vampirism] Received version check data:
{
  "comment": "Stores version info and changelog",
  "homepage": "https://vampirism.maxanier.de",
  "promos": {
    "1.19.2-recommended":"1.8.0-alpha+20220729-2305",
    "1.19.2-latest":"1.8.0-alpha+20220729-2305",
    "1.18.2-recommended":"1.8.4",
    "1.18.2-latest":"1.8.4",
    "1.17.1-recommended":"1.8.4-beta.1",
    "1.17.1-latest":"1.8.4-beta.1",
    "1.16.5-recommended":"1.8.10",
    "1.16.5-latest":"1.9.0-alpha+20220726-2338",
    "1.16.4-recommended" :"1.7.12",
    "1.16.4-latest" :"1.7.12",
    "1.16.3-recommended":"1.6.1",
    "1.16.3-latest":"1.6.1",
    "1.16.1-recommended":"1.6.0-alpha+20200814-1726",
    "1.16.1-latest":"1.6.0-alpha+20200814-1726",
    "1.15.2-recommended":"1.7.2",
    "1.15.2-latest":"1.7.2",
    "1.14.4-recommended":"1.7.0",
    "1.14.4-latest":"1.7.0",
    "1.12.2-recommended":"1.6.2",
    "1.12.2-latest":"1.6.2",
    "1.12.1-recommended":"1.4.0",
    "1.12-recommended": "1.4.0",
    "1.12-latest":"1.4.0",
    "1.11.2-latest": "1.2.9",
    "1.11.2-recommended": "1.2.9",
    "1.10.2-latest": "1.2.5",
    "1.10.2-recommended": "1.2.5",
    "1.10-latest": "1.0.0",
    "1.10-recommend": "1.0.0",
    "1.9.4-latest": "1.0.2",
    "1.9.4-recommended": "1.0.2"
  },
  "1.19.2":{
    "1.8.0-alpha+20220729-2305":"1.19"
  },
  "1.18.2":{
    "1.8.4":""
  },
  "1.17.2":{
    "1.8.4-beta.1":""
  },
  "1.16.5":{
    "1.9.0-alpha+20220726-2338":"Loads of new features",
    "1.8.10":"- Fix blood value loading for MCA and others\n- Make sure bees cannot eliminate DBNO vampires\n- Fix hissing sound playback\n- Allow village golems to ignore disguises\n- Clarify hunter disguise description\n- Add JEI click area for potion table\n- Clean up SpawnNewVillager event API",
    "1.8.1":"- Fix crash with Just Enough Resources. No reason to update otherwise.",
    "1.8.0":"Release of 1.8",
    "1.8.0-beta.4":"- Fix potential crash with balance modifiers (GodlyVampirism)\n- Render second skin layer for basic hunters\n- Add faction log marker\n- Fix unique tasks (e.g. lord) not being acceptable after timeout\n- Allow zero weight for forest biome\n- Fix crash related to hunter minion skin\n- Migrate to official Mojang mappings\n- Fix feeding adapter quest not recognizing imob hunter kills",
    "1.8.0-beta.3":"- IMPORTANT: All world gen related config is now in COMMON config. Old values elsewhere are ignored.\nThis affects biome and mob spawn rates, hunter tent separation and village separation\n- Refined commands\n- Update GuideBook for 1.8\n- New hunter textures by Random2325\n- Allow naturally generated villages be enlarged (when vampirism villages)\n- Allow floating point values for skillPointsPerLevel\n- Don't show accessory slots for hunters\n",
    "1.8.0-beta.2":"- A lot. Check the download page or Discord",
    "1.7.12":"- Fix crash with Taterzens",
    "1.7.11":"- Finally fix advanced vampire entities only having 1 health",
    "1.7.10":"- Stop vampires from converting or killing villagers\n- Fix grinder item tooltips\n- Reduce vampire hiss volume and frequency\n- Fix normal garlic beacon tile entity not working\n- Fix cloak clipping through player\n- Workaround for FastWorkbench & doLimitedCrafting\n- Add temporary workaround for world breaking issue with cauldron recipes likely caused by another mod\n- Fix resource pack id",
    "1.7.9":"- Derp",
    "1.7.8":"- Fix bell related crash\n- Fix totem related crash\n- Prevent drinking from stacked bottles\n- Stop hunter minions from defending against human players\n- Allow vampires to spawn in villages for performance reasons\n- New book and binding textures by DimensionPainter\n- New obsidian armor texture by MrVityaTrash\n- Don't make harmful drinkable hunter potions deadly",
    "1.7.7":"- Fix totem top drop\n- Fix several tent related issues. Thereby increasing advanced hunter (re)spawn rate\n- Fix cooldown when prematurely disabling an action\n- Adjust certain command permissions\n- Allow drinking pure blood for food at higher levels
- Collect blood now also yields resources. Adjusted resources\n- Allow select action screen to also bind mouse keys\n- Fix vampire dungeon regeneration\n- Reduce food level and add nausea for eating human hearts as non vampire",
    "1.7.6":"- Fix crash with dimension mods\n- Fix automatic blood value calculation\n- Remove some of the stronger resistance potions\n- Slightly nerf some other hunter potions\n- Fix/adjust structure density for camps and villages",
    "1.7.5":"- Ringing a bell will now highlight all entities of the opposite faction during a village capture\n- Reset lord tasks when changing lord level\n- Some new textures by Alis\n- Only loose one lord level when resetting skills as lord\n- Make hunter brewed potions lethal to non hunters\n- Fix title gender resetting upon death and not updating on setting gender\n- Fix explosions not fully destroying tents\n- Fix crash with hunter potion resistance\n- Fix and cleanup configurations\n- Fix crash when having Optifine in server mod directory\n- Fix error with some entities while saving the world\n- Enforce tent generation for datapack worlds\n- Cleanup API setup",
    "1.7.4":"- Skip rendering bottom part of screen overlay when using Optifine+Shaders\n- Fix issue with CraftTweaker\n- Fix rare mod compatibility issue on world creation\n- Update Chinese Simplified translations thanks to @zorc\n- Avoid potential mod mixin conflict",
    "1.7.3":"- Add workaround for issue on world load or respawn caused by Optifine (no levels, no bloodbar, no skills, etc.. )\n- Fix/Improve certain rendering issues with Optifine + Shaders: Screen border should work. Blood vision should not crash anything.\n- Depending on the shader blood vision might add glowing affect to entities\n- Fix hunter disguise functionality: Mobs should have a significantly decreased detection range again\n- Make minions with locked task ignore the call all command\n- Migrate some coremods to mixins\n- Fix stake not affecting vampire players\n- Balance villager trades\n- Avoid issue with vampire swords not training\n- Change structure separation registration to fix hunter tents not generating with TerraForged\n- Fix efficient brewing\n- Add biome types to forest. Fixes biome gen with certain modded world generators\n- Allow converting cursed earth to regular grass using holy water bottles\n- Allow configuring number of minions a player unlocks per lord level\n- Fix weapon table and alchemical cauldron skill requirement rendering"
  },
  "1.16.4":{
      "1.7.12":"- Fix crash with Taterzens",
      "1.7.11":"- Finally fix advanced vampire entities only having 1 health",
      "1.7.10":"- Stop vampires from converting or killing villagers\n- Fix grinder item tooltips\n- Reduce vampire hiss volume and frequency\n- Fix normal garlic beacon tile entity not working\n- Fix cloak clipping through player\n- Workaround for FastWorkbench & doLimitedCrafting\n- Add temporary workaround for world breaking issue with cauldron recipes likely caused by another mod\n- Fix resource pack id",
    "1.7.9":"- Derp",
    "1.7.8":"- Fix bell related crash\n- Fix totem related crash\n- Prevent drinking from stacked bottles\n- Stop hunter minions from defending against human players\n- Allow vampires to spawn in villages for performance reasons\n- New book and binding textures by DimensionPainter\n- New obsidian armor texture by MrVityaTrash\n- Don't make harmful drinkable hunter potions deadly",
    "1.7.7":"- Fix totem top drop\n- Fix several tent related issues. Thereby increasing advanced hunter (re)spawn rate\n- Fix cooldown when prematurely disabling an action\n- Adjust certain command permissions\n- Allow drinking pure blood for food at higher levels
- Collect blood now also yields resources. Adjusted resources\n- Allow select action screen to also bind mouse keys\n- Fix vampire dungeon regeneration\n- Reduce food level and add nausea for eating human hearts as non vampire",
    "1.7.6":"- Fix crash with dimension mods\n- Fix automatic blood value calculation\n- Remove some of the stronger resistance potions\n- Slightly nerf some other hunter potions\n- Fix/adjust structure density for camps and villages",
    "1.7.5":"- Ringing a bell will now highlight all entities of the opposite faction during a village capture\n- Reset lord tasks when changing lord level\n- Some new textures by Alis\n- Only loose one lord level when resetting skills as lord\n- Make hunter brewed potions lethal to non hunters\n- Fix title gender resetting upon death and not updating on setting gender\n- Fix explosions not fully destroying tents\n- Fix crash with hunter potion resistance\n- Fix and cleanup configurations\n- Fix crash when having Optifine in server mod directory\n- Fix error with some entities while saving the world\n- Enforce tent generation for datapack worlds\n- Cleanup API setup",
    "1.7.4":"- Skip rendering bottom part of screen overlay when using Optifine+Shaders\n- Fix issue with CraftTweaker\n- Fix rare mod compatibility issue on world creation\n- Update Chinese Simplified translations thanks to @zorc\n- Avoid potential mod mixin conflict",
    "1.7.3":"- Add workaround for issue on world load or respawn caused by Optifine (no levels, no bloodbar, no skills, etc.. )\n- Fix/Improve certain rendering issues with Optifine + Shaders: Screen border should work. Blood vision should not crash anything.\n- Depending on the shader blood vision might add glowing affect to entities\n- Fix hunter disguise functionality: Mobs should have a significantly decreased detection range again\n- Make minions with locked task ignore the call all command\n- Migrate some coremods to mixins\n- Fix stake not affecting vampire players\n- Balance villager trades\n- Avoid issue with vampire swords not training\n- Change structure separation registration to fix hunter tents not generating with TerraForged\n- Fix efficient brewing\n- Add biome types to forest. Fixes biome gen with certain modded world generators\n- Allow converting cursed earth to regular grass using holy water bottles\n- Allow configuring number of minions a player unlocks per lord level\n- Fix weapon table and alchemical cauldron skill requirement rendering",
    "1.7.2":"- Rework balance config system to allow addons to modify the default values (should have no effect for users)\n- Fix certain configuration not being considered at all (most mob properties, hunter attack speed skills, vampire blood thirst and sundamage reduction skill, vampire speed boost skill)\n- Fix log spam with certain mods\n- Add garlic as loot to some chests\n- Add missing glowing eye option to player appearance screen\n- Improve guide book text on vampire blood and vampire baron\n- Fix missing hunter table structure notice\n- Fix misleading hunter trainer response\n- Allow configuring maximum yellow screen percentage, skillPointsPerLevel and alloInfiniteSpecialArrows",
    "1.7.1":"- Fix sundamage configuration not working\n- Fix mod compat related crash on world creation\n- Adjust vampire/fire related default configuration if IceAndFire is loadeed\n- Add small cooldown between action hotkey activation\n- Fix/Cleanup several parts of code to make it less error prone\n- Fix API issue",
    "1.7.0":"- All changes from previous betas/alphas\n- Fix minions sometimes not following/teleporting\n- Print dead/recovering minions when trying to recall them\n- Don't show an empty select single minion GUI when all minions are dead\n- Fix minion health",
    "1.7.0-beta.2":"- Fix crash with Astral Sorcery\n- Fix reordering action menu\n- Fix hunter table recipe book\n- Gui related fixes",
    "1.7.0-beta.1":"- Buff obsidian armor to include knockback resistance and make it inflammable\n- Properly mark vampire firedamage as firedamage\n- Refresh player chat name on lord level change\n- Improve logs",
    "1.6.3":"- Fix crash with Minecolonies",
    "1.6.2":"- Fix hunters running away\n- Remove rain from vampire forest"
  },
  "1.16.3":{
    "1.6.1": "- Fix several rare crashes and mod compatibility issues",
    "1.6.0":"- Release\n- Fix possible mod conflicts\n- Fix vampire dungeon generation\n- Adjust Optifine warning screen\n- Fix rare crash"
  },
  "1.16.1":{
    "1.6.0-alpha+20200814-1726":"- Fixes"
  },
  "1.15.2":{
    "1.7.2":"- Fix glowing vampire eyes\n- Workaround for crash caused by Not enough enchantments\n- Don't render skill tooltip when hovering over button\n- Hunter trainer should not talk to vampires\n- Fix action keybinding menu\n- Stop minions from defending against human players\n- Fix totem crash- New obsidian armor texture by MrVityaTrash\n- Fix some advanced hunter spawns\n- Fix totem drop\n- Reduce hunger replenishment of food\n- New minion binding textures by DimensionPainter\n- Adjust some command permissions\n- More",
    "1.7.1":"- Fix player name customization in chat\n- Remove strength III and (partially) II\n- Fix blood value calculation\n- New textures by Alis\n- Reset lord tasks when changing lord level\n- Fix explosions not fully destroying tents\n- Fix title gender resetting on death\n- Render yellow screen border as part of the GUI instead of the world render last -&gt; Should work with Optifine shaders\n- Make minions with locked task ignore the call all command\n- More configuration options\n- Allow converting cursed earth to regularr grass using holy water bottle\n- Fix efficient brewing\n- Adjust villager trades\n- Fix stakes not affecting vampire players\n- Fix some nonfunctional configuration\n- Add garlic to some chests as loot\n- Adjust default configuration if IceAndFire is loaded\n- Introduce cooldown for action hotkeys",
    "1.7.0":"- All changes from previous betas and alphas\n- Fix minions sometimes not following/teleporting\n- Print dead/recovering minions when trying to recall them\n- Don't show an empty select single minion GUI when all minions are dead\n- Fix minion health\n- Mark Vamprism's fire damage as fire damage",
    "1.7.0-beta.4":"- Fix crash when connecting to server\n- Allow configuring the position of the skill button in the inventory screen.\n- Stop hunters from wandering off unintentionally\n- Fix blood grinder destroying items on break\n- Adjust container interaction",
    "1.7.0-beta.3":"- Add config command which allows more comfortable blacklisting sundamage biomes and biteable creatures as well as enforcing sundamage in other dimensions\n- Allow coloring coffins with modded dyes\n- Improve sundamage detection with blocks like farmland or half-slabs below sea level\n- Avoid rare crash\n- Add IMCMessage for other mods to disable the bloodbar rendering",
    "1.7.0-beta.1":"- Potentially fix #749\n- Extend blood bar command functionality",
    "1.7.0-alpha+20200909-2019":"- Very very much: https://www.curseforge.com/minecraft/mc-mods/vampirism-become-a-vampire/files/3053145",
    "1.6.1":"- Fix invalid recipe display in JEI/Crafting Guide/Guide book when playing on a server\n- Fix mouse key binding for action menu\n- Fix crash on some locales\n- Add list of actions to bind-action help command",
    "1.6.0":"- Add feed progress indicator\n- Allow filling the blood container with impure blood again\n- Add more skill descriptions\n- Add sound to blood grinder\n- Fix skill screen rendering\n- Require enhanced weapon skill for enhanced hunter axe\n- Fix potential mod compat issue #713",
    "1.6.0-beta.4":"- Rework blood vision\n- Fix enchantment description keys\n- Remove potentially unsafe (crashy) code\n- Fix server side crash with the sanguinare injection item\n- Nerf fire damage\n- Remove blood from blood container on harvest if less than 1 food unit\n- add cloak to hunter trainer and advanced hunter\n- Allow breaking neutral totem",
    "1.6.0-beta.2":"- Fix hunters not spawning at tents after reloading the world\n- Add configuration option to use vanilla fireplace instead of Vampirism one during world gen\n- Fix versioning and version check\n- Add looting chance increase (1perc per level) to vampire books from advanced mobs\n- Fix sneak overlay not sneaking with the player",
    "1.6.0-beta.1":"- Beta\n- Add GuideAPI-VP support\n- Fix weapon table and medchair rendering\n- Fix altar infusion rendering\n- More rendering fixes",
    "1.6.0-alpha+20200223-1524":"- First alpha for 1.15\n- Rendering still buggy"
  },
  "1.14.4":{
    "1.7.1":"- Fix glowing vampire eyes\n- Workaround for crash caused by Not enough enchantments\n- Don't render skill tooltip when hovering over button\n- Hunter trainer should not talk to vampires\n- Fix action keybinding menu\n- Stop minions from defending against human players\n- Fix totem crash- New obsidian armor texture by MrVityaTrash\n- Fix some advanced hunter spawns\n- Fix totem drop\n- Reduce hunger replenishment of food\n- New minion binding textures by DimensionPainter\n- Adjust some command permissions\n- Remove strength III and (partially) II\n- Fix blood value calculation\n- New textures by Alis\n- Reset lord tasks when changing lord level\n- Fix explosions not fully destroying tents\n- Fix title gender resetting on death\n- Render yellow screen border as part of the GUI instead of the world render last -&gt; Should work with Optifine shaders\n- Make minions with locked task ignore the call all command\n- More configuration options\n- Allow converting cursed earth to regularr grass using holy water bottle\n- Fix efficient brewing\n- Adjust villager trades\n- Fix stakes not affecting vampire players\n- Fix some nonfunctional configuration\n- Add garlic to some chests as loot\n- Adjust default configuration if IceAndFire is loaded\n- Introduce cooldown for action hotkeys\n- More",
    "1.7.0":"- All changes from previous betas and alphas\n- Fix minions sometimes not following/teleporting\n- Print dead/recovering minions when trying to recall them\n- Don't show an empty select single minion GUI when all minions are dead\n- Fix minion health",
    "1.7.0-beta.3":"- Fix crash when connecting to server\n- Stop hunters from wandering off unintentionally\n- Fix visual glitch when using blood vision\n- Fix blood grinder destroying items on break\n- Adjust container interaction",
    "1.7.0-beta.2":"- Add config command which allows more comfortable blacklisting sundamage biomes and biteable creatures as well as enforcing sundamage in other dimensions\n- Allow coloring coffins with modded dyes\n- Improve sundamage detection with blocks like farmland or half-slabs below sea level\n- Avoid rare crash\n- Add IMCMessage for other mods to disable the bloodbar rendering\n- Delay access to Tags in certain situations to avoid possible crash with other mods (WorldBlender)\n- Fix crash with Astral Sorcery\n- Fix another crash",
    "1.7.0-beta.1":"- Potentially fix #749\n- Extend blood bar command functionality",
    "1.7.0-alpha+20200909-2028":"- Make zombies ignore vampire villagers\n- Fix task progress saving\n- Force appropriate guide API version\n- Tweak hunter awareness to last in-definitively and have a smaller radius",
    "1.7.0-alpha+20200828-2115":"- Totems now consider all villages and not just generated villages. So you can capture your custom built villages now\n- Minion can now be leveled in different stats.\n- Generated totem tops no longer drop when destroyed, but there is a new recipe (and task reward) to obtain a more solid totem top\n- Fix minion armor dupe.\n- Fix minion armor and weapons not loosing durability\n- Increased minion health and added slow regeneration",
    "1.7.0-alpha+20200817-2045":"- allow using lower level intel/pure blood for rituals\n- make vampire players not require any rest\n- revamp vampire forest\n- fix minion names being out of sync\n- remove ghosts\n- fix undercover hunter trainer texture\n- fix missing structure id error",
    "1.7.0-alpha+20200811-1851":"- Very very much: https://www.curseforge.com/minecraft/mc-mods/vampirism-become-a-vampire/files/3029508",
    "1.6.4":"- Add feed progress indicator\n- Add more skill descriptions\n- Add sound to blood grinder\n- Fix potential mod compat issue #713",
    "1.6.3":"- Fix enchantment description keys\n- Fix blood vision blood entity color\n- Remove blood from blood container on harvest if less than 1 food unit\n- Fix server side crash with sanguinare injection item\n- Remove potentially unsafe (crashy) code\n- Allow breaking neutral village totem",
    "1.6.2":"- Fix crash on startup in 1.6.1",
    "1.6.1":"- Fix internal version\n- Add guidebook crafting recipe\n- Change guidebook item texture\n- Add config to use vanilla campfire in worldgen",
    "1.6.0":"- Release\n- Add GuideAPI-VP support\n- Buff hunter coat armor\n- Allow disabling blood vision rendering client side\n- Fix vampires not dropping vampire blood if killed with a stake\n- Add/Use garlic tag for compatibility with Pam's Harvestcraft and others\n- Fix two human harts being consumed at once\n- Allow crafting purified garlic with enhanced holy water\n- Fix converted entities not being able to have custom names",
    "1.6.0-beta.5":"- wake villagers before making them aggressive\n- fix coffin item drop\n- fix translations\n- add enchantment descriptions\n- stop iron golems from attacking vampire hunters\n- fix 639 properly",
    "1.6.0-beta.4":"- Fix client crash when breaking tent",
    "1.6.0-beta.3":"- Fix server startup crash",
    "1.6.0-beta.2":"- more new textures by Alis\n- fix inventory skill button and allow configuring its position (Cheaterpaul)\n- fix eye/fang command\n- add altar of cleansing to village churches again (Cheaterpaul)\n- reimplement vampire dungeon (Cheaterpaul)\n- allow hunter to sleep in tents (Cheaterpaul)\n- fix enchantment names\n- fix possible crash if datapacks cannot be loaded\n- temporary workaround for 629",
    "1.6.0-beta.1":"- First beta for 1.14\n- Fixes and new textures"
  },
  "1.12.2":{
    "1.6.2":"- Fix vampire minion texture\n- Prevent biting while blocking using a shield\n- Fix some textures",
    "1.6.0":"- A lot of new textures by _tinkerhatwill_, _dimensionpainter_, _Alis_ and _S_olace_!\n- Prevent vampire finisher skill from destroying armor #580\n- Fix automatic blood bottle -> glass bottle conversion\n- Biting undead creatures no longer gives you poison\n- Make spitfire arrows require less lava\n- Make vampire killer arrows slightly cheaper\n- Fix advanced bite skill\n- Fix arrow frugality calculation and allow applying this to normal crossbows\n- Freeze potion now uses new potion effect to actually freeze the players\n- Fix pigmen attacking non vampires #572\n- Allow destroying totem of destroyed village\n- Allow garlic bread to cure sanguinare\n- Fix playerCanTurnPlayer config\n- Ceil displayed charged/trained values for vampire swords #583\n- Remove unnecessary log messages\n- Fix rare crash\n- Fix shapeless recipe display in JEI",
    "1.5.7":"- Add new (obsidian) armor type to give the obsidian armor toughness\n- Add crossbow damage multiplier balance option\n- New fang type (1LiterZinalco)\n- Fix issue with ThermalInnovations\n- Fix Altar of Inspiration exploit\n- Workaround for #564",
    "1.5.6":"- Fix and rework hunter armors. They were way stronger as intended\n- Fix issue with BetterPortals #509\n- Fix impossible hunter expert trade\n- Fix Halloween Special DataParameter\n- Remove unnecessary warning",
    "1.5.5":"",
    "1.5.4":"",
    "1.5.3":"- Zombies no longer attack vampires\n- Enhanced/Special holy water got a buff. Now they apply Nausea and Blindness to vampires.\n- Fix issue with bind action\n- Iron golems attack vampires in non vampire villages\n- Added (almost useless) garlic bread",
    "1.5.2":"- Fix world breaking crash #472\n- Fix hunter hat rendering #470\n- Fix villagers randomly changing age and profession #469\n- Make vampires not watch invisible players #467\n- Make holy water splash damage count as player dealt damage",
    "1.5.1":"+ Updated translations\n+ Allow refilling the weapon table even if some lava is left\n+ Alchemical fire can be crafted with enhanced/special holy water too\n+ Secret Level 15",
    "1.5.0":"- Fixed duplicate converted villagers\n- Fixed transparency issue\n- Extended converted horse functionality\n - Render outer layer\n- Added permission checks",
    "1.5.0-beta.3":"- Fix startup crash for dedicated servers\n- Fix command permissions\n- Don't kill player when reverting to normal human in hardcore mode",
    "1.5.0-beta.2":"- Fix advanced player skins not loading\n- Slowly replace surface blocks in vampire controlled villages\n- Modified hunter armor poison so vampires cannot abuse other mods to avoid poison\n- Balancing changes (longer invisibility, higher TP reach)\n- Improved vampire biome fog rendering\n- Updated hunter axe model\n- Allow disabling FOV change caused by speed buff received as a vampire\n- Attempted fix for self-resetting villages\n- Fixed bugs (vampire villager trades and more)",
    "1.5.0-beta.1":"- Removed IMob again\n- Improved blood vision skill: See garlic infused entities.\n- Fix wrong structure points in guide book\n- Fix blood fang rendering",
    "1.5.0-alpha+04-01-23-42":"- Complete village rework\n - Other things",
    "1.5.0-alpha+03-09-16-16":"- Entity actions (implemented by Cheaterpaul)\n  - Allows entities to use actions similar to the player\n  - Different tiers and types of actions/entities\n  - Should make fighting NPCs a little bit more interesting\n- Added skill button to inventory GUI (by Cheaterpaul)\n- Added missing textures for 'special' hunter coat (by Cheaterpaul)\n- Made bat health configurable\n- Fix hunter players being able to start a feeding animation\n- Add several new advancements",
    "1.5.0-alpha+10-03-22-37":"-INTERNAL: Reworked action handler (batmode, regeneration, ...) to be more reliable\n- Fix end of batmode animation not working",
    "1.5.0-alpha+10-01-14-20":"- Players in bat mode can no longer suck blood\n- Reduced flight speed in bat mode and made it configurable\n- Add /levelup command\n- Readd recipe for Guidebook\n- Add option to disable all worldgen\n- Fix Spongeforge issue #351\n- Added description to sunscreen skill\n- INTERNAL: Reworked action handler (batmode, regeneration, ...) to be more reliable",
    "1.5.0-alpha+08-16-14-13":"Vampire Capes\nSmall additions and improvements",
    "1.4.8":"- Fixes",
    "1.4.8":"- Minor fixes",
    "1.4.7":"- INTERNAL: Reworked action handler (batmode, regeneration, ...) to be more reliable",
    "1.4.6":"- INTERNAL: Reworked action handler (batmode, regeneration, ...) to be more reliable\n- Readd recipe for Guidebook\n- Fix crash #361\n- Fix blood particles\n- Fix Spongeforge issue #351",
    "1.4.5":"Fix crashes, exploits, translations and more",
    "1.4.2":"Fix crash/bug\nFix exploit\nUpdate translations",
    "1.4.1":"Allow sanguinare injection to infect human players\nAdd option to disable infection by vampire bite\nFix exploit\nFix issue with MalisisCore\nUpdated translations",
    "1.4.0":"Compared to the last beta:\n -Fix night vision potion items\n-Prevent crash related to altar of infusion\n\nCompared to 1.3:\n- Tons of changes and quite a few features\nCheck out download page",
    "1.4.0-beta.1":"Fix issues with LAN multiplayer\nFix entity bounding boxes\nFix blood amount for vampire levels around 7-9\nFix holy water splash recipes - Now have to be crafted in a brewing stand\nFix action keybinding\nFix wrong max vampire health\nChange vampire book name in creative tab\nAllow disabling hunter camps",
    "1.4.0-beta.1":"Vampire mobs do not bite creatures with name tag\nMinor fixes",
    "1.4.0-alpha+02-28-23-00":"Improved grinder and sieve\nAdded guide book page\nAdded recipes",
    "1.4.0-alpha+02-25-20-34" : "Added Vampire 'Sword Finisher' skill\nAdded 'Blood Grinder' to grind human hearts, raw beef and soon thirdparty modded items to impure blood\nAdded 'Blood Filter' to filter impure blood and soon thirdparty liquids to (clean) blood. Place sieve on top of blood container and grinder on top of sieve)\nFix holy water splash potion recipe and usage\nHeal if player has more than 18 (configurable) blood\nMade sunscreen beacon (cheat) unbreakable\nAdd config option to make sunscreen beacon (cheat) break and mineable\nAdd scoreboard criterion (vampirism:faction, vampirism:vampire, vampirism:hunter)\nRequire sneak right click for mobile charge skill\nOnly sync blood container on significant content changes\nPrevent wrong hunter camp density config of crashing the game\nDowngrade version checks to http not all clients trust Let's Encrypt",
    "1.4.0-alpha+01-30-22-11":"Allow teleport cooldown to be configured\nAllow bat mode cooldown to be enabled/configured\nHigher level players can have now more than 20 blood\nImplemented pedestal that can charge specific items with blood\nAdded multiple new vampire swords which have to be trained and charged\nAdded new mobile charging skill\nAdded blood infused iron as crafting ingredient\nUpdate Guide Book\nMoved creature drops to loot tables so they can be modified with datapacks",
    "1.4.0-alpha+01-07-19-32":"https://minecraft.curseforge.com/projects/vampirism-become-a-vampire/files/2517832",
    "1.4.0-alpha+01-07-19-32":"Fix several bugs",
    "1.4.0-alpha+12-30-21-57":"Allow binding actions to keys\nFix exploit\nReduce vampire mob bite distance\nAdded blood values by iamtpage for Sophisticated Wolves and Twilight Forest",
    "1.4.0-alpha+12-25-12-53":"Fixed translations - 修正了翻译 - Traduções corrigidas",
    "1.4.0-alpha+12-07-22-48":"Fixed blood potions not working in survival (hunter)",
    "1.4.0-alpha+12-04-23-15":"Fixed vampire hunters not attacking vampires\nChanged appearance of sun indicator screen border (smaller and less yellow)\nFixed sundamage calculation for a few special cases\nExtended entity blood value with a significant new feature\nBlood values of unknown animals are now calculated based on their (collision box) size (can be disabled in configs)\n    More details in full changelog.\nAllow drinking directly from blood containers\nHUD fang indicator now indicates blood level of creature\nHunger potion effect is now replaced by thirst (for vampires)\nMinor performance fix\nFixed translations"
   },
   "1.12.1":{
    "1.4.0":"Only available Minecraft 1.12.2\nCompared to the last beta:\n -Fix night vision potion items\n-Prevent crash related to altar of infusion\n\nCompared to 1.3:\n- Tons of changes and quite a few features\nCheck out download page"
   },
  "1.12" : {
    "1.4.0":"Only available Minecraft 1.12.2\nCompared to the last beta:\n -Fix night vision potion items\n-Prevent crash related to altar of infusion\n\nCompared to 1.3:\n- Tons of changes and quite a few features\nCheck out download page"
  },
  "1.11.2": {
    "1.2.9":"Fix bite entity AI\nEnforce config min max values"
  },
  "1.10.2": {
    "1.2.5":"Fix bite entity AI\nFix entity bounding boxes\nEnforce config min and max values"
  },
  "1.10": {
    "1.0.0":"First official release"
  },
  "1.9.4": {
    "1.0.2":"+Skeleton horses cannot be bitten anymore\n+Updated translations (thx to phpr and others)"
  },
  "downloads": {
    "1.16.5":{
      "1.8.1":"https://www.curseforge.com/minecraft/mc-mods/vampirism-become-a-vampire/files/3444155",
      "1.8.0":"https://www.curseforge.com/minecraft/mc-mods/vampirism-become-a-vampire/files/3442660",
      "1.8.0-beta.4":"https://www.curseforge.com/minecraft/mc-mods/vampirism-become-a-vampire/files/3407399",
      "1.8.0-beta.3":"https://www.curseforge.com/minecraft/mc-mods/vampirism-become-a-vampire/files/3384943",
      "1.8.0-beta.2":"https://www.curseforge.com/minecraft/mc-mods/vampirism-become-a-vampire/files/3360347",
      "1.7.12":"https://www.curseforge.com/minecraft/mc-mods/vampirism-become-a-vampire/files/3341342",
      "1.7.11":"https://www.curseforge.com/minecraft/mc-mods/vampirism-become-a-vampire/files/3329283",
      "1.7.10":"https://www.curseforge.com/minecraft/mc-mods/vampirism-become-a-vampire/files/3299833",
      "1.7.9":"https://www.curseforge.com/minecraft/mc-mods/vampirism-become-a-vampire/files/3299833",
      "1.7.8":"https://www.curseforge.com/minecraft/mc-mods/vampirism-become-a-vampire/files/3237061",
      "1.7.7":"https://www.curseforge.com/minecraft/mc-mods/vampirism-become-a-vampire/files/3228863",
      "1.7.6":"https://www.curseforge.com/minecraft/mc-mods/vampirism-become-a-vampire/files/3210071",
      "1.7.5":"https://www.curseforge.com/minecraft/mc-mods/vampirism-become-a-vampire/files/3204225",
      "1.7.4":"https://www.curseforge.com/minecraft/mc-mods/vampirism-become-a-vampire/files/3187649",
      "1.7.3":"https://www.curseforge.com/minecraft/mc-mods/vampirism-become-a-vampire/files/3178459"
    },
    "1.16.4":{
      "1.7.12":"https://www.curseforge.com/minecraft/mc-mods/vampirism-become-a-vampire/files/3341342",
      "1.7.11":"https://www.curseforge.com/minecraft/mc-mods/vampirism-become-a-vampire/files/3329283",
      "1.7.10":"https://www.curseforge.com/minecraft/mc-mods/vampirism-become-a-vampire/files/3299833",
      "1.7.9":"https://www.curseforge.com/minecraft/mc-mods/vampirism-become-a-vampire/files/3299833",
      "1.7.8":"https://www.curseforge.com/minecraft/mc-mods/vampirism-become-a-vampire/files/3237061",
      "1.7.7":"https://www.curseforge.com/minecraft/mc-mods/vampirism-become-a-vampire/files/3228863",
      "1.7.6":"https://www.curseforge.com/minecraft/mc-mods/vampirism-become-a-vampire/files/3210071",
      "1.7.5":"https://www.curseforge.com/minecraft/mc-mods/vampirism-become-a-vampire/files/3204225",
      "1.7.4":"https://www.curseforge.com/minecraft/mc-mods/vampirism-become-a-vampire/files/3187649",
      "1.7.3":"https://www.curseforge.com/minecraft/mc-mods/vampirism-become-a-vampire/files/3178459",
      "1.7.2":"https://www.curseforge.com/minecraft/mc-mods/vampirism-become-a-vampire/files/3167572",
      "1.7.1":"https://www.curseforge.com/minecraft/mc-mods/vampirism-become-a-vampire/files/3152736",
      "1.7.0":"https://www.curseforge.com/minecraft/mc-mods/vampirism-become-a-vampire/files/3137101",
      "1.7.0-beta.2":"https://www.curseforge.com/minecraft/mc-mods/vampirism-become-a-vampire/files/3132055",
      "1.7.0-beta.1":"https://www.curseforge.com/minecraft/mc-mods/vampirism-become-a-vampire/files/3127399",
      "1.6.3":"https://www.curseforge.com/minecraft/mc-mods/vampirism-become-a-vampire/files/3114070",
      "1.6.2":"https://www.curseforge.com/minecraft/mc-mods/vampirism-become-a-vampire/files/3109914"
    },
    "1.16.3":{
      "1.6.1":"https://www.curseforge.com/minecraft/mc-mods/vampirism-become-a-vampire/files/3089527",
      "1.6.0":"https://www.curseforge.com/minecraft/mc-mods/vampirism-become-a-vampire/files/3084041"
    },
    "1.16.1":{
      "1.6.0-alpha+20200814-1726":"https://www.curseforge.com/minecraft/mc-mods/vampirism-become-a-vampire/files/3032227"
    },
    "1.15.2":{
      "1.7.2":"https://www.curseforge.com/minecraft/mc-mods/vampirism-become-a-vampire/files/3256042",
      "1.7.1":"https://www.curseforge.com/minecraft/mc-mods/vampirism-become-a-vampire/files/3220456",
      "1.7.0":"https://www.curseforge.com/minecraft/mc-mods/vampirism-become-a-vampire/files/3137099",
      "1.7.0-beta.4":"https://www.curseforge.com/minecraft/mc-mods/vampirism-become-a-vampire/files/3123583",
      "1.7.0-beta.3":"https://www.curseforge.com/minecraft/mc-mods/vampirism-become-a-vampire/files/3100296",
      "1.7.0-beta.1":"https://www.curseforge.com/minecraft/mc-mods/vampirism-become-a-vampire/files/3060523",
      "1.7.0-alpha+20200909-2019":"https://www.curseforge.com/minecraft/mc-mods/vampirism-become-a-vampire/files/3053145",
      "1.6.1":"https://www.curseforge.com/minecraft/mc-mods/vampirism-become-a-vampire/files/2991969",
      "1.6.0":"https://www.curseforge.com/minecraft/mc-mods/vampirism-become-a-vampire/files/2981554",
      "1.6.0-beta.4":"https://www.curseforge.com/minecraft/mc-mods/vampirism-become-a-vampire/files/2971874",
      "1.6.0-beta.2":"https://www.curseforge.com/minecraft/mc-mods/vampirism-become-a-vampire/files/2957476",
      "1.6.0-beta.1":"https://www.curseforge.com/minecraft/mc-mods/vampirism-become-a-vampire/files/2948497",
      "1.6.0-alpha+20200223-1524":"https://www.curseforge.com/minecraft/mc-mods/vampirism-become-a-vampire/files/2887363"
    },
    "1.14.4":{
      "1.7.1":"https://www.curseforge.com/minecraft/mc-mods/vampirism-become-a-vampire/files/3256041",
      "1.7.0":"https://www.curseforge.com/minecraft/mc-mods/vampirism-become-a-vampire/files/3137098",
      "1.7.0-beta.3":"https://www.curseforge.com/minecraft/mc-mods/vampirism-become-a-vampire/files/3123584",
      "1.7.0-beta.2":"https://www.curseforge.com/minecraft/mc-mods/vampirism-become-a-vampire/files/3100317",
      "1.7.0-beta.1":"https://www.curseforge.com/minecraft/mc-mods/vampirism-become-a-vampire/files/3060527",
      "1.7.0-alpha+20200909-2028":"https://www.curseforge.com/minecraft/mc-mods/vampirism-become-a-vampire/files/3053148",
      "1.7.0-alpha+20200828-2115":"https://www.curseforge.com/minecraft/mc-mods/vampirism-become-a-vampire/files/3044427",
      "1.7.0-alpha+20200817-2045":"https://www.curseforge.com/minecraft/mc-mods/vampirism-become-a-vampire/files/3035232",
      "1.7.0-alpha+20200811-1851":"https://www.curseforge.com/minecraft/mc-mods/vampirism-become-a-vampire/files/3029508",
      "1.6.4":"https://www.curseforge.com/minecraft/mc-mods/vampirism-become-a-vampire/files/2981641",
      "1.6.3":"https://www.curseforge.com/minecraft/mc-mods/vampirism-become-a-vampire/files/2971875",
      "1.6.2":"https://www.curseforge.com/minecraft/mc-mods/vampirism-become-a-vampire/files/2953932",
      "1.6.1":"https://www.curseforge.com/minecraft/mc-mods/vampirism-become-a-vampire/files/2953103",
      "1.6.0":"https://www.curseforge.com/minecraft/mc-mods/vampirism-become-a-vampire/files/2948506",
      "1.6.0-beta.5":"https://www.curseforge.com/minecraft/mc-mods/vampirism-become-a-vampire/files/2905775",
      "1.6.0-beta.4":"https://www.curseforge.com/minecraft/mc-mods/vampirism-become-a-vampire/files/2899278",
      "1.6.0-beta.3":"https://www.curseforge.com/minecraft/mc-mods/vampirism-become-a-vampire/files/2899084",
      "1.6.0-beta.2":"https://www.curseforge.com/minecraft/mc-mods/vampirism-become-a-vampire/files/2898483",
      "1.6.0-beta.1":"https://www.curseforge.com/minecraft/mc-mods/vampirism-become-a-vampire/files/2887354"
    },
    "1.12.2":{
      "1.6.2":"https://www.curseforge.com/minecraft/mc-mods/vampirism-become-a-vampire/files/2890062",
      "1.6.0":"https://www.curseforge.com/minecraft/mc-mods/vampirism-become-a-vampire/files/2887351",
      "1.5.7":"https://www.curseforge.com/minecraft/mc-mods/vampirism-become-a-vampire/files/2850891",
      "1.5.6":"https://www.curseforge.com/minecraft/mc-mods/vampirism-become-a-vampire/files/2832151",
      "1.5.5":"https://www.curseforge.com/minecraft/mc-mods/vampirism-become-a-vampire/files/2813651",
      "1.5.4":"https://www.curseforge.com/minecraft/mc-mods/vampirism-become-a-vampire/files/2768095",
      "1.5.3":"https://www.curseforge.com/minecraft/mc-mods/vampirism-become-a-vampire/files/2757423",
      "1.5.2":"https://www.curseforge.com/minecraft/mc-mods/vampirism-become-a-vampire/files/2742040",
      "1.5.1":"https://www.curseforge.com/minecraft/mc-mods/vampirism-become-a-vampire/files/2738958",
      "1.5.0":"https://minecraft.curseforge.com/projects/vampirism-become-a-vampire/files/2724209",
      "1.5.0-beta.3":"https://minecraft.curseforge.com/projects/vampirism-become-a-vampire/files/2717241",
      "1.5.0-beta.2":"https://minecraft.curseforge.com/projects/vampirism-become-a-vampire/files/2716883",
      "1.5.0-beta.1":"https://minecraft.curseforge.com/projects/vampirism-become-a-vampire/files/2700102",
      "1.5.0-alpha+04-01-23-42":"https://minecraft.curseforge.com/projects/vampirism-become-a-vampire/files/2694492",
      "1.5.0-alpha+03-09-16-16":"https://minecraft.curseforge.com/projects/vampirism-become-a-vampire/files/2685108",
      "1.5.0-alpha+10-03-22-37":"https://minecraft.curseforge.com/projects/vampirism-become-a-vampire/files/2624030",
      "1.5.0-alpha+10-01-14-20":"https://minecraft.curseforge.com/projects/vampirism-become-a-vampire/files/2622937",
      "1.5.0-alpha+08-16-14-13":"https://minecraft.curseforge.com/projects/vampirism-become-a-vampire/files/2604063",
      "1.4.9":"https://minecraft.curseforge.com/projects/vampirism-become-a-vampire/files/2644739"
    },
    "1.12.1":{
      "1.3.7":"https://minecraft.curseforge.com/projects/vampirism-become-a-vampire/files/2517879"
    },
    "1.12" : {
      "1.3.7":"https://minecraft.curseforge.com/projects/vampirism-become-a-vampire/files/2517879"
    },
    "1.11.2": {
      "1.2.9":"https://minecraft.curseforge.com/projects/vampirism-become-a-vampire/files/2555244"
    },
    "1.10.2": {
      "1.2.5":"https://minecraft.curseforge.com/projects/vampirism-become-a-vampire/files/2555238"
    },
    "1.10": {
      "1.0.0":"https://minecraft.curseforge.com/projects/vampirism-become-a-vampire/files/2330093/download"
    },
    "1.9.4": {
      "1.0.2":"https://minecraft.curseforge.com/projects/vampirism-become-a-vampire/files/2342387/download"
    }
  }
}

[17:29:57] [Forge Version Check/INFO] [ForgeVersionCheck/forge]: [vampirism] Found status: OUTDATED Target: 1.2.9
[17:29:58] [Forge Version Check/INFO] [ForgeVersionCheck/forge]: [placeableitems] Starting version check at https://raw.githubusercontent.com/Ferdzz/PlaceableItems/master/update.json
[17:29:58] [Server thread/TRACE] [dungeondq/dungeondq]: Sent event FMLPreInitializationEvent to mod dungeondq
[17:29:58] [Server thread/DEBUG] [FML/]: Bar Step: PreInitialization - DungeonDQ took 0.655s
[17:29:58] [Server thread/TRACE] [evilcraft/evilcraft]: Sending event FMLPreInitializationEvent to mod evilcraft
[17:29:58] [Forge Version Check/DEBUG] [ForgeVersionCheck/forge]: [placeableitems] Received version check data:
{
  "homepage": "http://minecraft.curseforge.com/mc-mods/227951-placeableitems/files",
  "promos": {
    "1.9.4-latest": "3.0.4.1",
    "1.9.4-recommended": "3.0.4.1",
    "1.10.2-latest": "3.0.4.1",
    "1.10.2-recommended": "3.0.4.1",
    "1.11.2-latest": "3.0.4.1",
    "1.11.2-recommended": "3.0.4.1",
    "1.12.2-latest": "3.3",
    "1.12.2-recommended": "3.3",
    "1.14.4-latest": "4.1.1",
    "1.14.4-recommended": "4.1.1",
	"1.15.2-latest": "4.3",
	"1.15.2-recommended": "4.3",
	"1.16.5-latest": "4.5.1",
	"1.16.5-recommended": "4.5.1",
	"1.17.1-latest": "4.6",
	"1.17.1-recommended": "4.6",
	"1.18.2-latest": "4.7.1",
	"1.18.2-recommended": "4.7.1",
    "1.20.1-latest": "4.9.3",
    "1.20.1-recommended":"4.9.3",
    "1.21.1-latest": "4.8.3",
    "1.21.1-recommended":"4.8.3"
  },
  "1.9.4": {
	"3.0.4.1": "Added recipe for stands, removed block attraction AI",
	"3.0.4": "Added horse armor stands and saddle stands",
  	"3.0.3.1": "Various fixes",
  	"3.0.3": "Added plates, crash fixes",
  	"3.0.2.3": "Fixed ingots drops (again). Drops are also de-stackable with shift-right click with an empty hand",
  	"3.0.2.2": "Fixed ingots drops",
  	"3.0.2.1": "Fixed book and quill not dropping",
  	"3.0.2": "Content update",
  	"3.0.1.2": "Small update",
  	"3.0.1.1": "Small hotfix",
  	"3.0.1": "Big update, check the curseforge",
    "3.0": "The mod is completely reborn! \nThis means that no old models where used, no old textures either. The entirety of the code and the logic has been updated, and any lag issues you might have experienced are now fixed. Have fun discovering the new features! Stay tuned for more!"
  },
  "1.10.2": {
	"3.0.4.1": "Added recipe for stands, removed block attraction AI",
	"3.0.4": "Added horse armor stands and saddle stands",
	"3.0.3.1": "Various fixes",
  	"3.0.3": "Added plates, crash fixes",
  	"3.0.2.3": "Fixed ingots drops (again). Drops are also de-stackable with shift-right click with an empty hand",
  	"3.0.2.2": "Fixed ingots drops",
  	"3.0.2.1": "Fixed book and quill not dropping",
  	"3.0.2": "Content update",
  	"3.0.1.2": "Small update",
  	"3.0.1.1": "Small hotfix",
  	"3.0.1": "Big update, check the curseforge",
    "3.0": "The mod is completely reborn! \nThis means that no old models where used, no old textures either. The entirety of the code and the logic has been updated, and any lag issues you might have experienced are now fixed. Have fun discovering the new features! Stay tuned for more!"
  },
  "1.11.2": {
  	"3.0.4.1": "Added recipe for stands, removed block attraction AI",
	"3.0.4": "Added horse armor stands and saddle stands",
	"3.0.3.1": "Various fixes"
  },
  "1.12.2": {
  	"3.1": "Added tons of new models - 1.12 support",
	"3.1.1": "Updated models and textures",
	"3.2": "Re-introducing entity attraction AI! Also updated a few models",
	"3.3": "New translations, updated models & textures"
  },
  "1.14.4": {
	"4.0": "Updated the mod to 1.14.4",
	"4.1": "New content & bugfixes",
	"4.1.1": "Fixes crash when pressing shift on title screen"
  },
  "1.15.2": {
	"4.2": "Updated the mod to 1.15.2",
	"4.2.1": "Bugfixes",
	"4.2.2": "Features, bugfixes",
	"4.3": "Bunch of new and updated models"
  },
  "1.16.5": {
	"4.4": "Updated the mod to 1.16.5. Updated models & added variants to all tools",
	"4.5": "Added and updated models. Added translations for German, Danish, Spanish, Portuguese, French, Croatian, Russian",
	"4.5.1": "Fixed crash when placing discs with WAILA"
  },
  "1.17.1": {
	"4.6": "Updated the mod to 1.17.1"
  },
  "1.18.2": {
	"4.7": "Updated the mod to 1.18.2",
	"4.7.1": "Fix issue with stackable items drops"
  },
  "1.20.1": {
    "4.9.0": "Updated the mod to 1.20.1",
    "4.9.1": "Fix issue with drops on stackable items",
    "4.9.2": "Fix crash on boot for some versions of Forge",
	"4.9.3": "Fix crash when using a filled bucket on an empty bucket"
  },
  "1.21.1": {
    "4.8.0": "Updated the mod to 1.21.1 (NeoForge)",
    "4.8.1": "Fixes issue with localized text",
    "4.8.2": "Add configuration to disable specific items and placed items can now be waterlogged (FineiasAntonio)",
    "4.8.3": "Fix issue with drops on stackable items"
  }
}

[17:29:58] [Forge Version Check/INFO] [ForgeVersionCheck/forge]: [placeableitems] Found status: UP_TO_DATE Target: null
[17:29:58] [Forge Version Check/INFO] [ForgeVersionCheck/forge]: [llibrary] Starting version check at https://gist.github.com/gegy1000/a6639456aeb8edd92cbf7cbfcf9d65d9
[17:29:58] [Server thread/TRACE] [EvilCraft/evilcraft]: preInit()
[17:29:58] [Server thread/TRACE] [EvilCraft/evilcraft]: Registered general
[17:29:58] [Forge Version Check/DEBUG] [ForgeVersionCheck/forge]: Failed to process update information
java.io.FileNotFoundException: https://gist.github.com/gegy1000/a6639456aeb8edd92cbf7cbfcf9d65d9
	at sun.net.www.protocol.http.HttpURLConnection.getInputStream0(HttpURLConnection.java:1915) ~[?:1.8.0_492]
	at sun.net.www.protocol.http.HttpURLConnection.access$200(HttpURLConnection.java:94) ~[?:1.8.0_492]
	at sun.net.www.protocol.http.HttpURLConnection$9.run(HttpURLConnection.java:1509) ~[?:1.8.0_492]
	at sun.net.www.protocol.http.HttpURLConnection$9.run(HttpURLConnection.java:1507) ~[?:1.8.0_492]
	at java.security.AccessController.doPrivileged(Native Method) ~[?:1.8.0_492]
	at java.security.AccessController.doPrivilegedWithCombiner(AccessController.java:784) ~[?:1.8.0_492]
	at sun.net.www.protocol.http.HttpURLConnection.getInputStream(HttpURLConnection.java:1506) ~[?:1.8.0_492]
	at sun.net.www.protocol.https.HttpsURLConnectionImpl.getInputStream(HttpsURLConnectionImpl.java:268) ~[?:1.8.0_492]
	at java.net.URL.openStream(URL.java:1093) ~[?:1.8.0_492]
	at net.minecraftforge.common.ForgeVersion$1.process(ForgeVersion.java:219) [ForgeVersion$1.class:?]
	at net.minecraftforge.common.ForgeVersion$1.run(ForgeVersion.java:202) [ForgeVersion$1.class:?]
[17:29:58] [Forge Version Check/INFO] [ForgeVersionCheck/forge]: [forge] Starting version check at http://files.minecraftforge.net/maven/net/minecraftforge/forge/promotions_slim.json
[17:29:58] [Forge Version Check/DEBUG] [ForgeVersionCheck/forge]: [forge] Received version check data:
Moved Permanently
[17:29:58] [Forge Version Check/DEBUG] [ForgeVersionCheck/forge]: Failed to process update information
com.google.gson.JsonSyntaxException: java.lang.IllegalStateException: Expected BEGIN_OBJECT but was STRING at line 1 column 1
	at com.google.gson.Gson.fromJson(Gson.java:815) ~[Gson.class:?]
	at com.google.gson.Gson.fromJson(Gson.java:768) ~[Gson.class:?]
	at com.google.gson.Gson.fromJson(Gson.java:717) ~[Gson.class:?]
	at com.google.gson.Gson.fromJson(Gson.java:689) ~[Gson.class:?]
	at net.minecraftforge.common.ForgeVersion$1.process(ForgeVersion.java:227) [ForgeVersion$1.class:?]
	at net.minecraftforge.common.ForgeVersion$1.run(ForgeVersion.java:202) [ForgeVersion$1.class:?]
Caused by: java.lang.IllegalStateException: Expected BEGIN_OBJECT but was STRING at line 1 column 1
	at com.google.gson.stream.JsonReader.beginObject(JsonReader.java:374) ~[JsonReader.class:?]
	at com.google.gson.internal.bind.MapTypeAdapterFactory$Adapter.read(MapTypeAdapterFactory.java:183) ~[MapTypeAdapterFactory$Adapter.class:?]
	at com.google.gson.internal.bind.MapTypeAdapterFactory$Adapter.read(MapTypeAdapterFactory.java:145) ~[MapTypeAdapterFactory$Adapter.class:?]
	at com.google.gson.Gson.fromJson(Gson.java:803) ~[Gson.class:?]
	... 5 more
[17:29:58] [Forge Version Check/INFO] [ForgeVersionCheck/forge]: [craftstudioapi] Starting version check at https://leviathan-studio.com/craftstudioapi/update.json
[17:29:58] [Server thread/TRACE] [EvilCraft/evilcraft]: Registered paling
[17:29:58] [Server thread/TRACE] [EvilCraft/evilcraft]: Registered evilcraftblood
[17:29:58] [Server thread/TRACE] [EvilCraft/evilcraft]: Registered evilcraftpoison
[17:29:58] [Server thread/TRACE] [EvilCraft/evilcraft]: Registered block_blood
[17:29:58] [Server thread/TRACE] [EvilCraft/evilcraft]: Registered dark_ore
[17:29:58] [Server thread/TRACE] [EvilCraft/evilcraft]: Registered dark_block
[17:29:58] [Server thread/TRACE] [EvilCraft/evilcraft]: Registered blood_stained_block
[17:29:58] [Server thread/TRACE] [EvilCraft/evilcraft]: Registered lightning_bomb
[17:29:58] [Server thread/TRACE] [EvilCraft/evilcraft]: Registered blood_infuser
[17:29:58] [Server thread/TRACE] [EvilCraft/evilcraft]: Registered bloody_cobblestone
[17:29:58] [Server thread/TRACE] [EvilCraft/evilcraft]: Registered nether_monster_block
[17:29:58] [Server thread/TRACE] [EvilCraft/evilcraft]: Skipped registering excrement_pile
[17:29:58] [Server thread/TRACE] [EvilCraft/evilcraft]: Registered hardened_blood
[17:29:58] [Server thread/TRACE] [EvilCraft/evilcraft]: Registered obscured_glass
[17:29:58] [Server thread/TRACE] [EvilCraft/evilcraft]: Registered blood_chest
[17:29:58] [Server thread/TRACE] [EvilCraft/evilcraft]: Registered environmental_accumulator
[17:29:58] [Server thread/TRACE] [EvilCraft/evilcraft]: Registered undead_leaves
[17:29:58] [Server thread/TRACE] [EvilCraft/evilcraft]: Registered undead_log
[17:29:58] [Server thread/TRACE] [EvilCraft/evilcraft]: Registered undead_sapling
[17:29:58] [Server thread/TRACE] [EvilCraft/evilcraft]: Registered undead_plank
[17:29:58] [Server thread/TRACE] [EvilCraft/evilcraft]: Registered block_poison
[17:29:58] [Server thread/TRACE] [EvilCraft/evilcraft]: Registered invisible_redstone_block
[17:29:58] [Server thread/TRACE] [EvilCraft/evilcraft]: Registered purifier
[17:29:58] [Server thread/TRACE] [EvilCraft/evilcraft]: Registered dark_brick
[17:29:58] [Server thread/TRACE] [EvilCraft/evilcraft]: Registered dark_blood_brick
[17:29:58] [Server thread/TRACE] [EvilCraft/evilcraft]: Registered spirit_furnace
[17:29:58] [Server thread/TRACE] [EvilCraft/evilcraft]: Registered dark_tank
[17:29:58] [Server thread/TRACE] [EvilCraft/evilcraft]: Registered sanguinary_pedestal
[17:29:58] [Server thread/TRACE] [EvilCraft/evilcraft]: Registered spiked_plate
[17:29:58] [Server thread/TRACE] [EvilCraft/evilcraft]: Registered spirit_reanimator
[17:29:58] [Server thread/TRACE] [EvilCraft/evilcraft]: Registered entangled_chalice
[17:29:58] [Server thread/TRACE] [EvilCraft/evilcraft]: Registered dark_power_gem_block
[17:29:58] [Server thread/TRACE] [EvilCraft/evilcraft]: Registered gem_stone_torch
[17:29:58] [Server thread/TRACE] [EvilCraft/evilcraft]: Registered eternal_water_block
[17:29:58] [Server thread/TRACE] [EvilCraft/evilcraft]: Registered blood_waxed_coal_block
[17:29:58] [Server thread/TRACE] [EvilCraft/evilcraft]: Registered spirit_portal
[17:29:58] [Server thread/TRACE] [EvilCraft/evilcraft]: Registered colossal_blood_chest
[17:29:58] [Server thread/TRACE] [EvilCraft/evilcraft]: Registered reinforced_undead_plank
[17:29:58] [Server thread/TRACE] [EvilCraft/evilcraft]: Registered sanguinary_environmental_accumulator
[17:29:58] [Server thread/TRACE] [EvilCraft/evilcraft]: Registered display_stand
[17:29:58] [Server thread/TRACE] [EvilCraft/evilcraft]: Registered undead_plank_stairs
[17:29:58] [Server thread/TRACE] [EvilCraft/evilcraft]: Registered reinforced_undead_plank_stairs
[17:29:58] [Server thread/TRACE] [EvilCraft/evilcraft]: Registered dark_brick_stairs
[17:29:58] [Server thread/TRACE] [EvilCraft/evilcraft]: Registered dark_blood_brick_stairs
[17:29:58] [Server thread/TRACE] [EvilCraft/evilcraft]: Registered werewolf_bone
[17:29:58] [Server thread/TRACE] [EvilCraft/evilcraft]: Registered werewolf_flesh
[17:29:58] [Server thread/TRACE] [EvilCraft/evilcraft]: Registered lightning_grenade
[17:29:58] [Server thread/TRACE] [EvilCraft/evilcraft]: Registered redstone_grenade
[17:29:58] [Server thread/TRACE] [EvilCraft/evilcraft]: Registered blood_extractor
[17:29:58] [Server thread/TRACE] [EvilCraft/evilcraft]: Registered dark_gem
[17:29:58] [Server thread/TRACE] [EvilCraft/evilcraft]: Registered dark_stick
[17:29:58] [Server thread/TRACE] [EvilCraft/evilcraft]: Registered weather_container
[17:29:58] [Server thread/TRACE] [EvilCraft/evilcraft]: Registered blood_pearl_of_teleportation
[17:29:58] [Server thread/TRACE] [EvilCraft/evilcraft]: Registered broom
[17:29:58] [Server thread/TRACE] [EvilCraft/evilcraft]: Registered hardened_blood_shard
[17:29:58] [Server thread/TRACE] [EvilCraft/evilcraft]: Registered dark_power_gem
[17:29:58] [Server thread/TRACE] [EvilCraft/evilcraft]: Registered blood_infusion_core
[17:29:58] [Server thread/TRACE] [EvilCraft/evilcraft]: Registered poison_sac
[17:29:58] [Server thread/TRACE] [EvilCraft/evilcraft]: Registered werewolf_fur
[17:29:58] [Server thread/TRACE] [EvilCraft/evilcraft]: Registered blook
[17:29:58] [Server thread/TRACE] [EvilCraft/evilcraft]: Registered potentia_sphere
[17:29:58] [Server thread/TRACE] [EvilCraft/evilcraft]: Registered inverted_potentia
[17:29:58] [Server thread/TRACE] [EvilCraft/evilcraft]: Registered mace_of_distortion
[17:29:58] [Server thread/TRACE] [EvilCraft/evilcraft]: Registered kineticator
[17:29:58] [Server thread/TRACE] [EvilCraft/evilcraft]: Registered vengeance_ring
[17:29:58] [Server thread/TRACE] [EvilCraft/evilcraft]: Registered vengeance_focus
[17:29:58] [Server thread/TRACE] [EvilCraft/evilcraft]: Registered vengeance_pickaxe
[17:29:58] [Server thread/TRACE] [EvilCraft/evilcraft]: Registered burning_gem_stone
[17:29:58] [Server thread/TRACE] [EvilCraft/evilcraft]: Registered dark_gem_crushed
[17:29:58] [Server thread/TRACE] [EvilCraft/evilcraft]: Registered vein_sword
[17:29:58] [Server thread/TRACE] [EvilCraft/evilcraft]: Registered creative_blood_drop
[17:29:58] [Server thread/TRACE] [EvilCraft/evilcraft]: Registered dark_spike
[17:29:58] [Server thread/TRACE] [EvilCraft/evilcraft]: Registered exalted_crafter
[17:29:58] [Server thread/TRACE] [EvilCraft/evilcraft]: Registered necromancer_staff
[17:29:58] [Server thread/TRACE] [EvilCraft/evilcraft]: Registered invigorating_pendant
[17:29:58] [Server thread/TRACE] [EvilCraft/evilcraft]: Registered corrupted_tear
[17:29:58] [Server thread/TRACE] [EvilCraft/evilcraft]: Registered promise
[17:29:58] [Server thread/TRACE] [EvilCraft/evilcraft]: Registered promise_acceptor
[17:29:58] [Server thread/TRACE] [EvilCraft/evilcraft]: Registered bowl_of_promises
[17:29:58] [Server thread/TRACE] [EvilCraft/evilcraft]: Registered dull_dust
[17:29:58] [Server thread/TRACE] [EvilCraft/evilcraft]: Registered blood_waxed_coal
[17:29:58] [Server thread/TRACE] [EvilCraft/evilcraft]: Registered ender_tear
[17:29:58] [Server thread/TRACE] [EvilCraft/evilcraft]: Registered blood_potash
[17:29:58] [Server thread/TRACE] [EvilCraft/evilcraft]: Registered bucket_eternal_water
[17:29:58] [Server thread/TRACE] [EvilCraft/evilcraft]: Registered blood_orb
[17:29:58] [Server thread/TRACE] [EvilCraft/evilcraft]: Registered sceptre_of_thunder
[17:29:58] [Server thread/TRACE] [EvilCraft/evilcraft]: Registered origins_of_darkness
[17:29:58] [Server thread/TRACE] [EvilCraft/evilcraft]: Registered darkened_apple
[17:29:58] [Server thread/TRACE] [EvilCraft/evilcraft]: Registered effortless_ring
[17:29:58] [Server thread/TRACE] [EvilCraft/evilcraft]: Registered condensed_blood
[17:29:58] [Server thread/TRACE] [EvilCraft/evilcraft]: Registered rejuvenated_flesh
[17:29:58] [Server thread/TRACE] [EvilCraft/evilcraft]: Registered primed_pendant
[17:29:58] [Server thread/TRACE] [EvilCraft/evilcraft]: Registered golden_string
[17:29:58] [Server thread/TRACE] [EvilCraft/evilcraft]: Registered biome_extract
[17:29:58] [Server thread/TRACE] [EvilCraft/evilcraft]: Registered environmental_accumulation_core
[17:29:58] [Server thread/TRACE] [EvilCraft/evilcraft]: Registered mace_of_destruction
[17:29:58] [Server thread/TRACE] [EvilCraft/evilcraft]: Registered garmonbozia
[17:29:58] [Server thread/TRACE] [EvilCraft/evilcraft]: Registered poison_bottle
[17:29:58] [Server thread/TRACE] [EvilCraft/evilcraft]: Registered broom_part
[17:29:58] [Server thread/TRACE] [EvilCraft/evilcraft]: Registered vengeance_essence
[17:29:58] [Server thread/TRACE] [EvilCraft/evilcraft]: Registered piercing_vengeance_focus
[17:29:58] [Server thread/TRACE] [EvilCraft/evilcraft]: Registered spikey_claws
[17:29:58] [Server thread/TRACE] [EvilCraft/evilcraft]: Registered spectral_glasses
[17:29:58] [Server thread/TRACE] [FML/evilcraft]: Automatically registered mod evilcraft entity entity_lightning_grenade as evilcraft:entity_lightning_grenade
[17:29:58] [Server thread/TRACE] [EvilCraft/evilcraft]: Registered entity_lightning_grenade
[17:29:58] [Server thread/TRACE] [FML/evilcraft]: Automatically registered mod evilcraft entity entity_redstone_grenade as evilcraft:entity_redstone_grenade
[17:29:58] [Server thread/TRACE] [EvilCraft/evilcraft]: Registered entity_redstone_grenade
[17:29:58] [Server thread/TRACE] [FML/evilcraft]: Automatically registered mod evilcraft entity entity_blood_pearl as evilcraft:entity_blood_pearl
[17:29:58] [Server thread/TRACE] [EvilCraft/evilcraft]: Registered entity_blood_pearl
[17:29:58] [Server thread/TRACE] [FML/evilcraft]: Automatically registered mod evilcraft entity broom_entity as evilcraft:broom_entity
[17:29:58] [Server thread/TRACE] [EvilCraft/evilcraft]: Registered broom_entity
[17:29:58] [Server thread/TRACE] [FML/evilcraft]: Automatically registered mod evilcraft entity entity_weather_container as evilcraft:entity_weather_container
[17:29:58] [Server thread/TRACE] [EvilCraft/evilcraft]: Registered entity_weather_container
[17:29:58] [Server thread/TRACE] [FML/evilcraft]: Automatically registered mod evilcraft entity entity_item_empowerable as evilcraft:entity_item_empowerable
[17:29:58] [Server thread/TRACE] [EvilCraft/evilcraft]: Registered entity_item_empowerable
[17:29:58] [Server thread/TRACE] [FML/evilcraft]: Automatically registered mod evilcraft entity entity_item_undespawnable as evilcraft:entity_item_undespawnable
[17:29:58] [Server thread/TRACE] [EvilCraft/evilcraft]: Registered entity_item_undespawnable
[17:29:58] [Server thread/TRACE] [FML/evilcraft]: Automatically registered mod evilcraft entity entity_item_dark_stick as evilcraft:entity_item_dark_stick
[17:29:58] [Server thread/TRACE] [EvilCraft/evilcraft]: Registered entity_item_dark_stick
[17:29:58] [Server thread/TRACE] [FML/evilcraft]: Automatically registered mod evilcraft entity entity_biome_extract as evilcraft:entity_biome_extract
[17:29:58] [Server thread/TRACE] [EvilCraft/evilcraft]: Registered entity_biome_extract
[17:29:58] [Server thread/TRACE] [FML/evilcraft]: Automatically registered mod evilcraft entity entity_lightning_bomb as evilcraft:entity_lightning_bomb
[17:29:58] [Server thread/TRACE] [EvilCraft/evilcraft]: Registered entity_lightning_bomb
[17:29:58] [Server thread/TRACE] [FML/evilcraft]: Automatically registered mod evilcraft entity werewolf as evilcraft:werewolf
[17:29:58] [Server thread/TRACE] [EvilCraft/evilcraft]: Registered werewolf
[17:29:58] [Server thread/TRACE] [FML/evilcraft]: Automatically registered mod evilcraft entity netherfish as evilcraft:netherfish
[17:29:58] [Server thread/TRACE] [EvilCraft/evilcraft]: Registered netherfish
[17:29:58] [Server thread/TRACE] [FML/evilcraft]: Automatically registered mod evilcraft entity poisonous_libelle as evilcraft:poisonous_libelle
[17:29:58] [Server thread/TRACE] [EvilCraft/evilcraft]: Registered poisonous_libelle
[17:29:58] [Server thread/TRACE] [FML/evilcraft]: Automatically registered mod evilcraft entity vengeance_spirit as evilcraft:vengeance_spirit
[17:29:58] [Server thread/TRACE] [EvilCraft/evilcraft]: Registered vengeance_spirit
[17:29:58] [Server thread/TRACE] [EvilCraft/evilcraft]: Registered box_of_eternal_closure
[17:29:58] [Server thread/TRACE] [FML/evilcraft]: Automatically registered mod evilcraft entity controlled_zombie as evilcraft:controlled_zombie
[17:29:58] [Server thread/TRACE] [EvilCraft/evilcraft]: Registered controlled_zombie
[17:29:58] [Server thread/TRACE] [EvilCraft/evilcraft]: Registered werewolf_villager
[17:29:58] [Server thread/TRACE] [FML/evilcraft]: Automatically registered mod evilcraft entity entity_neutron_beam as evilcraft:entity_neutron_beam
[17:29:58] [Server thread/TRACE] [EvilCraft/evilcraft]: Registered entity_neutron_beam
[17:29:58] [Server thread/TRACE] [FML/evilcraft]: Automatically registered mod evilcraft entity entity_necromancers_head as evilcraft:entity_necromancers_head
[17:29:58] [Server thread/TRACE] [EvilCraft/evilcraft]: Registered entity_necromancers_head
[17:29:58] [Server thread/TRACE] [FML/evilcraft]: Automatically registered mod evilcraft entity entity_attack_vengeance_beam as evilcraft:entity_attack_vengeance_beam
[17:29:58] [Server thread/TRACE] [EvilCraft/evilcraft]: Registered entity_attack_vengeance_beam
[17:29:58] [Server thread/TRACE] [EvilCraft/evilcraft]: Registered unusing
[17:29:58] [Server thread/TRACE] [EvilCraft/evilcraft]: Registered breaking
[17:29:58] [Server thread/TRACE] [EvilCraft/evilcraft]: Registered life_stealing
[17:29:58] [Server thread/TRACE] [EvilCraft/evilcraft]: Registered poison_tip
[17:29:58] [Server thread/TRACE] [EvilCraft/evilcraft]: Registered vengeance
[17:29:58] [Server thread/TRACE] [EvilCraft/evilcraft]: Registered biome_degraded
[17:29:58] [Server thread/TRACE] [EvilCraft/evilcraft]: Registered biome
[17:29:58] [Server thread/TRACE] [EvilCraft/evilcraft]: Registered knockbackdistort
[17:29:58] [Server thread/TRACE] [EvilCraft/evilcraft]: Registered mobspawn
[17:29:58] [Server thread/TRACE] [EvilCraft/evilcraft]: Registered nauseate
[17:29:58] [Server thread/TRACE] [EvilCraft/evilcraft]: Registered particle
[17:29:58] [Server thread/TRACE] [EvilCraft/evilcraft]: Registered sound
[17:29:58] [Server thread/TRACE] [EvilCraft/evilcraft]: Skipped registering terraform
[17:29:58] [Server thread/TRACE] [EvilCraft/evilcraft]: Registered paling
[17:29:58] [Server thread/TRACE] [evilcraft/evilcraft]: Sent event FMLPreInitializationEvent to mod evilcraft
[17:29:58] [Server thread/DEBUG] [FML/]: Bar Step: PreInitialization - EvilCraft took 0.580s
[17:29:58] [Server thread/TRACE] [evilcraftcompat/evilcraftcompat]: Sending event FMLPreInitializationEvent to mod evilcraftcompat
[17:29:58] [Server thread/TRACE] [EvilCraft-Compat/evilcraftcompat]: preInit()
[17:29:58] [Server thread/TRACE] [EvilCraft-Compat/evilcraftcompat]: Registered general
[17:29:58] [Server thread/TRACE] [evilcraftcompat/evilcraftcompat]: Sent event FMLPreInitializationEvent to mod evilcraftcompat
[17:29:58] [Server thread/DEBUG] [FML/]: Bar Step: PreInitialization - EvilCraft-Compat took 0.005s
[17:29:58] [Server thread/TRACE] [extrautils2/extrautils2]: Sending event FMLPreInitializationEvent to mod extrautils2
[17:29:58] [Server thread/DEBUG] [extrautils2/extrautils2]: OTL: Network Handler Static Init
[17:29:58] [Server thread/DEBUG] [extrautils2/extrautils2]: OTL: Register Packet
[17:29:58] [Server thread/DEBUG] [extrautils2/extrautils2]: Registering Packet class PacketAngelRingNotifier with discriminator: 0
[17:29:58] [Server thread/DEBUG] [extrautils2/extrautils2]: Registering Packet class PacketBiomeChange with discriminator: 1
[17:29:58] [Server thread/DEBUG] [extrautils2/extrautils2]: Registering Packet class PacketCrashLog with discriminator: 2
[17:29:58] [Server thread/DEBUG] [extrautils2/extrautils2]: Registering Packet class PacketEditScreen with discriminator: 3
[17:29:58] [Server thread/DEBUG] [extrautils2/extrautils2]: Registering Packet class PacketEntityChunkData with discriminator: 4
[17:29:58] [Server thread/DEBUG] [extrautils2/extrautils2]: Registering Packet class PacketEntityIsEvil with discriminator: 5
[17:29:58] [Server thread/DEBUG] [extrautils2/extrautils2]: Registering Packet class PacketFlightData with discriminator: 6
[17:29:58] [Server thread/DEBUG] [extrautils2/extrautils2]: Registering Packet class PacketGUIData with discriminator: 7
[17:29:58] [Server thread/DEBUG] [extrautils2/extrautils2]: Registering Packet class PacketGUIInput with discriminator: 8
[17:29:58] [Server thread/DEBUG] [extrautils2/extrautils2]: Registering Packet class PacketLawSwordNotifier with discriminator: 9
[17:29:58] [Server thread/DEBUG] [extrautils2/extrautils2]: Registering Packet class PacketOpenGui with discriminator: 10
[17:29:58] [Server thread/DEBUG] [extrautils2/extrautils2]: Registering Packet class PacketParticleGeneric with discriminator: 11
[17:29:58] [Server thread/DEBUG] [extrautils2/extrautils2]: Registering Packet class PacketParticleSplineCurve with discriminator: 12
[17:29:58] [Server thread/DEBUG] [extrautils2/extrautils2]: Registering Packet class PacketParticleSplosion with discriminator: 13
[17:29:58] [Server thread/DEBUG] [extrautils2/extrautils2]: Registering Packet class PacketPing with discriminator: 14
[17:29:58] [Server thread/DEBUG] [extrautils2/extrautils2]: Registering Packet class PacketPong with discriminator: 15
[17:29:58] [Server thread/DEBUG] [extrautils2/extrautils2]: Registering Packet class PacketPower with discriminator: 16
[17:29:58] [Server thread/DEBUG] [extrautils2/extrautils2]: Registering Packet class PacketPowerInfo with discriminator: 17
[17:29:58] [Server thread/DEBUG] [extrautils2/extrautils2]: Registering Packet class PacketProxyFlow with discriminator: 18
[17:29:58] [Server thread/DEBUG] [extrautils2/extrautils2]: Registering Packet class PacketSendLeftClick with discriminator: 19
[17:29:58] [Server thread/DEBUG] [extrautils2/extrautils2]: Registering Packet class PacketSetGhost with discriminator: 20
[17:29:58] [Server thread/DEBUG] [extrautils2/extrautils2]: Registering Packet class PacketUseItemAlt with discriminator: 21
[17:29:58] [Server thread/DEBUG] [extrautils2/extrautils2]: Registering Packet class SpecialChat with discriminator: 22
[17:29:58] [Server thread/DEBUG] [extrautils2/extrautils2]: OTL: CreatePacketHandler Server
[17:29:58] [Server thread/DEBUG] [extrautils2/extrautils2]: OTL: Network Init
[17:29:58] [Server thread/DEBUG] [extrautils2/extrautils2]: OTL: Start {CLIENT=[id: 0xb330612f, embedded => embedded], SERVER=[id: 0x9dcfc8ab, embedded => embedded]}
[17:29:58] [Server thread/DEBUG] [extrautils2/extrautils2]: OTL: Start Side:  CLIENT 
[17:29:58] [Server thread/DEBUG] [extrautils2/extrautils2]: OTL: Start Channel Handler: (CLIENT)(0) fml:outbound - net.minecraftforge.fml.common.network.FMLOutboundHandler@7bd205d4
[17:29:58] [Server thread/DEBUG] [extrautils2/extrautils2]: OTL: Start Channel Handler: (CLIENT)(1) PacketCodec#0 - com.rwtema.extrautils2.network.PacketCodec@527f120e
[17:29:58] [Server thread/DEBUG] [extrautils2/extrautils2]: OTL: Start Channel Handler: (CLIENT)(2) PacketHandler#0 - com.rwtema.extrautils2.network.PacketHandler@4f41ce7b
[17:29:58] [Server thread/DEBUG] [extrautils2/extrautils2]: OTL: Start Channel Handler: (CLIENT)(3) EmbeddedChannel$LastInboundHandler#0 - io.netty.channel.embedded.EmbeddedChannel$LastInboundHandler@3820d871
[17:29:58] [Server thread/DEBUG] [extrautils2/extrautils2]: OTL: Start Side:  SERVER 
[17:29:58] [Server thread/DEBUG] [extrautils2/extrautils2]: OTL: Start Channel Handler: (SERVER)(0) fml:outbound - net.minecraftforge.fml.common.network.FMLOutboundHandler@53b78604
[17:29:58] [Server thread/DEBUG] [extrautils2/extrautils2]: OTL: Start Channel Handler: (SERVER)(1) PacketCodec#0 - com.rwtema.extrautils2.network.PacketCodec@527f120e
[17:29:58] [Server thread/DEBUG] [extrautils2/extrautils2]: OTL: Start Channel Handler: (SERVER)(2) PacketHandler#0 - com.rwtema.extrautils2.network.PacketHandler@4f41ce7b
[17:29:58] [Server thread/DEBUG] [extrautils2/extrautils2]: OTL: Start Channel Handler: (SERVER)(3) EmbeddedChannel$LastInboundHandler#0 - io.netty.channel.embedded.EmbeddedChannel$LastInboundHandler@7972011e
[17:29:59] [Server thread/TRACE] [FML/extrautils2]: Automatically registered mod extrautils2 entity boomerang as extrautils2:boomerang
[17:29:59] [Server thread/TRACE] [FML/extrautils2]: Automatically registered mod extrautils2 entity chunkdata as extrautils2:chunkdata
[17:29:59] [Server thread/DEBUG] [extrautils2/extrautils2]: OTL: Key Alt Register
[17:29:59] [Server thread/DEBUG] [extrautils2/extrautils2]: Registering XUShapedRecipe to RecipeSorter
[17:29:59] [Server thread/DEBUG] [extrautils2/extrautils2]: Registering XUShapelessRecipe to RecipeSorter
[17:29:59] [Server thread/DEBUG] [extrautils2/extrautils2]: Registering EnchantRecipe to RecipeSorter
[17:29:59] [Server thread/DEBUG] [extrautils2/extrautils2]: Registering UpgradeRecipe to RecipeSorter
[17:29:59] [Server thread/DEBUG] [extrautils2/extrautils2]: Registering XUShapelessRecipeClearNBT to RecipeSorter
[17:29:59] [Server thread/DEBUG] [extrautils2/extrautils2]: Registering AnvilRecipe to RecipeSorter
[17:29:59] [Server thread/TRACE] [extrautils2/extrautils2]: Sent event FMLPreInitializationEvent to mod extrautils2
[17:29:59] [Server thread/DEBUG] [FML/]: Bar Step: PreInitialization - extrautils2 took 0.908s
[17:29:59] [Server thread/TRACE] [fairylights/fairylights]: Sending event FMLPreInitializationEvent to mod fairylights
[17:29:59] [Server thread/TRACE] [FML/fairylights]: Automatically registered mod fairylights entity fastener as fairylights:fastener
[17:29:59] [Server thread/TRACE] [FML/fairylights]: Automatically registered mod fairylights entity ladder as fairylights:ladder
[17:29:59] [Server thread/TRACE] [fairylights/fairylights]: Sent event FMLPreInitializationEvent to mod fairylights
[17:29:59] [Server thread/DEBUG] [FML/]: Bar Step: PreInitialization - Fairy Lights took 0.052s
[17:29:59] [Server thread/TRACE] [llibrary/llibrary]: Sending event FMLPreInitializationEvent to mod llibrary
[17:29:59] [Server thread/TRACE] [llibrary/llibrary]: Sent event FMLPreInitializationEvent to mod llibrary
[17:29:59] [Server thread/DEBUG] [FML/]: Bar Step: PreInitialization - LLibrary took 0.127s
[17:29:59] [Server thread/TRACE] [iceandfire/iceandfire]: Sending event FMLPreInitializationEvent to mod iceandfire
[17:29:59] [Server thread/TRACE] [iceandfire/iceandfire]: Sent event FMLPreInitializationEvent to mod iceandfire
[17:29:59] [Server thread/DEBUG] [FML/]: Bar Step: PreInitialization - Ice and Fire took 0.007s
[17:29:59] [Server thread/TRACE] [jei/jei]: Sending event FMLPreInitializationEvent to mod jei
[17:29:59] [Server thread/TRACE] [jei/jei]: Sent event FMLPreInitializationEvent to mod jei
[17:29:59] [Server thread/DEBUG] [FML/]: Bar Step: PreInitialization - Just Enough Items took 0.007s
[17:29:59] [Server thread/TRACE] [journeymap/journeymap]: Sending event FMLPreInitializationEvent to mod journeymap
[17:29:59] [Server thread/TRACE] [journeymap/journeymap]: Sent event FMLPreInitializationEvent to mod journeymap
[17:29:59] [Server thread/DEBUG] [FML/]: Bar Step: PreInitialization - JourneyMap took 0.000s
[17:29:59] [Server thread/TRACE] [subcommonlib/subcommonlib]: Sending event FMLPreInitializationEvent to mod subcommonlib
[17:29:59] [Server thread/TRACE] [subcommonlib/subcommonlib]: Sent event FMLPreInitializationEvent to mod subcommonlib
[17:29:59] [Server thread/DEBUG] [FML/]: Bar Step: PreInitialization - Subaraki's Common Library took 0.011s
[17:29:59] [Server thread/TRACE] [fashion/fashion]: Sending event FMLPreInitializationEvent to mod fashion
[17:29:59] [Server thread/TRACE] [fashion/fashion]: Sent event FMLPreInitializationEvent to mod fashion
[17:29:59] [Server thread/DEBUG] [FML/]: Bar Step: PreInitialization - fashion mod took 0.022s
[17:29:59] [Server thread/TRACE] [malisiscore/malisiscore]: Sending event FMLPreInitializationEvent to mod malisiscore
[17:29:59] [Server thread/INFO] [malisiscore/malisiscore]: Registering CloseInventoryMessage for Packet with discriminator 1 in channel malisiscore
[17:29:59] [Server thread/INFO] [malisiscore/malisiscore]: Registering InventoryActionMessage for Packet with discriminator 2 in channel malisiscore
[17:29:59] [Server thread/INFO] [malisiscore/malisiscore]: Registering OpenInventoryMessage for Packet with discriminator 3 in channel malisiscore
[17:29:59] [Server thread/INFO] [malisiscore/malisiscore]: Registering UpdateInventorySlotsMessage for Packet with discriminator 4 in channel malisiscore
[17:29:59] [Server thread/INFO] [malisiscore/malisiscore]: Registering BlockDataMessage for Packet with discriminator 5 in channel malisiscore
[17:29:59] [Server thread/INFO] [malisiscore/malisiscore]: Registering ChunkBlockMessage for Packet with discriminator 6 in channel malisiscore
[17:29:59] [Server thread/INFO] [malisiscore/malisiscore]: Registering NeighborChangedMessage for Packet with discriminator 7 in channel malisiscore
[17:29:59] [Server thread/INFO] [malisiscore/malisiscore]: Registering SyncerMessage for Packet with discriminator 8 in channel malisiscore
[17:29:59] [Server thread/INFO] [malisiscore/malisiscore]: Registering DigicodeMessage for Packet with discriminator 1 in channel malisisdoors
[17:29:59] [Server thread/INFO] [malisiscore/malisiscore]: Registering DoorFactoryMessage for Packet with discriminator 2 in channel malisisdoors
[17:30:00] [Server thread/TRACE] [malisiscore/malisiscore]: Sent event FMLPreInitializationEvent to mod malisiscore
[17:30:00] [Server thread/DEBUG] [FML/]: Bar Step: PreInitialization - MalisisCore took 0.146s
[17:30:00] [Server thread/TRACE] [malisisdoors/malisisdoors]: Sending event FMLPreInitializationEvent to mod malisisdoors
[17:30:00] [Server thread/TRACE] [malisisdoors/malisisdoors]: Sent event FMLPreInitializationEvent to mod malisisdoors
[17:30:00] [Server thread/DEBUG] [FML/]: Bar Step: PreInitialization - MalisisDoors took 0.309s
[17:30:00] [Server thread/TRACE] [minions/minions]: Sending event FMLPreInitializationEvent to mod minions
[17:30:00] [Server thread/TRACE] [FML/minions]: Automatically registered mod minions entity AS_EntityMinion as minions:minion
[17:30:00] [Server thread/TRACE] [minions/minions]: Sent event FMLPreInitializationEvent to mod minions
[17:30:00] [Server thread/DEBUG] [FML/]: Bar Step: PreInitialization - Minions took 0.032s
[17:30:00] [Server thread/TRACE] [mobtotems/mobtotems]: Sending event FMLPreInitializationEvent to mod mobtotems
[17:30:00] [Server thread/TRACE] [FML/mobtotems]: Automatically registered mod mobtotems entity mobtotems:spirit_wolf as mobtotems:spirit_wolf
[17:30:00] [Server thread/TRACE] [mobtotems/mobtotems]: Sent event FMLPreInitializationEvent to mod mobtotems
[17:30:00] [Server thread/DEBUG] [FML/]: Bar Step: PreInitialization - Mob Totems took 0.036s
[17:30:00] [Server thread/TRACE] [mowziesmobs/mowziesmobs]: Sending event FMLPreInitializationEvent to mod mowziesmobs
[17:30:00] [Server thread/TRACE] [FML/mowziesmobs]: Automatically registered mod mowziesmobs entity foliaath as mowziesmobs:foliaath
[17:30:00] [Server thread/TRACE] [FML/mowziesmobs]: Automatically registered mod mowziesmobs entity baby_foliaath as mowziesmobs:baby_foliaath
[17:30:00] [Server thread/TRACE] [FML/mowziesmobs]: Automatically registered mod mowziesmobs entity ferrous_wroughtnaut as mowziesmobs:ferrous_wroughtnaut
[17:30:00] [Server thread/TRACE] [FML/mowziesmobs]: Automatically registered mod mowziesmobs entity barakoan_barakoana as mowziesmobs:barakoan_barakoana
[17:30:00] [Server thread/TRACE] [FML/mowziesmobs]: Automatically registered mod mowziesmobs entity barakoana as mowziesmobs:barakoana
[17:30:00] [Server thread/TRACE] [FML/mowziesmobs]: Automatically registered mod mowziesmobs entity barakoaya as mowziesmobs:barakoaya
[17:30:00] [Server thread/TRACE] [FML/mowziesmobs]: Automatically registered mod mowziesmobs entity barakoan_player as mowziesmobs:barakoan_player
[17:30:00] [Server thread/TRACE] [FML/mowziesmobs]: Automatically registered mod mowziesmobs entity barako as mowziesmobs:barako
[17:30:00] [Server thread/TRACE] [FML/mowziesmobs]: Automatically registered mod mowziesmobs entity frostmaw as mowziesmobs:frostmaw
[17:30:00] [Server thread/TRACE] [FML/mowziesmobs]: Automatically registered mod mowziesmobs entity sunstrike as mowziesmobs:sunstrike
[17:30:00] [Server thread/TRACE] [FML/mowziesmobs]: Automatically registered mod mowziesmobs entity solar_beam as mowziesmobs:solar_beam
[17:30:00] [Server thread/TRACE] [FML/mowziesmobs]: Automatically registered mod mowziesmobs entity boulder as mowziesmobs:boulder
[17:30:00] [Server thread/TRACE] [FML/mowziesmobs]: Automatically registered mod mowziesmobs entity axe_attack as mowziesmobs:axe_attack
[17:30:00] [Server thread/TRACE] [FML/mowziesmobs]: Automatically registered mod mowziesmobs entity icebreath as mowziesmobs:icebreath
[17:30:00] [Server thread/TRACE] [FML/mowziesmobs]: Automatically registered mod mowziesmobs entity frozen_controller as mowziesmobs:frozen_controller
[17:30:00] [Server thread/TRACE] [FML/mowziesmobs]: Automatically registered mod mowziesmobs entity ring as mowziesmobs:ring
[17:30:00] [Server thread/TRACE] [FML/mowziesmobs]: Automatically registered mod mowziesmobs entity dart as mowziesmobs:dart
[17:30:00] [Server thread/TRACE] [mowziesmobs/mowziesmobs]: Sent event FMLPreInitializationEvent to mod mowziesmobs
[17:30:00] [Server thread/DEBUG] [FML/]: Bar Step: PreInitialization - Mowzie's Mobs took 0.133s
[17:30:00] [Server thread/TRACE] [netherportalfix/netherportalfix]: Sending event FMLPreInitializationEvent to mod netherportalfix
[17:30:00] [Server thread/TRACE] [netherportalfix/netherportalfix]: Sent event FMLPreInitializationEvent to mod netherportalfix
[17:30:00] [Server thread/DEBUG] [FML/]: Bar Step: PreInitialization - NetherPortalFix took 0.000s
[17:30:00] [Server thread/TRACE] [nei/nei]: Sending event FMLPreInitializationEvent to mod nei
[17:30:00] [Server thread/DEBUG] [nei Fingerprint Verification/nei]: Valid fingerprint found for mod codechickenlib.
[17:30:00] [Server thread/DEBUG] [nei Fingerprint Verification/nei]: Valid fingerprint found for mod nei.
[17:30:00] [Server thread/DEBUG] [CodeChicken Lib/nei]: Found a mod container %s, examining for codechicken classes
[17:30:00] [Server thread/DEBUG] [CodeChicken Lib/nei]: Found a mod container %s, examining for codechicken classes
[17:30:00] [Server thread/DEBUG] [CodeChicken Lib/nei]: Found a mod container %s, examining for codechicken classes
[17:30:00] [Server thread/DEBUG] [CodeChicken Lib/nei]: Found a mod container %s, examining for codechicken classes
[17:30:00] [Server thread/DEBUG] [CodeChicken Lib/nei]: Found a mod container %s, examining for codechicken classes
[17:30:00] [Server thread/DEBUG] [CodeChicken Lib/nei]: Found a mod container %s, examining for codechicken classes
[17:30:00] [Server thread/DEBUG] [CodeChicken Lib/nei]: Found a mod container %s, examining for codechicken classes
[17:30:00] [Server thread/DEBUG] [CodeChicken Lib/nei]: Found a mod container %s, examining for codechicken classes
[17:30:00] [Server thread/DEBUG] [CodeChicken Lib/nei]: Found a mod container %s, examining for codechicken classes
[17:30:00] [Server thread/DEBUG] [CodeChicken Lib/nei]: Found a mod container %s, examining for codechicken classes
[17:30:00] [Server thread/DEBUG] [CodeChicken Lib/nei]: Found a mod container %s, examining for codechicken classes
[17:30:00] [Server thread/DEBUG] [CodeChicken Lib/nei]: Found a mod container %s, examining for codechicken classes
[17:30:01] [Server thread/DEBUG] [CodeChicken Lib/nei]: Found a mod container %s, examining for codechicken classes
[17:30:01] [Server thread/DEBUG] [CodeChicken Lib/nei]: Found a mod container %s, examining for codechicken classes
[17:30:01] [Server thread/DEBUG] [CodeChicken Lib/nei]: Found a mod container %s, examining for codechicken classes
[17:30:01] [Server thread/DEBUG] [CodeChicken Lib/nei]: Found a mod container %s, examining for codechicken classes
[17:30:01] [Server thread/DEBUG] [CodeChicken Lib/nei]: Found a mod container %s, examining for codechicken classes
[17:30:01] [Server thread/DEBUG] [CodeChicken Lib/nei]: Found a mod container %s, examining for codechicken classes
[17:30:01] [Server thread/DEBUG] [CodeChicken Lib/nei]: Found a mod container %s, examining for codechicken classes
[17:30:01] [Server thread/DEBUG] [CodeChicken Lib/nei]: Found a mod container %s, examining for codechicken classes
[17:30:01] [Server thread/DEBUG] [CodeChicken Lib/nei]: Found a mod container %s, examining for codechicken classes
[17:30:01] [Server thread/DEBUG] [CodeChicken Lib/nei]: Found a mod container %s, examining for codechicken classes
[17:30:01] [Server thread/DEBUG] [CodeChicken Lib/nei]: Found a mod container %s, examining for codechicken classes
[17:30:01] [Server thread/DEBUG] [CodeChicken Lib/nei]: Found a mod container %s, examining for codechicken classes
[17:30:01] [Server thread/DEBUG] [CodeChicken Lib/nei]: Found a mod container %s, examining for codechicken classes
[17:30:01] [Server thread/DEBUG] [CodeChicken Lib/nei]: Found a mod container %s, examining for codechicken classes
[17:30:01] [Server thread/DEBUG] [CodeChicken Lib/nei]: Found a mod container %s, examining for codechicken classes
[17:30:01] [Server thread/DEBUG] [CodeChicken Lib/nei]: Found a mod container %s, examining for codechicken classes
[17:30:01] [Server thread/DEBUG] [CodeChicken Lib/nei]: Found a mod container %s, examining for codechicken classes
[17:30:01] [Server thread/DEBUG] [CodeChicken Lib/nei]: Found a mod container %s, examining for codechicken classes
[17:30:01] [Server thread/DEBUG] [CodeChicken Lib/nei]: Found a mod container %s, examining for codechicken classes
[17:30:01] [Server thread/DEBUG] [CodeChicken Lib/nei]: Found a mod container %s, examining for codechicken classes
[17:30:01] [Server thread/DEBUG] [CodeChicken Lib/nei]: Found a mod container %s, examining for codechicken classes
[17:30:01] [Server thread/DEBUG] [CodeChicken Lib/nei]: Found a mod container %s, examining for codechicken classes
[17:30:01] [Server thread/DEBUG] [CodeChicken Lib/nei]: Found a mod container %s, examining for codechicken classes
[17:30:01] [Server thread/DEBUG] [CodeChicken Lib/nei]: Found a mod container %s, examining for codechicken classes
[17:30:01] [Server thread/DEBUG] [CodeChicken Lib/nei]: Found a mod container %s, examining for codechicken classes
[17:30:01] [Server thread/DEBUG] [CodeChicken Lib/nei]: Found a mod container %s, examining for codechicken classes
[17:30:01] [Server thread/TRACE] [nei/nei]: Sent event FMLPreInitializationEvent to mod nei
[17:30:01] [Server thread/DEBUG] [FML/]: Bar Step: PreInitialization - Not Enough Items took 1.172s
[17:30:01] [Server thread/TRACE] [personalcars/personalcars]: Sending event FMLPreInitializationEvent to mod personalcars
[17:30:01] [Server thread/TRACE] [FML/personalcars]: Automatically registered mod personalcars entity compact as personalcars:entitycompact
[17:30:01] [Server thread/TRACE] [FML/personalcars]: Automatically registered mod personalcars entity suv as personalcars:entitysuv
[17:30:01] [Server thread/TRACE] [FML/personalcars]: Automatically registered mod personalcars entity race as personalcars:entityrace
[17:30:01] [Server thread/TRACE] [FML/personalcars]: Automatically registered mod personalcars entity transporter as personalcars:entitytransporter
[17:30:01] [Server thread/TRACE] [FML/personalcars]: Automatically registered mod personalcars entity truck as personalcars:entitytruck
[17:30:01] [Server thread/TRACE] [personalcars/personalcars]: Sent event FMLPreInitializationEvent to mod personalcars
[17:30:01] [Server thread/DEBUG] [FML/]: Bar Step: PreInitialization - Personal Cars took 0.055s
[17:30:01] [Server thread/TRACE] [placeableitems/placeableitems]: Sending event FMLPreInitializationEvent to mod placeableitems
[17:30:01] [Server thread/INFO] [placeableitems/placeableitems]: Started loading placeableitems version 3.0.4.1
[17:30:04] [Server thread/INFO] [placeableitems/placeableitems]: Loaded placeableitems version 3.0.4.1 correctly
[17:30:04] [Server thread/TRACE] [placeableitems/placeableitems]: Sent event FMLPreInitializationEvent to mod placeableitems
[17:30:04] [Server thread/DEBUG] [FML/]: Bar Step: PreInitialization - Placeable Items Mod took 2.418s
[17:30:04] [Server thread/TRACE] [sophisticatedwolves/sophisticatedwolves]: Sending event FMLPreInitializationEvent to mod sophisticatedwolves
[17:30:04] [Server thread/TRACE] [sophisticatedwolves/sophisticatedwolves]: Sent event FMLPreInitializationEvent to mod sophisticatedwolves
[17:30:04] [Server thread/DEBUG] [FML/]: Bar Step: PreInitialization - Sophisticated Wolves took 0.016s
[17:30:04] [Server thread/TRACE] [totemic/totemic]: Sending event FMLPreInitializationEvent to mod totemic
[17:30:04] [Server thread/INFO] [Totemic/totemic]: Moma had a cow, Moma had a chicken... Dad was proud, he didn't care how!
[17:30:04] [Server thread/INFO] [Totemic/totemic]: Totemic is entering preinitialization stage
[17:30:04] [Server thread/TRACE] [FML/totemic]: Automatically registered mod totemic entity totemic:buffalo as totemic:buffalo
[17:30:04] [Server thread/TRACE] [FML/totemic]: Automatically registered mod totemic entity totemic:baykok as totemic:baykok
[17:30:04] [Server thread/TRACE] [FML/totemic]: Automatically registered mod totemic entity totemic:invis_arrow as totemic:invis_arrow
[17:30:04] [Server thread/TRACE] [totemic/totemic]: Sent event FMLPreInitializationEvent to mod totemic
[17:30:04] [Server thread/DEBUG] [FML/]: Bar Step: PreInitialization - Totemic took 0.016s
[17:30:04] [Server thread/TRACE] [umbralux/umbralux]: Sending event FMLPreInitializationEvent to mod umbralux
[17:30:04] [Server thread/TRACE] [FML/umbralux]: Automatically registered mod umbralux entity necro_cloud as umbralux:necro_cloud
[17:30:04] [Server thread/TRACE] [FML/umbralux]: Automatically registered mod umbralux entity zombie_minion as umbralux:zombie_minion
[17:30:04] [Server thread/TRACE] [FML/umbralux]: Automatically registered mod umbralux entity skeleton_minion as umbralux:skeleton_minion
[17:30:04] [Server thread/TRACE] [FML/umbralux]: Automatically registered mod umbralux entity sword_special as umbralux:sword_special
[17:30:04] [Server thread/TRACE] [umbralux/umbralux]: Sent event FMLPreInitializationEvent to mod umbralux
[17:30:04] [Server thread/DEBUG] [FML/]: Bar Step: PreInitialization - Umbra - Lux Addon for Rpg Inventory took 0.024s
[17:30:04] [Server thread/TRACE] [vampirism/vampirism]: Sending event FMLPreInitializationEvent to mod vampirism
[17:30:04] [Server thread/INFO] [vampirism/vampirism]: [Configs]Loaded configuration
[17:30:04] [Server thread/INFO] [vampirism/vampirism]: [Balance]Loaded balance configuration
[17:30:04] [Server thread/DEBUG] [teamlapen-lib/vampirism]: [ModCompat]Prepared waila compatibility
[17:30:04] [Server thread/DEBUG] [teamlapen-lib/vampirism]: [ModCompat]Prepared jei compatibility
[17:30:04] [Server thread/DEBUG] [teamlapen-lib/vampirism]: [ModCompat]Prepared sophisticatedwolves compatibility
[17:30:04] [Server thread/DEBUG] [vampirism/vampirism]: [ModBiomes]Registered vampire forest with weight 10
[17:30:04] [Server thread/TRACE] [FML/vampirism]: Automatically registered mod vampirism entity vampirism.blinding_bat as vampirism:blinding_bat
[17:30:04] [Server thread/TRACE] [FML/vampirism]: Automatically registered mod vampirism entity vampirism.ghost as vampirism:ghost
[17:30:04] [Server thread/TRACE] [FML/vampirism]: Automatically registered mod vampirism entity vampirism.converted_creature as vampirism:converted_creature
[17:30:04] [Server thread/TRACE] [FML/vampirism]: Automatically registered mod vampirism entity vampirism.converted_sheep as vampirism:converted_sheep
[17:30:04] [Server thread/TRACE] [FML/vampirism]: Automatically registered mod vampirism entity vampirism.vampire_hunter as vampirism:vampire_hunter
[17:30:04] [Server thread/TRACE] [FML/vampirism]: Automatically registered mod vampirism entity vampirism.vampire as vampirism:vampire
[17:30:04] [Server thread/TRACE] [FML/vampirism]: Automatically registered mod vampirism entity vampirism.hunter_trainer as vampirism:hunter_trainer
[17:30:04] [Server thread/TRACE] [FML/vampirism]: Automatically registered mod vampirism entity vampirism.advanced_hunter as vampirism:advanced_hunter
[17:30:04] [Server thread/TRACE] [FML/vampirism]: Automatically registered mod vampirism entity vampirism.vampire_baron as vampirism:vampire_baron
[17:30:04] [Server thread/TRACE] [FML/vampirism]: Automatically registered mod vampirism entity vampirism.vampire_minion_s as vampirism:vampire_minion_s
[17:30:04] [Server thread/TRACE] [FML/vampirism]: Automatically registered mod vampirism entity vampirism.dummy_creature as vampirism:dummy_creature
[17:30:04] [Server thread/TRACE] [FML/vampirism]: Automatically registered mod vampirism entity vampirism.advanced_vampire as vampirism:advanced_vampire
[17:30:04] [Server thread/TRACE] [FML/vampirism]: Automatically registered mod vampirism entity vampirism.converted_villager as vampirism:converted_villager
[17:30:04] [Server thread/TRACE] [FML/vampirism]: Automatically registered mod vampirism entity vampirism.hunter_villager as vampirism:hunter_villager
[17:30:04] [Server thread/TRACE] [FML/vampirism]: Automatically registered mod vampirism entity vampirism.crossbow_arrow as vampirism:crossbow_arrow
[17:30:04] [Server thread/TRACE] [FML/vampirism]: Automatically registered mod vampirism entity vampirism.particle_cloud as vampirism:particle_cloud
[17:30:04] [Server thread/TRACE] [FML/vampirism]: Automatically registered mod vampirism entity vampirism.throwable_item as vampirism:throwable_item
[17:30:04] [Server thread/TRACE] [vampirism/vampirism]: Sent event FMLPreInitializationEvent to mod vampirism
[17:30:04] [Server thread/DEBUG] [FML/]: Bar Step: PreInitialization - Vampirism took 0.375s
[17:30:04] [Server thread/TRACE] [teamlapen-lib/teamlapen-lib]: Sending event FMLPreInitializationEvent to mod teamlapen-lib
[17:30:04] [Server thread/TRACE] [teamlapen-lib/teamlapen-lib]: Sent event FMLPreInitializationEvent to mod teamlapen-lib
[17:30:04] [Server thread/DEBUG] [FML/]: Bar Step: PreInitialization - TeamLapen Library took 0.006s
[17:30:04] [Server thread/TRACE] [waila/waila]: Sending event FMLPreInitializationEvent to mod waila
[17:30:04] [Server thread/TRACE] [waila/waila]: Sent event FMLPreInitializationEvent to mod waila
[17:30:04] [Server thread/DEBUG] [FML/]: Bar Step: PreInitialization - waila took 0.024s
[17:30:04] [Server thread/TRACE] [air_support/air_support]: Sending event FMLPreInitializationEvent to mod air_support
[17:30:04] [Server thread/TRACE] [FML/air_support]: Automatically registered mod air_support entity parachute_drop as air_support:parachute_drop
[17:30:04] [Server thread/TRACE] [air_support/air_support]: Sent event FMLPreInitializationEvent to mod air_support
[17:30:04] [Server thread/DEBUG] [FML/]: Bar Step: PreInitialization - air_support took 0.008s
[17:30:04] [Server thread/DEBUG] [FML/]: Bar Finished: PreInitialization took 9.396s
[17:30:04] [Server thread/INFO] [FML/]: Applying holder lookups
[17:30:04] [Server thread/DEBUG] [FML/]: Unable to lookup dungeondq:dbsword for public static net.minecraft.item.Item dungeondq.DungeonCore$ITEMS.dbsword. This means the object wasn't registered. It's likely just mod options.
[17:30:04] [Server thread/DEBUG] [FML/]: Unable to lookup dungeondq:particle for public static net.minecraft.item.Item dungeondq.DungeonCore$ITEMS.particle. This means the object wasn't registered. It's likely just mod options.
[17:30:04] [Server thread/DEBUG] [FML/]: Unable to lookup dungeondq:sound for public static net.minecraft.item.Item dungeondq.DungeonCore$ITEMS.sound. This means the object wasn't registered. It's likely just mod options.
[17:30:04] [Server thread/DEBUG] [FML/]: Unable to lookup dungeondq:db for public static net.minecraft.item.Item dungeondq.DungeonCore$ITEMS.db. This means the object wasn't registered. It's likely just mod options.
[17:30:04] [Server thread/INFO] [FML/]: Holder lookups applied
[17:30:04] [Server thread/INFO] [FML/]: Injecting itemstacks
[17:30:04] [Server thread/INFO] [FML/]: Itemstack injection complete
[17:30:04] [Server thread/TRACE] [minecraft/minecraft]: Sending event FMLInitializationEvent to mod minecraft
[17:30:04] [Server thread/TRACE] [minecraft/minecraft]: Sent event FMLInitializationEvent to mod minecraft
[17:30:04] [Server thread/DEBUG] [FML/]: Bar Step: Initialization - Minecraft took 0.000s
[17:30:04] [Server thread/TRACE] [mcp/mcp]: Sending event FMLInitializationEvent to mod mcp
[17:30:04] [Server thread/TRACE] [mcp/mcp]: Sent event FMLInitializationEvent to mod mcp
[17:30:04] [Server thread/DEBUG] [FML/]: Bar Step: Initialization - Minecraft Coder Pack took 0.000s
[17:30:04] [Server thread/TRACE] [FML/FML]: Sending event FMLInitializationEvent to mod FML
[17:30:04] [Server thread/TRACE] [FML/FML]: Sent event FMLInitializationEvent to mod FML
[17:30:04] [Server thread/DEBUG] [FML/]: Bar Step: Initialization - Forge Mod Loader took 0.000s
[17:30:04] [Server thread/TRACE] [forge/forge]: Sending event FMLInitializationEvent to mod forge
[17:30:04] [Server thread/TRACE] [forge/forge]: Sent event FMLInitializationEvent to mod forge
[17:30:04] [Server thread/DEBUG] [FML/]: Bar Step: Initialization - Minecraft Forge took 0.000s
[17:30:04] [Server thread/TRACE] [creativecoredummy/creativecoredummy]: Sending event FMLInitializationEvent to mod creativecoredummy
[17:30:04] [Server thread/TRACE] [creativecoredummy/creativecoredummy]: Sent event FMLInitializationEvent to mod creativecoredummy
[17:30:04] [Server thread/DEBUG] [FML/]: Bar Step: Initialization - CreativeCoreDummy took 0.000s
[17:30:04] [Server thread/TRACE] [itemphysic/itemphysic]: Sending event FMLInitializationEvent to mod itemphysic
[17:30:05] [Server thread/TRACE] [itemphysic/itemphysic]: Sent event FMLInitializationEvent to mod itemphysic
[17:30:05] [Server thread/DEBUG] [FML/]: Bar Step: Initialization - ItemPhysic took 0.686s
[17:30:05] [Server thread/TRACE] [forgeendertech/forgeendertech]: Sending event FMLInitializationEvent to mod forgeendertech
[17:30:05] [Server thread/TRACE] [forgeendertech/forgeendertech]: Sent event FMLInitializationEvent to mod forgeendertech
[17:30:05] [Server thread/DEBUG] [FML/]: Bar Step: Initialization - Forge Endertech took 0.017s
[17:30:05] [Server thread/TRACE] [adhooks/adhooks]: Sending event FMLInitializationEvent to mod adhooks
[17:30:05] [Server thread/INFO] [adhooks/adhooks]: Initialization of 'Advanced Hook Launchers'
[17:30:05] [Server thread/TRACE] [FML/adhooks]: Automatically registered mod adhooks entity HookShot as adhooks:hookshot
[17:30:05] [Server thread/TRACE] [adhooks/adhooks]: Sent event FMLInitializationEvent to mod adhooks
[17:30:05] [Server thread/DEBUG] [FML/]: Bar Step: Initialization - Advanced Hook Launchers took 0.005s
[17:30:05] [Server thread/TRACE] [craftstudioapi/craftstudioapi]: Sending event FMLInitializationEvent to mod craftstudioapi
[17:30:05] [Server thread/TRACE] [craftstudioapi/craftstudioapi]: Sent event FMLInitializationEvent to mod craftstudioapi
[17:30:05] [Server thread/DEBUG] [FML/]: Bar Step: Initialization - CraftStudio API took 0.000s
[17:30:05] [Server thread/TRACE] [animania/animania]: Sending event FMLInitializationEvent to mod animania
[17:30:05] [Server thread/TRACE] [animania/animania]: Sent event FMLInitializationEvent to mod animania
[17:30:05] [Server thread/DEBUG] [FML/]: Bar Step: Initialization - Animania took 0.023s
[17:30:05] [Server thread/TRACE] [bibliocraft/bibliocraft]: Sending event FMLInitializationEvent to mod bibliocraft
[17:30:05] [Server thread/TRACE] [bibliocraft/bibliocraft]: Sent event FMLInitializationEvent to mod bibliocraft
[17:30:05] [Server thread/DEBUG] [FML/]: Bar Step: Initialization - BiblioCraft took 0.022s
[17:30:05] [Server thread/TRACE] [codechickenlib/codechickenlib]: Sending event FMLInitializationEvent to mod codechickenlib
[17:30:05] [Server thread/TRACE] [codechickenlib/codechickenlib]: Sent event FMLInitializationEvent to mod codechickenlib
[17:30:05] [Server thread/DEBUG] [FML/]: Bar Step: Initialization - CodeChicken Lib took 0.000s
[17:30:05] [Server thread/TRACE] [creativecore/creativecore]: Sending event FMLInitializationEvent to mod creativecore
[17:30:05] [Server thread/TRACE] [FML/creativecore]: Automatically registered mod creativecore entity Sit as creativecore:sit
[17:30:05] [Server thread/TRACE] [creativecore/creativecore]: Sent event FMLInitializationEvent to mod creativecore
[17:30:05] [Server thread/DEBUG] [FML/]: Bar Step: Initialization - CreativeCore took 0.015s
[17:30:05] [Server thread/TRACE] [customnpcs/customnpcs]: Sending event FMLInitializationEvent to mod customnpcs
[17:30:05] [Server thread/TRACE] [customnpcs/customnpcs]: Sent event FMLInitializationEvent to mod customnpcs
[17:30:05] [Server thread/DEBUG] [FML/]: Bar Step: Initialization - CustomNPCs took 0.003s
[17:30:05] [Server thread/TRACE] [cyclopscore/cyclopscore]: Sending event FMLInitializationEvent to mod cyclopscore
[17:30:05] [Server thread/INFO] [Cyclops Core/cyclopscore]: Cyclops Core is up-to-date!
[17:30:05] [Server thread/INFO] [EvilCraft/cyclopscore]: EvilCraft is up-to-date!
[17:30:05] [Server thread/TRACE] [Cyclops Core/cyclopscore]: init()
[17:30:05] [Server thread/TRACE] [cyclopscore/cyclopscore]: Sent event FMLInitializationEvent to mod cyclopscore
[17:30:05] [Server thread/DEBUG] [FML/]: Bar Step: Initialization - Cyclops Core took 0.106s
[17:30:05] [Server thread/TRACE] [dailies/dailies]: Sending event FMLInitializationEvent to mod dailies
[17:30:05] [Server thread/TRACE] [FML/dailies]: Automatically registered mod dailies entity bailey as dailies:bailey
[17:30:05] [Server thread/TRACE] [dailies/dailies]: Sent event FMLInitializationEvent to mod dailies
[17:30:05] [Server thread/DEBUG] [FML/]: Bar Step: Initialization - Bailey's Dailies took 0.003s
[17:30:05] [Server thread/TRACE] [dmonsters/dmonsters]: Sending event FMLInitializationEvent to mod dmonsters
[17:30:05] [Server thread/TRACE] [dmonsters/dmonsters]: Sent event FMLInitializationEvent to mod dmonsters
[17:30:05] [Server thread/DEBUG] [FML/]: Bar Step: Initialization - Deadly Monsters took 0.002s
[17:30:05] [Server thread/TRACE] [dissolution/dissolution]: Sending event FMLInitializationEvent to mod dissolution
[17:30:05] [Server thread/TRACE] [dissolution/dissolution]: Sent event FMLInitializationEvent to mod dissolution
[17:30:05] [Server thread/DEBUG] [FML/]: Bar Step: Initialization - Dissolution took 0.019s
[17:30:05] [Server thread/TRACE] [dungeondq/dungeondq]: Sending event FMLInitializationEvent to mod dungeondq
[17:30:05] [Server thread/TRACE] [FML/dungeondq]: Automatically registered mod dungeondq entity batcreeper as dungeondq:batcreeper
[17:30:05] [Server thread/TRACE] [FML/dungeondq]: Automatically registered mod dungeondq entity batcreeper2 as dungeondq:batcreeper2
[17:30:05] [Server thread/TRACE] [FML/dungeondq]: Automatically registered mod dungeondq entity durahanzombie as dungeondq:durahanzombie
[17:30:05] [Server thread/TRACE] [FML/dungeondq]: Automatically registered mod dungeondq entity durahanzombie2 as dungeondq:durahanzombie2
[17:30:05] [Server thread/TRACE] [FML/dungeondq]: Automatically registered mod dungeondq entity durahanzombiehead as dungeondq:durahanzombiehead
[17:30:05] [Server thread/TRACE] [FML/dungeondq]: Automatically registered mod dungeondq entity durahanzombiehead2 as dungeondq:durahanzombiehead2
[17:30:05] [Server thread/TRACE] [FML/dungeondq]: Automatically registered mod dungeondq entity skeletoncloak as dungeondq:skeletoncloak
[17:30:05] [Server thread/TRACE] [FML/dungeondq]: Automatically registered mod dungeondq entity skeletoncloak2 as dungeondq:skeletoncloak2
[17:30:05] [Server thread/TRACE] [FML/dungeondq]: Automatically registered mod dungeondq entity skeletoncloak3 as dungeondq:skeletoncloak3
[17:30:05] [Server thread/TRACE] [FML/dungeondq]: Automatically registered mod dungeondq entity creeperslime as dungeondq:creeperslime
[17:30:05] [Server thread/TRACE] [FML/dungeondq]: Automatically registered mod dungeondq entity kingspider as dungeondq:kingspider
[17:30:05] [Server thread/TRACE] [FML/dungeondq]: Automatically registered mod dungeondq entity kingspider2 as dungeondq:kingspider2
[17:30:05] [Server thread/TRACE] [FML/dungeondq]: Automatically registered mod dungeondq entity kingspider3 as dungeondq:kingspider3
[17:30:05] [Server thread/TRACE] [FML/dungeondq]: Automatically registered mod dungeondq entity magicvillager2 as dungeondq:magicvillager2
[17:30:05] [Server thread/TRACE] [FML/dungeondq]: Automatically registered mod dungeondq entity kingspidernet as dungeondq:kingspidernet
[17:30:05] [Server thread/TRACE] [FML/dungeondq]: Automatically registered mod dungeondq entity kingspidernet2 as dungeondq:kingspidernet2
[17:30:05] [Server thread/TRACE] [FML/dungeondq]: Automatically registered mod dungeondq entity kingspidernet3 as dungeondq:kingspidernet3
[17:30:05] [Server thread/TRACE] [FML/dungeondq]: Automatically registered mod dungeondq entity entityparticle as dungeondq:entityparticle
[17:30:05] [Server thread/TRACE] [FML/dungeondq]: Automatically registered mod dungeondq entity magic as dungeondq:magic
[17:30:05] [Server thread/TRACE] [FML/dungeondq]: Automatically registered mod dungeondq entity magic2 as dungeondq:magic2
[17:30:05] [Server thread/TRACE] [dungeondq/dungeondq]: Sent event FMLInitializationEvent to mod dungeondq
[17:30:05] [Server thread/DEBUG] [FML/]: Bar Step: Initialization - DungeonDQ took 0.044s
[17:30:05] [Server thread/TRACE] [evilcraft/evilcraft]: Sending event FMLInitializationEvent to mod evilcraft
[17:30:05] [Server thread/TRACE] [EvilCraft/evilcraft]: init()
[17:30:05] [Server thread/INFO] [EvilCraft/evilcraft]: Registered packet handler.
[17:30:06] [Server thread/TRACE] [evilcraft/evilcraft]: Sent event FMLInitializationEvent to mod evilcraft
[17:30:06] [Server thread/DEBUG] [FML/]: Bar Step: Initialization - EvilCraft took 0.272s
[17:30:06] [Server thread/TRACE] [evilcraftcompat/evilcraftcompat]: Sending event FMLInitializationEvent to mod evilcraftcompat
[17:30:06] [Server thread/TRACE] [EvilCraft-Compat/evilcraftcompat]: init()
[17:30:06] [Server thread/TRACE] [evilcraftcompat/evilcraftcompat]: Sent event FMLInitializationEvent to mod evilcraftcompat
[17:30:06] [Server thread/DEBUG] [FML/]: Bar Step: Initialization - EvilCraft-Compat took 0.001s
[17:30:06] [Server thread/TRACE] [extrautils2/extrautils2]: Sending event FMLInitializationEvent to mod extrautils2
[17:30:06] [Server thread/TRACE] [extrautils2/extrautils2]: Sent event FMLInitializationEvent to mod extrautils2
[17:30:06] [Server thread/DEBUG] [FML/]: Bar Step: Initialization - extrautils2 took 0.004s
[17:30:06] [Server thread/TRACE] [fairylights/fairylights]: Sending event FMLInitializationEvent to mod fairylights
[17:30:06] [Server thread/TRACE] [fairylights/fairylights]: Sent event FMLInitializationEvent to mod fairylights
[17:30:06] [Server thread/DEBUG] [FML/]: Bar Step: Initialization - Fairy Lights took 0.061s
[17:30:06] [Server thread/TRACE] [llibrary/llibrary]: Sending event FMLInitializationEvent to mod llibrary
[17:30:06] [Server thread/TRACE] [llibrary/llibrary]: Sent event FMLInitializationEvent to mod llibrary
[17:30:06] [Server thread/DEBUG] [FML/]: Bar Step: Initialization - LLibrary took 0.000s
[17:30:06] [Server thread/TRACE] [iceandfire/iceandfire]: Sending event FMLInitializationEvent to mod iceandfire
[17:30:06] [Server thread/TRACE] [FML/iceandfire]: Automatically registered mod iceandfire entity dragonegg as iceandfire:dragonegg
[17:30:06] [Server thread/TRACE] [FML/iceandfire]: Automatically registered mod iceandfire entity dragonarrow as iceandfire:dragonarrow
[17:30:06] [Server thread/TRACE] [FML/iceandfire]: Automatically registered mod iceandfire entity dragonskull as iceandfire:dragonskull
[17:30:06] [Server thread/TRACE] [FML/iceandfire]: Automatically registered mod iceandfire entity dragonfire as iceandfire:dragonfire
[17:30:06] [Server thread/TRACE] [FML/iceandfire]: Automatically registered mod iceandfire entity firedragon as iceandfire:firedragon
[17:30:06] [Server thread/TRACE] [FML/iceandfire]: Automatically registered mod iceandfire entity dragonice as iceandfire:dragonice
[17:30:06] [Server thread/TRACE] [FML/iceandfire]: Automatically registered mod iceandfire entity icedragon as iceandfire:icedragon
[17:30:06] [Server thread/TRACE] [FML/iceandfire]: Automatically registered mod iceandfire entity dragonfirecharge as iceandfire:dragonfirecharge
[17:30:06] [Server thread/TRACE] [FML/iceandfire]: Automatically registered mod iceandfire entity dragonicecharge as iceandfire:dragonicecharge
[17:30:06] [Server thread/TRACE] [FML/iceandfire]: Automatically registered mod iceandfire entity snowvillager as iceandfire:snowvillager
[17:30:06] [Server thread/TRACE] [FML/iceandfire]: Automatically registered mod iceandfire entity hippogryphegg as iceandfire:hippogryphegg
[17:30:06] [Server thread/TRACE] [FML/iceandfire]: Automatically registered mod iceandfire entity hippogryph as iceandfire:hippogryph
[17:30:06] [Server thread/TRACE] [FML/iceandfire]: Automatically registered mod iceandfire entity stonestatue as iceandfire:stonestatue
[17:30:06] [Server thread/TRACE] [FML/iceandfire]: Automatically registered mod iceandfire entity gorgon as iceandfire:gorgon
[17:30:06] [Server thread/TRACE] [FML/iceandfire]: Automatically registered mod iceandfire entity if_pixie as iceandfire:if_pixie
[17:30:06] [Server thread/TRACE] [iceandfire/iceandfire]: Sent event FMLInitializationEvent to mod iceandfire
[17:30:06] [Server thread/DEBUG] [FML/]: Bar Step: Initialization - Ice and Fire took 0.165s
[17:30:06] [Server thread/TRACE] [jei/jei]: Sending event FMLInitializationEvent to mod jei
[17:30:06] [Server thread/TRACE] [jei/jei]: Sent event FMLInitializationEvent to mod jei
[17:30:06] [Server thread/DEBUG] [FML/]: Bar Step: Initialization - Just Enough Items took 0.000s
[17:30:06] [Server thread/TRACE] [journeymap/journeymap]: Sending event FMLInitializationEvent to mod journeymap
[17:30:06] [Server thread/TRACE] [journeymap/journeymap]: Sent event FMLInitializationEvent to mod journeymap
[17:30:06] [Server thread/DEBUG] [FML/]: Bar Step: Initialization - JourneyMap took 0.013s
[17:30:06] [Server thread/TRACE] [subcommonlib/subcommonlib]: Sending event FMLInitializationEvent to mod subcommonlib
[17:30:06] [Server thread/TRACE] [subcommonlib/subcommonlib]: Sent event FMLInitializationEvent to mod subcommonlib
[17:30:06] [Server thread/DEBUG] [FML/]: Bar Step: Initialization - Subaraki's Common Library took 0.000s
[17:30:06] [Server thread/TRACE] [fashion/fashion]: Sending event FMLInitializationEvent to mod fashion
[17:30:06] [Server thread/TRACE] [fashion/fashion]: Sent event FMLInitializationEvent to mod fashion
[17:30:06] [Server thread/DEBUG] [FML/]: Bar Step: Initialization - fashion mod took 0.000s
[17:30:06] [Server thread/TRACE] [malisiscore/malisiscore]: Sending event FMLInitializationEvent to mod malisiscore
[17:30:06] [Server thread/TRACE] [malisiscore/malisiscore]: Sent event FMLInitializationEvent to mod malisiscore
[17:30:06] [Server thread/DEBUG] [FML/]: Bar Step: Initialization - MalisisCore took 0.004s
[17:30:06] [Server thread/TRACE] [malisisdoors/malisisdoors]: Sending event FMLInitializationEvent to mod malisisdoors
[17:30:06] [Server thread/TRACE] [malisisdoors/malisisdoors]: Sent event FMLInitializationEvent to mod malisisdoors
[17:30:06] [Server thread/DEBUG] [FML/]: Bar Step: Initialization - MalisisDoors took 0.000s
[17:30:06] [Server thread/TRACE] [minions/minions]: Sending event FMLInitializationEvent to mod minions
[17:30:06] [Server thread/TRACE] [minions/minions]: Sent event FMLInitializationEvent to mod minions
[17:30:06] [Server thread/DEBUG] [FML/]: Bar Step: Initialization - Minions took 0.000s
[17:30:06] [Server thread/TRACE] [mobtotems/mobtotems]: Sending event FMLInitializationEvent to mod mobtotems
[17:30:06] [Server thread/TRACE] [mobtotems/mobtotems]: Sent event FMLInitializationEvent to mod mobtotems
[17:30:06] [Server thread/DEBUG] [FML/]: Bar Step: Initialization - Mob Totems took 0.000s
[17:30:06] [Server thread/TRACE] [mowziesmobs/mowziesmobs]: Sending event FMLInitializationEvent to mod mowziesmobs
[17:30:06] [Server thread/TRACE] [mowziesmobs/mowziesmobs]: Sent event FMLInitializationEvent to mod mowziesmobs
[17:30:06] [Server thread/DEBUG] [FML/]: Bar Step: Initialization - Mowzie's Mobs took 0.000s
[17:30:06] [Server thread/TRACE] [netherportalfix/netherportalfix]: Sending event FMLInitializationEvent to mod netherportalfix
[17:30:06] [Server thread/TRACE] [netherportalfix/netherportalfix]: Sent event FMLInitializationEvent to mod netherportalfix
[17:30:06] [Server thread/DEBUG] [FML/]: Bar Step: Initialization - NetherPortalFix took 0.001s
[17:30:06] [Server thread/TRACE] [nei/nei]: Sending event FMLInitializationEvent to mod nei
[17:30:06] [Server thread/TRACE] [nei/nei]: Sent event FMLInitializationEvent to mod nei
[17:30:06] [Server thread/DEBUG] [FML/]: Bar Step: Initialization - Not Enough Items took 0.028s
[17:30:06] [Server thread/TRACE] [personalcars/personalcars]: Sending event FMLInitializationEvent to mod personalcars
[17:30:06] [Server thread/TRACE] [personalcars/personalcars]: Sent event FMLInitializationEvent to mod personalcars
[17:30:06] [Server thread/DEBUG] [FML/]: Bar Step: Initialization - Personal Cars took 0.003s
[17:30:06] [Server thread/TRACE] [placeableitems/placeableitems]: Sending event FMLInitializationEvent to mod placeableitems
[17:30:06] [Server thread/TRACE] [placeableitems/placeableitems]: Sent event FMLInitializationEvent to mod placeableitems
[17:30:06] [Server thread/DEBUG] [FML/]: Bar Step: Initialization - Placeable Items Mod took 0.000s
[17:30:06] [Server thread/TRACE] [sophisticatedwolves/sophisticatedwolves]: Sending event FMLInitializationEvent to mod sophisticatedwolves
[17:30:06] [Server thread/TRACE] [FML/sophisticatedwolves]: Automatically registered mod sophisticatedwolves entity SWWolf as sophisticatedwolves:textures/entity/brown/wolf.png
[17:30:06] [Server thread/TRACE] [sophisticatedwolves/sophisticatedwolves]: Sent event FMLInitializationEvent to mod sophisticatedwolves
[17:30:06] [Server thread/DEBUG] [FML/]: Bar Step: Initialization - Sophisticated Wolves took 0.014s
[17:30:06] [Server thread/TRACE] [totemic/totemic]: Sending event FMLInitializationEvent to mod totemic
[17:30:06] [Server thread/INFO] [Totemic/totemic]: Totemic is entering initialization stage
[17:30:06] [Server thread/TRACE] [totemic/totemic]: Sent event FMLInitializationEvent to mod totemic
[17:30:06] [Server thread/DEBUG] [FML/]: Bar Step: Initialization - Totemic took 0.018s
[17:30:06] [Server thread/TRACE] [umbralux/umbralux]: Sending event FMLInitializationEvent to mod umbralux
[17:30:06] [Server thread/TRACE] [umbralux/umbralux]: Sent event FMLInitializationEvent to mod umbralux
[17:30:06] [Server thread/DEBUG] [FML/]: Bar Step: Initialization - Umbra - Lux Addon for Rpg Inventory took 0.000s
[17:30:06] [Server thread/TRACE] [vampirism/vampirism]: Sending event FMLInitializationEvent to mod vampirism
[17:30:06] [Thread-14/INFO] [teamlapen-lib/vampirism]: [VersionChecker]Starting version check at http://maxanier.de/projects/vampirism/versions.json
[17:30:06] [Server thread/TRACE] [vampirism/vampirism]: Sent event FMLInitializationEvent to mod vampirism
[17:30:06] [Server thread/DEBUG] [FML/]: Bar Step: Initialization - Vampirism took 0.105s
[17:30:06] [Server thread/TRACE] [teamlapen-lib/teamlapen-lib]: Sending event FMLInitializationEvent to mod teamlapen-lib
[17:30:06] [Server thread/TRACE] [teamlapen-lib/teamlapen-lib]: Sent event FMLInitializationEvent to mod teamlapen-lib
[17:30:06] [Server thread/DEBUG] [FML/]: Bar Step: Initialization - TeamLapen Library took 0.000s
[17:30:06] [Server thread/TRACE] [waila/waila]: Sending event FMLInitializationEvent to mod waila
[17:30:06] [Server thread/TRACE] [waila/waila]: Sent event FMLInitializationEvent to mod waila
[17:30:06] [Server thread/DEBUG] [FML/]: Bar Step: Initialization - waila took 0.002s
[17:30:06] [Server thread/TRACE] [air_support/air_support]: Sending event FMLInitializationEvent to mod air_support
[17:30:06] [Server thread/TRACE] [air_support/air_support]: Sent event FMLInitializationEvent to mod air_support
[17:30:06] [Server thread/DEBUG] [FML/]: Bar Step: Initialization - air_support took 0.001s
[17:30:06] [Server thread/DEBUG] [FML/]: Bar Finished: Initialization took 1.638s
[17:30:06] [Server thread/TRACE] [FML/]: Attempting to deliver 0 IMC messages to mod minecraft
[17:30:06] [Server thread/TRACE] [minecraft/minecraft]: Sending event IMCEvent to mod minecraft
[17:30:06] [Server thread/TRACE] [minecraft/minecraft]: Sent event IMCEvent to mod minecraft
[17:30:06] [Server thread/DEBUG] [FML/]: Bar Step: InterModComms$IMC - Minecraft took 0.000s
[17:30:06] [Server thread/TRACE] [FML/]: Attempting to deliver 0 IMC messages to mod mcp
[17:30:06] [Server thread/TRACE] [mcp/mcp]: Sending event IMCEvent to mod mcp
[17:30:06] [Server thread/TRACE] [mcp/mcp]: Sent event IMCEvent to mod mcp
[17:30:06] [Server thread/DEBUG] [FML/]: Bar Step: InterModComms$IMC - Minecraft Coder Pack took 0.000s
[17:30:06] [Server thread/TRACE] [FML/]: Attempting to deliver 0 IMC messages to mod FML
[17:30:06] [Server thread/TRACE] [FML/FML]: Sending event IMCEvent to mod FML
[17:30:06] [Server thread/TRACE] [FML/FML]: Sent event IMCEvent to mod FML
[17:30:06] [Server thread/DEBUG] [FML/]: Bar Step: InterModComms$IMC - Forge Mod Loader took 0.000s
[17:30:06] [Server thread/TRACE] [FML/]: Attempting to deliver 0 IMC messages to mod forge
[17:30:06] [Server thread/TRACE] [forge/forge]: Sending event IMCEvent to mod forge
[17:30:06] [Server thread/TRACE] [forge/forge]: Sent event IMCEvent to mod forge
[17:30:06] [Server thread/DEBUG] [FML/]: Bar Step: InterModComms$IMC - Minecraft Forge took 0.000s
[17:30:06] [Server thread/TRACE] [FML/]: Attempting to deliver 0 IMC messages to mod creativecoredummy
[17:30:06] [Server thread/TRACE] [creativecoredummy/creativecoredummy]: Sending event IMCEvent to mod creativecoredummy
[17:30:06] [Server thread/TRACE] [creativecoredummy/creativecoredummy]: Sent event IMCEvent to mod creativecoredummy
[17:30:06] [Server thread/DEBUG] [FML/]: Bar Step: InterModComms$IMC - CreativeCoreDummy took 0.000s
[17:30:06] [Server thread/TRACE] [FML/]: Attempting to deliver 0 IMC messages to mod itemphysic
[17:30:06] [Server thread/TRACE] [itemphysic/itemphysic]: Sending event IMCEvent to mod itemphysic
[17:30:06] [Server thread/TRACE] [itemphysic/itemphysic]: Sent event IMCEvent to mod itemphysic
[17:30:06] [Server thread/DEBUG] [FML/]: Bar Step: InterModComms$IMC - ItemPhysic took 0.000s
[17:30:06] [Server thread/TRACE] [FML/]: Attempting to deliver 0 IMC messages to mod forgeendertech
[17:30:06] [Server thread/TRACE] [forgeendertech/forgeendertech]: Sending event IMCEvent to mod forgeendertech
[17:30:06] [Server thread/TRACE] [forgeendertech/forgeendertech]: Sent event IMCEvent to mod forgeendertech
[17:30:06] [Server thread/DEBUG] [FML/]: Bar Step: InterModComms$IMC - Forge Endertech took 0.000s
[17:30:06] [Server thread/TRACE] [FML/]: Attempting to deliver 0 IMC messages to mod adhooks
[17:30:06] [Server thread/TRACE] [adhooks/adhooks]: Sending event IMCEvent to mod adhooks
[17:30:06] [Server thread/TRACE] [adhooks/adhooks]: Sent event IMCEvent to mod adhooks
[17:30:06] [Server thread/DEBUG] [FML/]: Bar Step: InterModComms$IMC - Advanced Hook Launchers took 0.000s
[17:30:06] [Server thread/TRACE] [FML/]: Attempting to deliver 0 IMC messages to mod craftstudioapi
[17:30:06] [Server thread/TRACE] [craftstudioapi/craftstudioapi]: Sending event IMCEvent to mod craftstudioapi
[17:30:06] [Server thread/TRACE] [craftstudioapi/craftstudioapi]: Sent event IMCEvent to mod craftstudioapi
[17:30:06] [Server thread/DEBUG] [FML/]: Bar Step: InterModComms$IMC - CraftStudio API took 0.000s
[17:30:06] [Server thread/TRACE] [FML/]: Attempting to deliver 0 IMC messages to mod animania
[17:30:06] [Server thread/TRACE] [animania/animania]: Sending event IMCEvent to mod animania
[17:30:06] [Server thread/TRACE] [animania/animania]: Sent event IMCEvent to mod animania
[17:30:06] [Server thread/DEBUG] [FML/]: Bar Step: InterModComms$IMC - Animania took 0.000s
[17:30:06] [Server thread/TRACE] [FML/]: Attempting to deliver 0 IMC messages to mod bibliocraft
[17:30:06] [Server thread/TRACE] [bibliocraft/bibliocraft]: Sending event IMCEvent to mod bibliocraft
[17:30:06] [Server thread/TRACE] [bibliocraft/bibliocraft]: Sent event IMCEvent to mod bibliocraft
[17:30:06] [Server thread/DEBUG] [FML/]: Bar Step: InterModComms$IMC - BiblioCraft took 0.000s
[17:30:06] [Server thread/TRACE] [FML/]: Attempting to deliver 0 IMC messages to mod codechickenlib
[17:30:06] [Server thread/TRACE] [codechickenlib/codechickenlib]: Sending event IMCEvent to mod codechickenlib
[17:30:06] [Server thread/TRACE] [codechickenlib/codechickenlib]: Sent event IMCEvent to mod codechickenlib
[17:30:06] [Server thread/DEBUG] [FML/]: Bar Step: InterModComms$IMC - CodeChicken Lib took 0.000s
[17:30:06] [Server thread/TRACE] [FML/]: Attempting to deliver 0 IMC messages to mod creativecore
[17:30:06] [Server thread/TRACE] [creativecore/creativecore]: Sending event IMCEvent to mod creativecore
[17:30:06] [Server thread/TRACE] [creativecore/creativecore]: Sent event IMCEvent to mod creativecore
[17:30:06] [Server thread/DEBUG] [FML/]: Bar Step: InterModComms$IMC - CreativeCore took 0.000s
[17:30:06] [Server thread/TRACE] [FML/]: Attempting to deliver 0 IMC messages to mod customnpcs
[17:30:06] [Server thread/TRACE] [customnpcs/customnpcs]: Sending event IMCEvent to mod customnpcs
[17:30:06] [Server thread/TRACE] [customnpcs/customnpcs]: Sent event IMCEvent to mod customnpcs
[17:30:06] [Server thread/DEBUG] [FML/]: Bar Step: InterModComms$IMC - CustomNPCs took 0.000s
[17:30:06] [Server thread/TRACE] [FML/]: Attempting to deliver 0 IMC messages to mod cyclopscore
[17:30:06] [Server thread/TRACE] [cyclopscore/cyclopscore]: Sending event IMCEvent to mod cyclopscore
[17:30:06] [Server thread/TRACE] [cyclopscore/cyclopscore]: Sent event IMCEvent to mod cyclopscore
[17:30:06] [Server thread/DEBUG] [FML/]: Bar Step: InterModComms$IMC - Cyclops Core took 0.000s
[17:30:06] [Server thread/TRACE] [FML/]: Attempting to deliver 0 IMC messages to mod dailies
[17:30:06] [Server thread/TRACE] [dailies/dailies]: Sending event IMCEvent to mod dailies
[17:30:06] [Server thread/TRACE] [dailies/dailies]: Sent event IMCEvent to mod dailies
[17:30:06] [Server thread/DEBUG] [FML/]: Bar Step: InterModComms$IMC - Bailey's Dailies took 0.000s
[17:30:06] [Server thread/TRACE] [FML/]: Attempting to deliver 0 IMC messages to mod dmonsters
[17:30:06] [Server thread/TRACE] [dmonsters/dmonsters]: Sending event IMCEvent to mod dmonsters
[17:30:06] [Server thread/TRACE] [dmonsters/dmonsters]: Sent event IMCEvent to mod dmonsters
[17:30:06] [Server thread/DEBUG] [FML/]: Bar Step: InterModComms$IMC - Deadly Monsters took 0.000s
[17:30:06] [Server thread/TRACE] [FML/]: Attempting to deliver 0 IMC messages to mod dissolution
[17:30:06] [Server thread/TRACE] [dissolution/dissolution]: Sending event IMCEvent to mod dissolution
[17:30:06] [Server thread/TRACE] [dissolution/dissolution]: Sent event IMCEvent to mod dissolution
[17:30:06] [Server thread/DEBUG] [FML/]: Bar Step: InterModComms$IMC - Dissolution took 0.000s
[17:30:06] [Server thread/TRACE] [FML/]: Attempting to deliver 0 IMC messages to mod dungeondq
[17:30:06] [Server thread/TRACE] [dungeondq/dungeondq]: Sending event IMCEvent to mod dungeondq
[17:30:06] [Server thread/TRACE] [dungeondq/dungeondq]: Sent event IMCEvent to mod dungeondq
[17:30:06] [Server thread/DEBUG] [FML/]: Bar Step: InterModComms$IMC - DungeonDQ took 0.000s
[17:30:06] [Server thread/TRACE] [FML/]: Attempting to deliver 0 IMC messages to mod evilcraft
[17:30:06] [Server thread/TRACE] [evilcraft/evilcraft]: Sending event IMCEvent to mod evilcraft
[17:30:06] [Server thread/TRACE] [evilcraft/evilcraft]: Sent event IMCEvent to mod evilcraft
[17:30:06] [Server thread/DEBUG] [FML/]: Bar Step: InterModComms$IMC - EvilCraft took 0.000s
[17:30:06] [Server thread/TRACE] [FML/]: Attempting to deliver 0 IMC messages to mod evilcraftcompat
[17:30:06] [Server thread/TRACE] [evilcraftcompat/evilcraftcompat]: Sending event IMCEvent to mod evilcraftcompat
[17:30:06] [Server thread/TRACE] [evilcraftcompat/evilcraftcompat]: Sent event IMCEvent to mod evilcraftcompat
[17:30:06] [Server thread/DEBUG] [FML/]: Bar Step: InterModComms$IMC - EvilCraft-Compat took 0.000s
[17:30:06] [Server thread/TRACE] [FML/]: Attempting to deliver 0 IMC messages to mod extrautils2
[17:30:06] [Server thread/TRACE] [extrautils2/extrautils2]: Sending event IMCEvent to mod extrautils2
[17:30:06] [Server thread/TRACE] [extrautils2/extrautils2]: Sent event IMCEvent to mod extrautils2
[17:30:06] [Server thread/DEBUG] [FML/]: Bar Step: InterModComms$IMC - extrautils2 took 0.000s
[17:30:06] [Server thread/TRACE] [FML/]: Attempting to deliver 0 IMC messages to mod fairylights
[17:30:06] [Server thread/TRACE] [fairylights/fairylights]: Sending event IMCEvent to mod fairylights
[17:30:06] [Server thread/TRACE] [fairylights/fairylights]: Sent event IMCEvent to mod fairylights
[17:30:06] [Server thread/DEBUG] [FML/]: Bar Step: InterModComms$IMC - Fairy Lights took 0.000s
[17:30:06] [Server thread/TRACE] [FML/]: Attempting to deliver 0 IMC messages to mod llibrary
[17:30:06] [Server thread/TRACE] [llibrary/llibrary]: Sending event IMCEvent to mod llibrary
[17:30:06] [Server thread/TRACE] [llibrary/llibrary]: Sent event IMCEvent to mod llibrary
[17:30:06] [Server thread/DEBUG] [FML/]: Bar Step: InterModComms$IMC - LLibrary took 0.000s
[17:30:06] [Server thread/TRACE] [FML/]: Attempting to deliver 0 IMC messages to mod iceandfire
[17:30:06] [Server thread/TRACE] [iceandfire/iceandfire]: Sending event IMCEvent to mod iceandfire
[17:30:06] [Server thread/TRACE] [iceandfire/iceandfire]: Sent event IMCEvent to mod iceandfire
[17:30:06] [Server thread/DEBUG] [FML/]: Bar Step: InterModComms$IMC - Ice and Fire took 0.000s
[17:30:06] [Server thread/TRACE] [FML/]: Attempting to deliver 0 IMC messages to mod jei
[17:30:06] [Server thread/TRACE] [jei/jei]: Sending event IMCEvent to mod jei
[17:30:06] [Server thread/TRACE] [jei/jei]: Sent event IMCEvent to mod jei
[17:30:06] [Server thread/DEBUG] [FML/]: Bar Step: InterModComms$IMC - Just Enough Items took 0.000s
[17:30:06] [Server thread/TRACE] [FML/]: Attempting to deliver 0 IMC messages to mod journeymap
[17:30:06] [Server thread/TRACE] [journeymap/journeymap]: Sending event IMCEvent to mod journeymap
[17:30:06] [Server thread/TRACE] [journeymap/journeymap]: Sent event IMCEvent to mod journeymap
[17:30:06] [Server thread/DEBUG] [FML/]: Bar Step: InterModComms$IMC - JourneyMap took 0.000s
[17:30:06] [Server thread/TRACE] [FML/]: Attempting to deliver 0 IMC messages to mod subcommonlib
[17:30:06] [Server thread/TRACE] [subcommonlib/subcommonlib]: Sending event IMCEvent to mod subcommonlib
[17:30:06] [Server thread/TRACE] [subcommonlib/subcommonlib]: Sent event IMCEvent to mod subcommonlib
[17:30:06] [Server thread/DEBUG] [FML/]: Bar Step: InterModComms$IMC - Subaraki's Common Library took 0.000s
[17:30:06] [Server thread/TRACE] [FML/]: Attempting to deliver 0 IMC messages to mod fashion
[17:30:06] [Server thread/TRACE] [fashion/fashion]: Sending event IMCEvent to mod fashion
[17:30:06] [Server thread/TRACE] [fashion/fashion]: Sent event IMCEvent to mod fashion
[17:30:06] [Server thread/DEBUG] [FML/]: Bar Step: InterModComms$IMC - fashion mod took 0.000s
[17:30:06] [Server thread/TRACE] [FML/]: Attempting to deliver 0 IMC messages to mod malisiscore
[17:30:06] [Server thread/TRACE] [malisiscore/malisiscore]: Sending event IMCEvent to mod malisiscore
[17:30:06] [Server thread/TRACE] [malisiscore/malisiscore]: Sent event IMCEvent to mod malisiscore
[17:30:06] [Server thread/DEBUG] [FML/]: Bar Step: InterModComms$IMC - MalisisCore took 0.000s
[17:30:06] [Server thread/TRACE] [FML/]: Attempting to deliver 0 IMC messages to mod malisisdoors
[17:30:06] [Server thread/TRACE] [malisisdoors/malisisdoors]: Sending event IMCEvent to mod malisisdoors
[17:30:06] [Server thread/TRACE] [malisisdoors/malisisdoors]: Sent event IMCEvent to mod malisisdoors
[17:30:06] [Server thread/DEBUG] [FML/]: Bar Step: InterModComms$IMC - MalisisDoors took 0.000s
[17:30:06] [Server thread/TRACE] [FML/]: Attempting to deliver 0 IMC messages to mod minions
[17:30:06] [Server thread/TRACE] [minions/minions]: Sending event IMCEvent to mod minions
[17:30:06] [Server thread/TRACE] [minions/minions]: Sent event IMCEvent to mod minions
[17:30:06] [Server thread/DEBUG] [FML/]: Bar Step: InterModComms$IMC - Minions took 0.000s
[17:30:06] [Server thread/TRACE] [FML/]: Attempting to deliver 0 IMC messages to mod mobtotems
[17:30:06] [Server thread/TRACE] [mobtotems/mobtotems]: Sending event IMCEvent to mod mobtotems
[17:30:06] [Server thread/TRACE] [mobtotems/mobtotems]: Sent event IMCEvent to mod mobtotems
[17:30:06] [Server thread/DEBUG] [FML/]: Bar Step: InterModComms$IMC - Mob Totems took 0.000s
[17:30:06] [Server thread/TRACE] [FML/]: Attempting to deliver 0 IMC messages to mod mowziesmobs
[17:30:06] [Server thread/TRACE] [mowziesmobs/mowziesmobs]: Sending event IMCEvent to mod mowziesmobs
[17:30:06] [Server thread/TRACE] [mowziesmobs/mowziesmobs]: Sent event IMCEvent to mod mowziesmobs
[17:30:06] [Server thread/DEBUG] [FML/]: Bar Step: InterModComms$IMC - Mowzie's Mobs took 0.000s
[17:30:06] [Server thread/TRACE] [FML/]: Attempting to deliver 0 IMC messages to mod netherportalfix
[17:30:06] [Server thread/TRACE] [netherportalfix/netherportalfix]: Sending event IMCEvent to mod netherportalfix
[17:30:06] [Server thread/TRACE] [netherportalfix/netherportalfix]: Sent event IMCEvent to mod netherportalfix
[17:30:06] [Server thread/DEBUG] [FML/]: Bar Step: InterModComms$IMC - NetherPortalFix took 0.000s
[17:30:06] [Server thread/TRACE] [FML/]: Attempting to deliver 0 IMC messages to mod nei
[17:30:06] [Server thread/TRACE] [nei/nei]: Sending event IMCEvent to mod nei
[17:30:06] [Server thread/TRACE] [nei/nei]: Sent event IMCEvent to mod nei
[17:30:06] [Server thread/DEBUG] [FML/]: Bar Step: InterModComms$IMC - Not Enough Items took 0.000s
[17:30:06] [Server thread/TRACE] [FML/]: Attempting to deliver 0 IMC messages to mod personalcars
[17:30:06] [Server thread/TRACE] [personalcars/personalcars]: Sending event IMCEvent to mod personalcars
[17:30:06] [Server thread/TRACE] [personalcars/personalcars]: Sent event IMCEvent to mod personalcars
[17:30:06] [Server thread/DEBUG] [FML/]: Bar Step: InterModComms$IMC - Personal Cars took 0.000s
[17:30:06] [Server thread/TRACE] [FML/]: Attempting to deliver 0 IMC messages to mod placeableitems
[17:30:06] [Server thread/TRACE] [placeableitems/placeableitems]: Sending event IMCEvent to mod placeableitems
[17:30:06] [Server thread/TRACE] [placeableitems/placeableitems]: Sent event IMCEvent to mod placeableitems
[17:30:06] [Server thread/DEBUG] [FML/]: Bar Step: InterModComms$IMC - Placeable Items Mod took 0.000s
[17:30:06] [Server thread/TRACE] [FML/]: Attempting to deliver 0 IMC messages to mod sophisticatedwolves
[17:30:06] [Server thread/TRACE] [sophisticatedwolves/sophisticatedwolves]: Sending event IMCEvent to mod sophisticatedwolves
[17:30:06] [Server thread/TRACE] [sophisticatedwolves/sophisticatedwolves]: Sent event IMCEvent to mod sophisticatedwolves
[17:30:06] [Server thread/DEBUG] [FML/]: Bar Step: InterModComms$IMC - Sophisticated Wolves took 0.000s
[17:30:06] [Server thread/TRACE] [FML/]: Attempting to deliver 0 IMC messages to mod totemic
[17:30:06] [Server thread/TRACE] [totemic/totemic]: Sending event IMCEvent to mod totemic
[17:30:06] [Server thread/TRACE] [totemic/totemic]: Sent event IMCEvent to mod totemic
[17:30:06] [Server thread/DEBUG] [FML/]: Bar Step: InterModComms$IMC - Totemic took 0.000s
[17:30:06] [Server thread/TRACE] [FML/]: Attempting to deliver 0 IMC messages to mod umbralux
[17:30:06] [Server thread/TRACE] [umbralux/umbralux]: Sending event IMCEvent to mod umbralux
[17:30:06] [Server thread/TRACE] [umbralux/umbralux]: Sent event IMCEvent to mod umbralux
[17:30:06] [Server thread/DEBUG] [FML/]: Bar Step: InterModComms$IMC - Umbra - Lux Addon for Rpg Inventory took 0.000s
[17:30:06] [Server thread/TRACE] [FML/]: Attempting to deliver 0 IMC messages to mod vampirism
[17:30:06] [Server thread/TRACE] [vampirism/vampirism]: Sending event IMCEvent to mod vampirism
[17:30:06] [Server thread/TRACE] [vampirism/vampirism]: Sent event IMCEvent to mod vampirism
[17:30:06] [Server thread/DEBUG] [FML/]: Bar Step: InterModComms$IMC - Vampirism took 0.000s
[17:30:06] [Server thread/TRACE] [FML/]: Attempting to deliver 0 IMC messages to mod teamlapen-lib
[17:30:06] [Server thread/TRACE] [teamlapen-lib/teamlapen-lib]: Sending event IMCEvent to mod teamlapen-lib
[17:30:06] [Server thread/TRACE] [teamlapen-lib/teamlapen-lib]: Sent event IMCEvent to mod teamlapen-lib
[17:30:06] [Server thread/DEBUG] [FML/]: Bar Step: InterModComms$IMC - TeamLapen Library took 0.000s
[17:30:06] [Server thread/TRACE] [FML/]: Attempting to deliver 3 IMC messages to mod waila
[17:30:06] [Server thread/TRACE] [waila/waila]: Sending event IMCEvent to mod waila
[17:30:06] [Server thread/INFO] [Waila/waila]: Receiving registration request from [ animania ] for method com.animania.compat.waila.WailaCompat.registerWaila
[17:30:06] [Server thread/INFO] [Waila/waila]: Receiving registration request from [ cyclopscore ] for method org.cyclops.cyclopscore.modcompat.waila.Waila.callbackRegister
[17:30:06] [Server thread/INFO] [Waila/waila]: Receiving registration request from [ vampirism ] for method de.teamlapen.vampirism.modcompat.waila.WailaHandler.onRegister
[17:30:06] [Server thread/TRACE] [waila/waila]: Sent event IMCEvent to mod waila
[17:30:06] [Server thread/DEBUG] [FML/]: Bar Step: InterModComms$IMC - waila took 0.006s
[17:30:06] [Server thread/TRACE] [FML/]: Attempting to deliver 0 IMC messages to mod air_support
[17:30:06] [Server thread/TRACE] [air_support/air_support]: Sending event IMCEvent to mod air_support
[17:30:06] [Server thread/TRACE] [air_support/air_support]: Sent event IMCEvent to mod air_support
[17:30:06] [Server thread/DEBUG] [FML/]: Bar Step: InterModComms$IMC - air_support took 0.000s
[17:30:06] [Server thread/DEBUG] [FML/]: Bar Finished: InterModComms$IMC took 0.013s
[17:30:06] [Server thread/INFO] [FML/]: Injecting itemstacks
[17:30:06] [Server thread/INFO] [FML/]: Itemstack injection complete
[17:30:06] [Server thread/TRACE] [minecraft/minecraft]: Sending event FMLPostInitializationEvent to mod minecraft
[17:30:06] [Server thread/TRACE] [minecraft/minecraft]: Sent event FMLPostInitializationEvent to mod minecraft
[17:30:06] [Server thread/DEBUG] [FML/]: Bar Step: PostInitialization - Minecraft took 0.000s
[17:30:06] [Server thread/TRACE] [mcp/mcp]: Sending event FMLPostInitializationEvent to mod mcp
[17:30:06] [Server thread/TRACE] [mcp/mcp]: Sent event FMLPostInitializationEvent to mod mcp
[17:30:06] [Server thread/DEBUG] [FML/]: Bar Step: PostInitialization - Minecraft Coder Pack took 0.000s
[17:30:06] [Server thread/TRACE] [FML/FML]: Sending event FMLPostInitializationEvent to mod FML
[17:30:06] [Server thread/TRACE] [FML/FML]: Sent event FMLPostInitializationEvent to mod FML
[17:30:06] [Server thread/DEBUG] [FML/]: Bar Step: PostInitialization - Forge Mod Loader took 0.000s
[17:30:06] [Server thread/TRACE] [forge/forge]: Sending event FMLPostInitializationEvent to mod forge
[17:30:06] [Server thread/WARN] [FML/forge]: No types have been added to Biome evilcraft:biome_degraded, types have been assigned on a best-effort guess: [WET, PLAINS]
[17:30:06] [Server thread/TRACE] [forge/forge]: Sent event FMLPostInitializationEvent to mod forge
[17:30:06] [Server thread/DEBUG] [FML/]: Bar Step: PostInitialization - Minecraft Forge took 0.001s
[17:30:06] [Server thread/TRACE] [creativecoredummy/creativecoredummy]: Sending event FMLPostInitializationEvent to mod creativecoredummy
[17:30:06] [Server thread/TRACE] [creativecoredummy/creativecoredummy]: Sent event FMLPostInitializationEvent to mod creativecoredummy
[17:30:06] [Server thread/DEBUG] [FML/]: Bar Step: PostInitialization - CreativeCoreDummy took 0.000s
[17:30:06] [Server thread/TRACE] [itemphysic/itemphysic]: Sending event FMLPostInitializationEvent to mod itemphysic
[17:30:06] [Server thread/TRACE] [itemphysic/itemphysic]: Sent event FMLPostInitializationEvent to mod itemphysic
[17:30:06] [Server thread/DEBUG] [FML/]: Bar Step: PostInitialization - ItemPhysic took 0.000s
[17:30:06] [Server thread/TRACE] [forgeendertech/forgeendertech]: Sending event FMLPostInitializationEvent to mod forgeendertech
[17:30:06] [Server thread/TRACE] [forgeendertech/forgeendertech]: Sent event FMLPostInitializationEvent to mod forgeendertech
[17:30:06] [Server thread/DEBUG] [FML/]: Bar Step: PostInitialization - Forge Endertech took 0.000s
[17:30:06] [Server thread/TRACE] [adhooks/adhooks]: Sending event FMLPostInitializationEvent to mod adhooks
[17:30:06] [Server thread/INFO] [adhooks/adhooks]: PostInitialization of 'Advanced Hook Launchers'
[17:30:06] [Server thread/TRACE] [adhooks/adhooks]: Sent event FMLPostInitializationEvent to mod adhooks
[17:30:06] [Server thread/DEBUG] [FML/]: Bar Step: PostInitialization - Advanced Hook Launchers took 0.001s
[17:30:06] [Server thread/TRACE] [craftstudioapi/craftstudioapi]: Sending event FMLPostInitializationEvent to mod craftstudioapi
[17:30:06] [Server thread/TRACE] [craftstudioapi/craftstudioapi]: Sent event FMLPostInitializationEvent to mod craftstudioapi
[17:30:06] [Server thread/DEBUG] [FML/]: Bar Step: PostInitialization - CraftStudio API took 0.000s
[17:30:06] [Server thread/TRACE] [animania/animania]: Sending event FMLPostInitializationEvent to mod animania
[17:30:06] [Server thread/TRACE] [animania/animania]: Sent event FMLPostInitializationEvent to mod animania
[17:30:06] [Server thread/DEBUG] [FML/]: Bar Step: PostInitialization - Animania took 0.000s
[17:30:06] [Server thread/TRACE] [bibliocraft/bibliocraft]: Sending event FMLPostInitializationEvent to mod bibliocraft
[17:30:06] [Server thread/TRACE] [bibliocraft/bibliocraft]: Sent event FMLPostInitializationEvent to mod bibliocraft
[17:30:06] [Server thread/DEBUG] [FML/]: Bar Step: PostInitialization - BiblioCraft took 0.000s
[17:30:06] [Server thread/TRACE] [codechickenlib/codechickenlib]: Sending event FMLPostInitializationEvent to mod codechickenlib
[17:30:06] [Server thread/TRACE] [codechickenlib/codechickenlib]: Sent event FMLPostInitializationEvent to mod codechickenlib
[17:30:06] [Server thread/DEBUG] [FML/]: Bar Step: PostInitialization - CodeChicken Lib took 0.000s
[17:30:06] [Server thread/TRACE] [creativecore/creativecore]: Sending event FMLPostInitializationEvent to mod creativecore
[17:30:06] [Server thread/TRACE] [creativecore/creativecore]: Sent event FMLPostInitializationEvent to mod creativecore
[17:30:06] [Server thread/DEBUG] [FML/]: Bar Step: PostInitialization - CreativeCore took 0.000s
[17:30:06] [Server thread/TRACE] [customnpcs/customnpcs]: Sending event FMLPostInitializationEvent to mod customnpcs
[17:30:06] [Server thread/TRACE] [customnpcs/customnpcs]: Sent event FMLPostInitializationEvent to mod customnpcs
[17:30:06] [Server thread/DEBUG] [FML/]: Bar Step: PostInitialization - CustomNPCs took 0.000s
[17:30:06] [Server thread/TRACE] [cyclopscore/cyclopscore]: Sending event FMLPostInitializationEvent to mod cyclopscore
[17:30:06] [Server thread/TRACE] [Cyclops Core/cyclopscore]: postInit()
[17:30:06] [Server thread/TRACE] [cyclopscore/cyclopscore]: Sent event FMLPostInitializationEvent to mod cyclopscore
[17:30:06] [Server thread/DEBUG] [FML/]: Bar Step: PostInitialization - Cyclops Core took 0.000s
[17:30:06] [Server thread/TRACE] [dailies/dailies]: Sending event FMLPostInitializationEvent to mod dailies
[17:30:06] [Server thread/TRACE] [dailies/dailies]: Sent event FMLPostInitializationEvent to mod dailies
[17:30:06] [Server thread/DEBUG] [FML/]: Bar Step: PostInitialization - Bailey's Dailies took 0.000s
[17:30:06] [Server thread/TRACE] [dmonsters/dmonsters]: Sending event FMLPostInitializationEvent to mod dmonsters
[17:30:06] [Server thread/TRACE] [dmonsters/dmonsters]: Sent event FMLPostInitializationEvent to mod dmonsters
[17:30:06] [Server thread/DEBUG] [FML/]: Bar Step: PostInitialization - Deadly Monsters took 0.001s
[17:30:06] [Server thread/TRACE] [dissolution/dissolution]: Sending event FMLPostInitializationEvent to mod dissolution
[17:30:06] [Server thread/TRACE] [dissolution/dissolution]: Sent event FMLPostInitializationEvent to mod dissolution
[17:30:06] [Server thread/DEBUG] [FML/]: Bar Step: PostInitialization - Dissolution took 0.000s
[17:30:06] [Server thread/TRACE] [dungeondq/dungeondq]: Sending event FMLPostInitializationEvent to mod dungeondq
[17:30:06] [Server thread/TRACE] [dungeondq/dungeondq]: Sent event FMLPostInitializationEvent to mod dungeondq
[17:30:06] [Server thread/DEBUG] [FML/]: Bar Step: PostInitialization - DungeonDQ took 0.000s
[17:30:06] [Server thread/TRACE] [evilcraft/evilcraft]: Sending event FMLPostInitializationEvent to mod evilcraft
[17:30:06] [Server thread/TRACE] [EvilCraft/evilcraft]: postInit()
[17:30:06] [Server thread/WARN] [EvilCraft/evilcraft]: Could not find a fluid by name 'blood' for a fluid converter config.
[17:30:06] [Server thread/WARN] [EvilCraft/evilcraft]: Could not find a fluid by name 'lifeessence' for a fluid converter config.
[17:30:06] [Server thread/WARN] [EvilCraft/evilcraft]: Could not find a fluid by name 'hell_blood' for a fluid converter config.
[17:30:06] [Server thread/TRACE] [EvilCraft/evilcraft]: Added entity class org.cyclops.evilcraft.entity.monster.Werewolf to the spirit blacklist.
[17:30:06] [Server thread/INFO] [EvilCraft/evilcraft]: Skipped adding entity by name 'intangible:soul' to the spirit blacklist, because it could not be found.
[17:30:06] [Server thread/TRACE] [EvilCraft/evilcraft]: Added entity class org.cyclops.evilcraft.entity.monster.VengeanceSpirit to the spirit blacklist.
[17:30:06] [Server thread/TRACE] [EvilCraft/evilcraft]: Added entity class org.cyclops.evilcraft.entity.monster.ControlledZombie to the spirit blacklist.
[17:30:06] [Server thread/TRACE] [EvilCraft/evilcraft]: Added entity class net.minecraft.entity.boss.EntityDragon to the spirit blacklist.
[17:30:06] [Server thread/INFO] [EvilCraft/evilcraft]: 1428 possible Broom base combinations are ready for flying!
[17:30:06] [Server thread/INFO] [EvilCraft/evilcraft]: 18 Broom modifiers can be applied!
[17:30:06] [Server thread/WARN] [EvilCraft/evilcraft]: Invalid item minecraft:dead_bush
[17:30:06] [Server thread/WARN] [EvilCraft/evilcraft]: The broom modifier evilcraft:witherer has no valid items
[17:30:06] [Server thread/WARN] [EvilCraft/evilcraft]: The broom modifier evilcraft:hungerer has no valid items
[17:30:06] [Server thread/WARN] [EvilCraft/evilcraft]: The broom modifier evilcraft:kamikaze has no valid items
[17:30:06] [Server thread/TRACE] [evilcraft/evilcraft]: Sent event FMLPostInitializationEvent to mod evilcraft
[17:30:06] [Server thread/DEBUG] [FML/]: Bar Step: PostInitialization - EvilCraft took 0.095s
[17:30:06] [Server thread/TRACE] [evilcraftcompat/evilcraftcompat]: Sending event FMLPostInitializationEvent to mod evilcraftcompat
[17:30:06] [Server thread/TRACE] [EvilCraft-Compat/evilcraftcompat]: postInit()
[17:30:06] [Server thread/TRACE] [evilcraftcompat/evilcraftcompat]: Sent event FMLPostInitializationEvent to mod evilcraftcompat
[17:30:06] [Server thread/DEBUG] [FML/]: Bar Step: PostInitialization - EvilCraft-Compat took 0.000s
[17:30:06] [Server thread/TRACE] [extrautils2/extrautils2]: Sending event FMLPostInitializationEvent to mod extrautils2
[17:30:06] [vampirism:SupporterManager/DEBUG] [vampirism/vampirism]: [SupporterManager]Supporters Vampires: [[wildbill as 'The powerful Bill' (15)], [mazdallier as 'Mazdallier' (0)], [bronzeshadow as 'Adrian DraxWind' (15)], [1LiterZinalco as 'Zin' (15)], [F_Spade as 'Marchioness Spade' (15)], [God_Seth_Big as 'The nightmarish Krab' (13)], [cournualllama2 as 'Cultist Courn' (15)], [Pizzacat4 as 'Crimson Cat' (3)], [S_olace as 'Sinister Solace' (15)], [Volqonah as 'Valorous Vol' (16)]] Hunters: [[mistadon as 'Dreaded Mistadon' (0)], [cheaterpaul as 'Paul the Hunter' (1)], [piklach as 'Pyromaniac Pik' (0)], [xXvPendragonvXx as 'Pendragon Helsing' (1)], [RebelT as 'Marcus Walker' (2)], [Twig_Sunshine as 'Terrible Twig' (0)], [ElectricEvader as 'Vampire Evader' (1)], [teri_berry as 'Imperial Teri' (1)], [Lunarifish as 'Luminous Luna' (1)], [LilCatGod as 'Commander Sam' (1)]]
[17:30:06] [Thread-14/INFO] [teamlapen-lib/vampirism]: [VersionChecker]Found new version Version{main=1, major=2, minor=9, type=RELEASE, name='1.2.9', url='https://minecraft.curseforge.com/projects/vampirism-become-a-vampire/files/2555244'}
[17:30:06] [Server thread/TRACE] [extrautils2/extrautils2]: Sent event FMLPostInitializationEvent to mod extrautils2
[17:30:06] [Server thread/DEBUG] [FML/]: Bar Step: PostInitialization - extrautils2 took 0.077s
[17:30:06] [Server thread/TRACE] [fairylights/fairylights]: Sending event FMLPostInitializationEvent to mod fairylights
[17:30:06] [Server thread/TRACE] [fairylights/fairylights]: Sent event FMLPostInitializationEvent to mod fairylights
[17:30:06] [Server thread/DEBUG] [FML/]: Bar Step: PostInitialization - Fairy Lights took 0.000s
[17:30:06] [Server thread/TRACE] [llibrary/llibrary]: Sending event FMLPostInitializationEvent to mod llibrary
[17:30:06] [Server thread/TRACE] [llibrary/llibrary]: Sent event FMLPostInitializationEvent to mod llibrary
[17:30:06] [Server thread/DEBUG] [FML/]: Bar Step: PostInitialization - LLibrary took 0.000s
[17:30:06] [Server thread/TRACE] [iceandfire/iceandfire]: Sending event FMLPostInitializationEvent to mod iceandfire
[17:30:06] [Server thread/TRACE] [iceandfire/iceandfire]: Sent event FMLPostInitializationEvent to mod iceandfire
[17:30:06] [Server thread/DEBUG] [FML/]: Bar Step: PostInitialization - Ice and Fire took 0.000s
[17:30:06] [Server thread/TRACE] [jei/jei]: Sending event FMLPostInitializationEvent to mod jei
[17:30:06] [Server thread/TRACE] [jei/jei]: Sent event FMLPostInitializationEvent to mod jei
[17:30:06] [Server thread/DEBUG] [FML/]: Bar Step: PostInitialization - Just Enough Items took 0.000s
[17:30:06] [Server thread/TRACE] [journeymap/journeymap]: Sending event FMLPostInitializationEvent to mod journeymap
[17:30:06] [Server thread/TRACE] [journeymap/journeymap]: Sent event FMLPostInitializationEvent to mod journeymap
[17:30:06] [Server thread/DEBUG] [FML/]: Bar Step: PostInitialization - JourneyMap took 0.000s
[17:30:06] [Server thread/TRACE] [subcommonlib/subcommonlib]: Sending event FMLPostInitializationEvent to mod subcommonlib
[17:30:06] [Server thread/TRACE] [subcommonlib/subcommonlib]: Sent event FMLPostInitializationEvent to mod subcommonlib
[17:30:06] [Server thread/DEBUG] [FML/]: Bar Step: PostInitialization - Subaraki's Common Library took 0.000s
[17:30:06] [Server thread/TRACE] [fashion/fashion]: Sending event FMLPostInitializationEvent to mod fashion
[17:30:06] [Server thread/TRACE] [fashion/fashion]: Sent event FMLPostInitializationEvent to mod fashion
[17:30:06] [Server thread/DEBUG] [FML/]: Bar Step: PostInitialization - fashion mod took 0.000s
[17:30:06] [Server thread/TRACE] [malisiscore/malisiscore]: Sending event FMLPostInitializationEvent to mod malisiscore
[17:30:06] [Server thread/TRACE] [malisiscore/malisiscore]: Sent event FMLPostInitializationEvent to mod malisiscore
[17:30:06] [Server thread/DEBUG] [FML/]: Bar Step: PostInitialization - MalisisCore took 0.000s
[17:30:06] [Server thread/TRACE] [malisisdoors/malisisdoors]: Sending event FMLPostInitializationEvent to mod malisisdoors
[17:30:06] [Server thread/TRACE] [malisisdoors/malisisdoors]: Sent event FMLPostInitializationEvent to mod malisisdoors
[17:30:06] [Server thread/DEBUG] [FML/]: Bar Step: PostInitialization - MalisisDoors took 0.000s
[17:30:06] [Server thread/TRACE] [minions/minions]: Sending event FMLPostInitializationEvent to mod minions
[17:30:06] [Server thread/TRACE] [minions/minions]: Sent event FMLPostInitializationEvent to mod minions
[17:30:06] [Server thread/DEBUG] [FML/]: Bar Step: PostInitialization - Minions took 0.003s
[17:30:06] [Server thread/TRACE] [mobtotems/mobtotems]: Sending event FMLPostInitializationEvent to mod mobtotems
[17:30:06] [Server thread/TRACE] [mobtotems/mobtotems]: Sent event FMLPostInitializationEvent to mod mobtotems
[17:30:06] [Server thread/DEBUG] [FML/]: Bar Step: PostInitialization - Mob Totems took 0.000s
[17:30:06] [Server thread/TRACE] [mowziesmobs/mowziesmobs]: Sending event FMLPostInitializationEvent to mod mowziesmobs
[17:30:06] [Server thread/TRACE] [mowziesmobs/mowziesmobs]: Sent event FMLPostInitializationEvent to mod mowziesmobs
[17:30:06] [Server thread/DEBUG] [FML/]: Bar Step: PostInitialization - Mowzie's Mobs took 0.047s
[17:30:06] [Server thread/TRACE] [netherportalfix/netherportalfix]: Sending event FMLPostInitializationEvent to mod netherportalfix
[17:30:06] [Server thread/TRACE] [netherportalfix/netherportalfix]: Sent event FMLPostInitializationEvent to mod netherportalfix
[17:30:06] [Server thread/DEBUG] [FML/]: Bar Step: PostInitialization - NetherPortalFix took 0.000s
[17:30:06] [Server thread/TRACE] [nei/nei]: Sending event FMLPostInitializationEvent to mod nei
[17:30:06] [Server thread/TRACE] [nei/nei]: Sent event FMLPostInitializationEvent to mod nei
[17:30:06] [Server thread/DEBUG] [FML/]: Bar Step: PostInitialization - Not Enough Items took 0.000s
[17:30:06] [Server thread/TRACE] [personalcars/personalcars]: Sending event FMLPostInitializationEvent to mod personalcars
[17:30:06] [Server thread/TRACE] [personalcars/personalcars]: Sent event FMLPostInitializationEvent to mod personalcars
[17:30:06] [Server thread/DEBUG] [FML/]: Bar Step: PostInitialization - Personal Cars took 0.000s
[17:30:06] [Server thread/TRACE] [placeableitems/placeableitems]: Sending event FMLPostInitializationEvent to mod placeableitems
[17:30:06] [Server thread/TRACE] [placeableitems/placeableitems]: Sent event FMLPostInitializationEvent to mod placeableitems
[17:30:06] [Server thread/DEBUG] [FML/]: Bar Step: PostInitialization - Placeable Items Mod took 0.000s
[17:30:06] [Server thread/TRACE] [sophisticatedwolves/sophisticatedwolves]: Sending event FMLPostInitializationEvent to mod sophisticatedwolves
[17:30:06] [Server thread/TRACE] [sophisticatedwolves/sophisticatedwolves]: Sent event FMLPostInitializationEvent to mod sophisticatedwolves
[17:30:06] [Server thread/DEBUG] [FML/]: Bar Step: PostInitialization - Sophisticated Wolves took 0.001s
[17:30:06] [Server thread/TRACE] [totemic/totemic]: Sending event FMLPostInitializationEvent to mod totemic
[17:30:06] [Server thread/INFO] [Totemic/totemic]: Totemic is entering postinitialization stage
[17:30:06] [Server thread/TRACE] [totemic/totemic]: Sent event FMLPostInitializationEvent to mod totemic
[17:30:06] [Server thread/DEBUG] [FML/]: Bar Step: PostInitialization - Totemic took 0.000s
[17:30:06] [Server thread/TRACE] [umbralux/umbralux]: Sending event FMLPostInitializationEvent to mod umbralux
[17:30:06] [Server thread/TRACE] [umbralux/umbralux]: Sent event FMLPostInitializationEvent to mod umbralux
[17:30:06] [Server thread/DEBUG] [FML/]: Bar Step: PostInitialization - Umbra - Lux Addon for Rpg Inventory took 0.000s
[17:30:06] [Server thread/TRACE] [vampirism/vampirism]: Sending event FMLPostInitializationEvent to mod vampirism
[17:30:06] [Server thread/INFO] [vampirism/vampirism]: [VampirismEntityRegistry] Registering convertible net.minecraft.entity.passive.EntityOcelot with blood 5 and handler null
[17:30:06] [Server thread/INFO] [vampirism/vampirism]: [VampirismEntityRegistry] Registering convertible net.minecraft.entity.monster.EntityPolarBear with blood 10 and handler null
[17:30:06] [Server thread/INFO] [vampirism/vampirism]: [VampirismEntityRegistry] Registering convertible net.minecraft.entity.passive.EntityVillager with blood 15 and handler de.teamlapen.vampirism.entity.converted.EntityConvertedVillager$ConvertingHandler@37a76430
[17:30:06] [Server thread/INFO] [vampirism/vampirism]: [VampirismEntityRegistry] Registering convertible net.minecraft.entity.passive.EntityPig with blood 5 and handler null
[17:30:06] [Server thread/INFO] [vampirism/vampirism]: [VampirismEntityRegistry] Registering convertible net.minecraft.entity.passive.EntityCow with blood 10 and handler null
[17:30:06] [Server thread/INFO] [vampirism/vampirism]: [VampirismEntityRegistry] Registering convertible net.minecraft.entity.passive.EntitySheep with blood 5 and handler de.teamlapen.vampirism.entity.converted.EntityConvertedSheep$ConvertingHandler@5155fafd
[17:30:06] [Server thread/INFO] [vampirism/vampirism]: [VampirismEntityRegistry] Registering convertible net.minecraft.entity.passive.EntityLlama with blood 8 and handler null
[17:30:06] [Server thread/INFO] [vampirism/vampirism]: [VampirismEntityRegistry] Registering convertible net.minecraft.entity.passive.EntityRabbit with blood 2 and handler null
[17:30:06] [Server thread/INFO] [vampirism/vampirism]: [VampirismEntityRegistry] Registering convertible net.minecraft.entity.passive.EntityHorse with blood 10 and handler null
[17:30:06] [Server thread/TRACE] [vampirism/vampirism]: Sent event FMLPostInitializationEvent to mod vampirism
[17:30:06] [Server thread/DEBUG] [FML/]: Bar Step: PostInitialization - Vampirism took 0.003s
[17:30:06] [Server thread/TRACE] [teamlapen-lib/teamlapen-lib]: Sending event FMLPostInitializationEvent to mod teamlapen-lib
[17:30:06] [Server thread/TRACE] [teamlapen-lib/teamlapen-lib]: Sent event FMLPostInitializationEvent to mod teamlapen-lib
[17:30:06] [Server thread/DEBUG] [FML/]: Bar Step: PostInitialization - TeamLapen Library took 0.004s
[17:30:06] [Server thread/TRACE] [waila/waila]: Sending event FMLPostInitializationEvent to mod waila
[17:30:06] [Server thread/TRACE] [waila/waila]: Sent event FMLPostInitializationEvent to mod waila
[17:30:06] [Server thread/DEBUG] [FML/]: Bar Step: PostInitialization - waila took 0.002s
[17:30:06] [Server thread/TRACE] [air_support/air_support]: Sending event FMLPostInitializationEvent to mod air_support
[17:30:06] [Server thread/TRACE] [air_support/air_support]: Sent event FMLPostInitializationEvent to mod air_support
[17:30:06] [Server thread/DEBUG] [FML/]: Bar Step: PostInitialization - air_support took 0.002s
[17:30:06] [Server thread/DEBUG] [FML/]: Bar Finished: PostInitialization took 0.245s
[17:30:06] [Server thread/TRACE] [minecraft/minecraft]: Sending event FMLLoadCompleteEvent to mod minecraft
[17:30:06] [Server thread/TRACE] [minecraft/minecraft]: Sent event FMLLoadCompleteEvent to mod minecraft
[17:30:06] [Server thread/DEBUG] [FML/]: Bar Step: LoadComplete - Minecraft took 0.000s
[17:30:06] [Server thread/TRACE] [mcp/mcp]: Sending event FMLLoadCompleteEvent to mod mcp
[17:30:06] [Server thread/TRACE] [mcp/mcp]: Sent event FMLLoadCompleteEvent to mod mcp
[17:30:06] [Server thread/DEBUG] [FML/]: Bar Step: LoadComplete - Minecraft Coder Pack took 0.000s
[17:30:06] [Server thread/TRACE] [FML/FML]: Sending event FMLLoadCompleteEvent to mod FML
[17:30:06] [Server thread/TRACE] [FML/FML]: Sent event FMLLoadCompleteEvent to mod FML
[17:30:06] [Server thread/DEBUG] [FML/]: Bar Step: LoadComplete - Forge Mod Loader took 0.000s
[17:30:06] [Server thread/TRACE] [forge/forge]: Sending event FMLLoadCompleteEvent to mod forge
[17:30:06] [Server thread/DEBUG] [FML/forge]: Forge RecipeSorter Baking:
[17:30:06] [Server thread/DEBUG] [FML/forge]:   53: RecipeEntry("Before", UNKNOWN, )
[17:30:06] [Server thread/DEBUG] [FML/forge]:   52: RecipeEntry("minecraft:shaped", SHAPED, net.minecraft.item.crafting.ShapedRecipes) Before: minecraft:shapeless
[17:30:06] [Server thread/DEBUG] [FML/forge]:   51: RecipeEntry("minecraft:mapextending", SHAPED, net.minecraft.item.crafting.RecipesMapExtending) Before: minecraft:shapeless After: minecraft:shaped
[17:30:06] [Server thread/DEBUG] [FML/forge]:   50: RecipeEntry("forge:shapedore", SHAPED, net.minecraftforge.oredict.ShapedOreRecipe) Before: minecraft:shapeless After: minecraft:shaped
[17:30:06] [Server thread/DEBUG] [FML/forge]:   49: RecipeEntry("minecraft:shapeless", SHAPELESS, net.minecraft.item.crafting.ShapelessRecipes) After: minecraft:shaped
[17:30:06] [Server thread/DEBUG] [FML/forge]:   48: RecipeEntry("forge:shapelessore", SHAPELESS, net.minecraftforge.oredict.ShapelessOreRecipe) After: minecraft:shapeless
[17:30:06] [Server thread/DEBUG] [FML/forge]:   47: RecipeEntry("extrautils2:XUShapelessRecipeClearNBT", SHAPELESS, com.rwtema.extrautils2.crafting.XUShapelessRecipeClearNBT) Before: extrautils2:alwaysLastShapeless After: forge:shapelessore
[17:30:06] [Server thread/DEBUG] [FML/forge]:   46: RecipeEntry("minecraft:fireworks", SHAPELESS, net.minecraft.item.crafting.RecipeFireworks) After: minecraft:shapeless
[17:30:06] [Server thread/DEBUG] [FML/forge]:   45: RecipeEntry("evilcraftobservableshaped", SHAPELESS, org.cyclops.cyclopscore.recipe.event.ObservableShapedRecipe) After: forge:shapedore
[17:30:06] [Server thread/DEBUG] [FML/forge]:   44: RecipeEntry("evilcraftcompatobservableshapeless", SHAPELESS, org.cyclops.cyclopscore.recipe.event.ObservableShapelessRecipe) After: forge:shapelessore
[17:30:06] [Server thread/DEBUG] [FML/forge]:   43: RecipeEntry("extrautils2:AnvilRecipe", SHAPED, com.rwtema.extrautils2.crafting.AnvilRecipe) After: forge:shapedore
[17:30:06] [Server thread/DEBUG] [FML/forge]:   42: RecipeEntry("animania:cheesewedgeholstein", SHAPELESS, com.animania.common.recipes.CheeseRecipe3) After: minecraft:shapeless
[17:30:06] [Server thread/DEBUG] [FML/forge]:   41: RecipeEntry("evilcraftshaped_nbtsensitive", SHAPED, org.cyclops.cyclopscore.recipe.ShapedOreRecipeNbtSensitive) After: forge:shapedore
[17:30:06] [Server thread/DEBUG] [FML/forge]:   40: RecipeEntry("animania:milkconversion", SHAPELESS, com.animania.common.recipes.MilkConversionRecipe) After: minecraft:shapeless
[17:30:06] [Server thread/DEBUG] [FML/forge]:   39: RecipeEntry("evilcraftbroomcombination", SHAPELESS, org.cyclops.evilcraft.core.recipe.BroomPartCombinationRecipe) After: forge:shapedore
[17:30:06] [Server thread/DEBUG] [FML/forge]:   38: RecipeEntry("evilcraftcompatshaped_nbtsensitive", SHAPED, org.cyclops.cyclopscore.recipe.ShapedOreRecipeNbtSensitive) After: forge:shapedore
[17:30:06] [Server thread/DEBUG] [FML/forge]:   37: RecipeEntry("evilcraftdisplaystand", SHAPED, org.cyclops.evilcraft.core.recipe.DisplayStandRecipe) After: forge:shapedore
[17:30:06] [Server thread/DEBUG] [FML/forge]:   36: RecipeEntry("extrautils2:XUShapedRecipe", SHAPED, com.rwtema.extrautils2.compatibility.XUShapedRecipe) After: forge:shapedore
[17:30:06] [Server thread/DEBUG] [FML/forge]:   35: RecipeEntry("evilcraftshapeless_nbtsensitive", SHAPELESS, org.cyclops.cyclopscore.recipe.ShapelessOreRecipeNbtSensitive) After: forge:shapedore
[17:30:06] [Server thread/DEBUG] [FML/forge]:   34: RecipeEntry("animania:cheesewedgefriesian", SHAPELESS, com.animania.common.recipes.CheeseRecipe4) After: minecraft:shapeless
[17:30:06] [Server thread/DEBUG] [FML/forge]:   33: RecipeEntry("minecraft:pattern_add", SHAPELESS, net.minecraft.item.crafting.RecipesBanners$RecipeAddPattern) After: minecraft:shapeless
[17:30:06] [Server thread/DEBUG] [FML/forge]:   32: RecipeEntry("extrautils2:EnchantRecipe", SHAPELESS, com.rwtema.extrautils2.crafting.EnchantRecipe) After: forge:shapelessore
[17:30:06] [Server thread/DEBUG] [FML/forge]:   31: RecipeEntry("evilcraftobservableshapeless", SHAPELESS, org.cyclops.cyclopscore.recipe.event.ObservableShapelessRecipe) After: forge:shapelessore
[17:30:06] [Server thread/DEBUG] [FML/forge]:   30: RecipeEntry("minecraft:repair", SHAPELESS, net.minecraft.item.crafting.RecipeRepairItem) After: minecraft:shapeless
[17:30:06] [Server thread/DEBUG] [FML/forge]:   29: RecipeEntry("minecraft:shield_deco", SHAPELESS, net.minecraft.item.crafting.ShieldRecipes$Decoration) After: minecraft:shapeless
[17:30:06] [Server thread/DEBUG] [FML/forge]:   28: RecipeEntry("vampirism:shapelessFillCrossbow", SHAPELESS, de.teamlapen.vampirism.items.ItemTechCrossbow$ShapelessFillRecipe) After: minecraft:shapeless
[17:30:06] [Server thread/DEBUG] [FML/forge]:   27: RecipeEntry("evilcraftcompatshapeless_nbtsensitive", SHAPELESS, org.cyclops.cyclopscore.recipe.ShapelessOreRecipeNbtSensitive) After: forge:shapedore
[17:30:06] [Server thread/DEBUG] [FML/forge]:   26: RecipeEntry("animania:cheesewedgegoat", SHAPELESS, com.animania.common.recipes.CheeseRecipe6) After: minecraft:shapeless
[17:30:06] [Server thread/DEBUG] [FML/forge]:   25: RecipeEntry("minecraft:pattern_dupe", SHAPELESS, net.minecraft.item.crafting.RecipesBanners$RecipeDuplicatePattern) After: minecraft:shapeless
[17:30:06] [Server thread/DEBUG] [FML/forge]:   24: RecipeEntry("extrautils2:UpgradeRecipe", SHAPED, com.rwtema.extrautils2.crafting.UpgradeRecipe) After: forge:shapedore
[17:30:06] [Server thread/DEBUG] [FML/forge]:   23: RecipeEntry("bibliocraft:shapedframedwood", SHAPED, jds.bibliocraft.helpers.RecipeBiblioFramedWood)
[17:30:06] [Server thread/DEBUG] [FML/forge]:   22: RecipeEntry("evilcraftcompatobservableshaped", SHAPELESS, org.cyclops.cyclopscore.recipe.event.ObservableShapedRecipe) After: forge:shapedore
[17:30:06] [Server thread/DEBUG] [FML/forge]:   21: RecipeEntry("bibliocraft:shapelessframedwood", SHAPELESS, jds.bibliocraft.helpers.RecipeShapelessFramedWood)
[17:30:06] [Server thread/DEBUG] [FML/forge]:   20: RecipeEntry("minecraft:bookcloning", SHAPELESS, net.minecraft.item.crafting.RecipeBookCloning) After: minecraft:shapeless
[17:30:06] [Server thread/DEBUG] [FML/forge]:   19: RecipeEntry("evilcraftcontainercombination", SHAPELESS, org.cyclops.evilcraft.core.recipe.ItemBlockFluidContainerCombinationRecipe) After: forge:shapedore
[17:30:06] [Server thread/DEBUG] [FML/forge]:   18: RecipeEntry("minecraft:armordyes", SHAPELESS, net.minecraft.item.crafting.RecipesArmorDyes) After: minecraft:shapeless
[17:30:06] [Server thread/DEBUG] [FML/forge]:   17: RecipeEntry("bibliocraft:specialrecipes", SHAPED, jds.bibliocraft.helpers.RecipeBiblioAtlas)
[17:30:06] [Server thread/DEBUG] [FML/forge]:   16: RecipeEntry("animania:cheesewedgesheep", SHAPELESS, com.animania.common.recipes.CheeseRecipe8) After: minecraft:shapeless
[17:30:06] [Server thread/DEBUG] [FML/forge]:   15: RecipeEntry("evilcraftbloodextractorcombination", SHAPELESS, org.cyclops.evilcraft.core.recipe.BloodExtractorCombinationRecipe) After: forge:shapedore
[17:30:06] [Server thread/DEBUG] [FML/forge]:   14: RecipeEntry("extrautils2:alwaysLastShaped", SHAPELESS, com.rwtema.extrautils2.crafting.AlwaysLast$XUShapedRecipeAlwaysLast) After: minecraft:shaped, minecraft:shapeless, forge:shapedore, forge:shapelessore, minecraft:repair, minecraft:pattern_add, minecraft:mapextending, minecraft:armordyes, minecraft:fireworks, minecraft:bookcloning
[17:30:06] [Server thread/DEBUG] [FML/forge]:   13: RecipeEntry("minecraft:tippedarrow", SHAPELESS, net.minecraft.item.crafting.RecipeTippedArrow) After: minecraft:shapeless
[17:30:06] [Server thread/DEBUG] [FML/forge]:   12: RecipeEntry("extrautils2:XUShapelessRecipe", SHAPELESS, com.rwtema.extrautils2.compatibility.XUShapelessRecipe) Before: extrautils2:alwaysLastShapeless After: forge:shapelessore
[17:30:06] [Server thread/DEBUG] [FML/forge]:   11: RecipeEntry("minecraft:mapcloning", SHAPELESS, net.minecraft.item.crafting.RecipesMapCloning) After: minecraft:shapeless
[17:30:06] [Server thread/DEBUG] [FML/forge]:   10: RecipeEntry("malisisdoors:bigdoorsrecipe", SHAPELESS, net.malisis.doors.recipe.BigDoorRecipe) After: minecraft:shapeless
[17:30:06] [Server thread/DEBUG] [FML/forge]:   9: RecipeEntry("animania:bucketslop3", SHAPELESS, com.animania.common.recipes.SlopBucketRecipe3) After: minecraft:shapeless
[17:30:06] [Server thread/DEBUG] [FML/forge]:   8: RecipeEntry("animania:bucketslop2", SHAPELESS, com.animania.common.recipes.SlopBucketRecipe2) After: minecraft:shapeless
[17:30:06] [Server thread/DEBUG] [FML/forge]:   7: RecipeEntry("animania:bucketslop1", SHAPELESS, com.animania.common.recipes.SlopBucketRecipe1) After: minecraft:shapeless
[17:30:06] [Server thread/DEBUG] [FML/forge]:   6: RecipeEntry("extrautils2:alwaysLastShapeless", SHAPELESS, com.rwtema.extrautils2.crafting.AlwaysLast$XUShapedRecipeAlwaysLast) After: minecraft:shaped, minecraft:shapeless, forge:shapedore, forge:shapelessore, minecraft:repair, minecraft:pattern_add, minecraft:mapextending, minecraft:armordyes, minecraft:fireworks, minecraft:bookcloning
[17:30:06] [Server thread/DEBUG] [FML/forge]:   5: RecipeEntry("animania:bucketslop6", SHAPELESS, com.animania.common.recipes.SlopBucketRecipe6) After: minecraft:shapeless
[17:30:06] [Server thread/DEBUG] [FML/forge]:   4: RecipeEntry("animania:bucketslop5", SHAPELESS, com.animania.common.recipes.SlopBucketRecipe5) After: minecraft:shapeless
[17:30:06] [Server thread/DEBUG] [FML/forge]:   3: RecipeEntry("animania:bucketslop4", SHAPELESS, com.animania.common.recipes.SlopBucketRecipe4) After: minecraft:shapeless
[17:30:06] [Server thread/DEBUG] [FML/forge]:   2: RecipeEntry("fairylights:generic", SHAPED, com.pau101.fairylights.util.crafting.GenericRecipe) After: minecraft:shaped
[17:30:06] [Server thread/DEBUG] [FML/forge]:   1: RecipeEntry("After", UNKNOWN, )
[17:30:06] [Server thread/DEBUG] [FML/forge]: Sorting recipes
[17:30:06] [Server thread/TRACE] [forge/forge]: Sent event FMLLoadCompleteEvent to mod forge
[17:30:06] [Server thread/DEBUG] [FML/]: Bar Step: LoadComplete - Minecraft Forge took 0.015s
[17:30:06] [Server thread/TRACE] [creativecoredummy/creativecoredummy]: Sending event FMLLoadCompleteEvent to mod creativecoredummy
[17:30:06] [Server thread/TRACE] [creativecoredummy/creativecoredummy]: Sent event FMLLoadCompleteEvent to mod creativecoredummy
[17:30:06] [Server thread/DEBUG] [FML/]: Bar Step: LoadComplete - CreativeCoreDummy took 0.000s
[17:30:06] [Server thread/TRACE] [itemphysic/itemphysic]: Sending event FMLLoadCompleteEvent to mod itemphysic
[17:30:06] [Server thread/TRACE] [itemphysic/itemphysic]: Sent event FMLLoadCompleteEvent to mod itemphysic
[17:30:06] [Server thread/DEBUG] [FML/]: Bar Step: LoadComplete - ItemPhysic took 0.000s
[17:30:06] [Server thread/TRACE] [forgeendertech/forgeendertech]: Sending event FMLLoadCompleteEvent to mod forgeendertech
[17:30:06] [Server thread/TRACE] [forgeendertech/forgeendertech]: Sent event FMLLoadCompleteEvent to mod forgeendertech
[17:30:06] [Server thread/DEBUG] [FML/]: Bar Step: LoadComplete - Forge Endertech took 0.000s
[17:30:06] [Server thread/TRACE] [adhooks/adhooks]: Sending event FMLLoadCompleteEvent to mod adhooks
[17:30:06] [Server thread/TRACE] [adhooks/adhooks]: Sent event FMLLoadCompleteEvent to mod adhooks
[17:30:06] [Server thread/DEBUG] [FML/]: Bar Step: LoadComplete - Advanced Hook Launchers took 0.000s
[17:30:06] [Server thread/TRACE] [craftstudioapi/craftstudioapi]: Sending event FMLLoadCompleteEvent to mod craftstudioapi
[17:30:06] [Server thread/TRACE] [craftstudioapi/craftstudioapi]: Sent event FMLLoadCompleteEvent to mod craftstudioapi
[17:30:06] [Server thread/DEBUG] [FML/]: Bar Step: LoadComplete - CraftStudio API took 0.000s
[17:30:06] [Server thread/TRACE] [animania/animania]: Sending event FMLLoadCompleteEvent to mod animania
[17:30:06] [Server thread/TRACE] [animania/animania]: Sent event FMLLoadCompleteEvent to mod animania
[17:30:06] [Server thread/DEBUG] [FML/]: Bar Step: LoadComplete - Animania took 0.000s
[17:30:06] [Server thread/TRACE] [bibliocraft/bibliocraft]: Sending event FMLLoadCompleteEvent to mod bibliocraft
[17:30:06] [Server thread/TRACE] [bibliocraft/bibliocraft]: Sent event FMLLoadCompleteEvent to mod bibliocraft
[17:30:06] [Server thread/DEBUG] [FML/]: Bar Step: LoadComplete - BiblioCraft took 0.000s
[17:30:06] [Server thread/TRACE] [codechickenlib/codechickenlib]: Sending event FMLLoadCompleteEvent to mod codechickenlib
[17:30:06] [Server thread/TRACE] [codechickenlib/codechickenlib]: Sent event FMLLoadCompleteEvent to mod codechickenlib
[17:30:06] [Server thread/DEBUG] [FML/]: Bar Step: LoadComplete - CodeChicken Lib took 0.000s
[17:30:06] [Server thread/TRACE] [creativecore/creativecore]: Sending event FMLLoadCompleteEvent to mod creativecore
[17:30:06] [Server thread/TRACE] [creativecore/creativecore]: Sent event FMLLoadCompleteEvent to mod creativecore
[17:30:06] [Server thread/DEBUG] [FML/]: Bar Step: LoadComplete - CreativeCore took 0.000s
[17:30:06] [Server thread/TRACE] [customnpcs/customnpcs]: Sending event FMLLoadCompleteEvent to mod customnpcs
[17:30:06] [Server thread/TRACE] [customnpcs/customnpcs]: Sent event FMLLoadCompleteEvent to mod customnpcs
[17:30:06] [Server thread/DEBUG] [FML/]: Bar Step: LoadComplete - CustomNPCs took 0.000s
[17:30:06] [Server thread/TRACE] [cyclopscore/cyclopscore]: Sending event FMLLoadCompleteEvent to mod cyclopscore
[17:30:06] [Server thread/TRACE] [cyclopscore/cyclopscore]: Sent event FMLLoadCompleteEvent to mod cyclopscore
[17:30:06] [Server thread/DEBUG] [FML/]: Bar Step: LoadComplete - Cyclops Core took 0.000s
[17:30:06] [Server thread/TRACE] [dailies/dailies]: Sending event FMLLoadCompleteEvent to mod dailies
[17:30:06] [Server thread/TRACE] [dailies/dailies]: Sent event FMLLoadCompleteEvent to mod dailies
[17:30:06] [Server thread/DEBUG] [FML/]: Bar Step: LoadComplete - Bailey's Dailies took 0.000s
[17:30:06] [Server thread/TRACE] [dmonsters/dmonsters]: Sending event FMLLoadCompleteEvent to mod dmonsters
[17:30:06] [Server thread/TRACE] [dmonsters/dmonsters]: Sent event FMLLoadCompleteEvent to mod dmonsters
[17:30:06] [Server thread/DEBUG] [FML/]: Bar Step: LoadComplete - Deadly Monsters took 0.000s
[17:30:06] [Server thread/TRACE] [dissolution/dissolution]: Sending event FMLLoadCompleteEvent to mod dissolution
[17:30:06] [Server thread/TRACE] [dissolution/dissolution]: Sent event FMLLoadCompleteEvent to mod dissolution
[17:30:06] [Server thread/DEBUG] [FML/]: Bar Step: LoadComplete - Dissolution took 0.000s
[17:30:06] [Server thread/TRACE] [dungeondq/dungeondq]: Sending event FMLLoadCompleteEvent to mod dungeondq
[17:30:06] [Server thread/TRACE] [dungeondq/dungeondq]: Sent event FMLLoadCompleteEvent to mod dungeondq
[17:30:06] [Server thread/DEBUG] [FML/]: Bar Step: LoadComplete - DungeonDQ took 0.000s
[17:30:06] [Server thread/TRACE] [evilcraft/evilcraft]: Sending event FMLLoadCompleteEvent to mod evilcraft
[17:30:06] [Server thread/TRACE] [evilcraft/evilcraft]: Sent event FMLLoadCompleteEvent to mod evilcraft
[17:30:06] [Server thread/DEBUG] [FML/]: Bar Step: LoadComplete - EvilCraft took 0.000s
[17:30:06] [Server thread/TRACE] [evilcraftcompat/evilcraftcompat]: Sending event FMLLoadCompleteEvent to mod evilcraftcompat
[17:30:06] [Server thread/TRACE] [evilcraftcompat/evilcraftcompat]: Sent event FMLLoadCompleteEvent to mod evilcraftcompat
[17:30:06] [Server thread/DEBUG] [FML/]: Bar Step: LoadComplete - EvilCraft-Compat took 0.000s
[17:30:06] [Server thread/TRACE] [extrautils2/extrautils2]: Sending event FMLLoadCompleteEvent to mod extrautils2
[17:30:06] [Server thread/TRACE] [extrautils2/extrautils2]: Sent event FMLLoadCompleteEvent to mod extrautils2
[17:30:06] [Server thread/DEBUG] [FML/]: Bar Step: LoadComplete - extrautils2 took 0.000s
[17:30:06] [Server thread/TRACE] [fairylights/fairylights]: Sending event FMLLoadCompleteEvent to mod fairylights
[17:30:06] [Server thread/TRACE] [fairylights/fairylights]: Sent event FMLLoadCompleteEvent to mod fairylights
[17:30:06] [Server thread/DEBUG] [FML/]: Bar Step: LoadComplete - Fairy Lights took 0.000s
[17:30:06] [Server thread/TRACE] [llibrary/llibrary]: Sending event FMLLoadCompleteEvent to mod llibrary
[17:30:06] [Server thread/TRACE] [llibrary/llibrary]: Sent event FMLLoadCompleteEvent to mod llibrary
[17:30:06] [Server thread/DEBUG] [FML/]: Bar Step: LoadComplete - LLibrary took 0.000s
[17:30:06] [Server thread/TRACE] [iceandfire/iceandfire]: Sending event FMLLoadCompleteEvent to mod iceandfire
[17:30:06] [Server thread/TRACE] [iceandfire/iceandfire]: Sent event FMLLoadCompleteEvent to mod iceandfire
[17:30:06] [Server thread/DEBUG] [FML/]: Bar Step: LoadComplete - Ice and Fire took 0.000s
[17:30:06] [Server thread/TRACE] [jei/jei]: Sending event FMLLoadCompleteEvent to mod jei
[17:30:06] [Server thread/TRACE] [jei/jei]: Sent event FMLLoadCompleteEvent to mod jei
[17:30:06] [Server thread/DEBUG] [FML/]: Bar Step: LoadComplete - Just Enough Items took 0.000s
[17:30:06] [Server thread/TRACE] [journeymap/journeymap]: Sending event FMLLoadCompleteEvent to mod journeymap
[17:30:06] [Server thread/TRACE] [journeymap/journeymap]: Sent event FMLLoadCompleteEvent to mod journeymap
[17:30:06] [Server thread/DEBUG] [FML/]: Bar Step: LoadComplete - JourneyMap took 0.000s
[17:30:06] [Server thread/TRACE] [subcommonlib/subcommonlib]: Sending event FMLLoadCompleteEvent to mod subcommonlib
[17:30:06] [Server thread/TRACE] [subcommonlib/subcommonlib]: Sent event FMLLoadCompleteEvent to mod subcommonlib
[17:30:06] [Server thread/DEBUG] [FML/]: Bar Step: LoadComplete - Subaraki's Common Library took 0.000s
[17:30:06] [Server thread/TRACE] [fashion/fashion]: Sending event FMLLoadCompleteEvent to mod fashion
[17:30:06] [Server thread/TRACE] [fashion/fashion]: Sent event FMLLoadCompleteEvent to mod fashion
[17:30:06] [Server thread/DEBUG] [FML/]: Bar Step: LoadComplete - fashion mod took 0.000s
[17:30:06] [Server thread/TRACE] [malisiscore/malisiscore]: Sending event FMLLoadCompleteEvent to mod malisiscore
[17:30:06] [Server thread/TRACE] [malisiscore/malisiscore]: Sent event FMLLoadCompleteEvent to mod malisiscore
[17:30:06] [Server thread/DEBUG] [FML/]: Bar Step: LoadComplete - MalisisCore took 0.000s
[17:30:06] [Server thread/TRACE] [malisisdoors/malisisdoors]: Sending event FMLLoadCompleteEvent to mod malisisdoors
[17:30:06] [Server thread/TRACE] [malisisdoors/malisisdoors]: Sent event FMLLoadCompleteEvent to mod malisisdoors
[17:30:06] [Server thread/DEBUG] [FML/]: Bar Step: LoadComplete - MalisisDoors took 0.000s
[17:30:06] [Server thread/TRACE] [minions/minions]: Sending event FMLLoadCompleteEvent to mod minions
[17:30:06] [Server thread/TRACE] [minions/minions]: Sent event FMLLoadCompleteEvent to mod minions
[17:30:06] [Server thread/DEBUG] [FML/]: Bar Step: LoadComplete - Minions took 0.000s
[17:30:06] [Server thread/TRACE] [mobtotems/mobtotems]: Sending event FMLLoadCompleteEvent to mod mobtotems
[17:30:06] [Server thread/TRACE] [mobtotems/mobtotems]: Sent event FMLLoadCompleteEvent to mod mobtotems
[17:30:06] [Server thread/DEBUG] [FML/]: Bar Step: LoadComplete - Mob Totems took 0.000s
[17:30:06] [Server thread/TRACE] [mowziesmobs/mowziesmobs]: Sending event FMLLoadCompleteEvent to mod mowziesmobs
[17:30:06] [Server thread/TRACE] [mowziesmobs/mowziesmobs]: Sent event FMLLoadCompleteEvent to mod mowziesmobs
[17:30:06] [Server thread/DEBUG] [FML/]: Bar Step: LoadComplete - Mowzie's Mobs took 0.000s
[17:30:06] [Server thread/TRACE] [netherportalfix/netherportalfix]: Sending event FMLLoadCompleteEvent to mod netherportalfix
[17:30:06] [Server thread/TRACE] [netherportalfix/netherportalfix]: Sent event FMLLoadCompleteEvent to mod netherportalfix
[17:30:06] [Server thread/DEBUG] [FML/]: Bar Step: LoadComplete - NetherPortalFix took 0.000s
[17:30:06] [Server thread/TRACE] [nei/nei]: Sending event FMLLoadCompleteEvent to mod nei
[17:30:06] [Server thread/TRACE] [nei/nei]: Sent event FMLLoadCompleteEvent to mod nei
[17:30:06] [Server thread/DEBUG] [FML/]: Bar Step: LoadComplete - Not Enough Items took 0.000s
[17:30:06] [Server thread/TRACE] [personalcars/personalcars]: Sending event FMLLoadCompleteEvent to mod personalcars
[17:30:06] [Server thread/TRACE] [personalcars/personalcars]: Sent event FMLLoadCompleteEvent to mod personalcars
[17:30:06] [Server thread/DEBUG] [FML/]: Bar Step: LoadComplete - Personal Cars took 0.000s
[17:30:06] [Server thread/TRACE] [placeableitems/placeableitems]: Sending event FMLLoadCompleteEvent to mod placeableitems
[17:30:06] [Server thread/TRACE] [placeableitems/placeableitems]: Sent event FMLLoadCompleteEvent to mod placeableitems
[17:30:06] [Server thread/DEBUG] [FML/]: Bar Step: LoadComplete - Placeable Items Mod took 0.000s
[17:30:06] [Server thread/TRACE] [sophisticatedwolves/sophisticatedwolves]: Sending event FMLLoadCompleteEvent to mod sophisticatedwolves
[17:30:06] [Server thread/TRACE] [sophisticatedwolves/sophisticatedwolves]: Sent event FMLLoadCompleteEvent to mod sophisticatedwolves
[17:30:06] [Server thread/DEBUG] [FML/]: Bar Step: LoadComplete - Sophisticated Wolves took 0.000s
[17:30:06] [Server thread/TRACE] [totemic/totemic]: Sending event FMLLoadCompleteEvent to mod totemic
[17:30:06] [Server thread/TRACE] [totemic/totemic]: Sent event FMLLoadCompleteEvent to mod totemic
[17:30:06] [Server thread/DEBUG] [FML/]: Bar Step: LoadComplete - Totemic took 0.000s
[17:30:06] [Server thread/TRACE] [umbralux/umbralux]: Sending event FMLLoadCompleteEvent to mod umbralux
[17:30:06] [Server thread/TRACE] [umbralux/umbralux]: Sent event FMLLoadCompleteEvent to mod umbralux
[17:30:06] [Server thread/DEBUG] [FML/]: Bar Step: LoadComplete - Umbra - Lux Addon for Rpg Inventory took 0.000s
[17:30:06] [Server thread/TRACE] [vampirism/vampirism]: Sending event FMLLoadCompleteEvent to mod vampirism
[17:30:06] [Server thread/TRACE] [vampirism/vampirism]: Sent event FMLLoadCompleteEvent to mod vampirism
[17:30:06] [Server thread/DEBUG] [FML/]: Bar Step: LoadComplete - Vampirism took 0.000s
[17:30:06] [Server thread/TRACE] [teamlapen-lib/teamlapen-lib]: Sending event FMLLoadCompleteEvent to mod teamlapen-lib
[17:30:06] [Server thread/TRACE] [teamlapen-lib/teamlapen-lib]: Sent event FMLLoadCompleteEvent to mod teamlapen-lib
[17:30:06] [Server thread/DEBUG] [FML/]: Bar Step: LoadComplete - TeamLapen Library took 0.000s
[17:30:06] [Server thread/TRACE] [waila/waila]: Sending event FMLLoadCompleteEvent to mod waila
[17:30:06] [Server thread/INFO] [Waila/waila]: [Agriculture] Agriculture mod not found.
[17:30:06] [Server thread/INFO] [Waila/waila]: Trying to reflect com.animania.compat.waila.WailaCompat registerWaila
[17:30:06] [Server thread/INFO] [Waila/waila]: Success in registering animania
[17:30:06] [Server thread/INFO] [Waila/waila]: Trying to reflect org.cyclops.cyclopscore.modcompat.waila.Waila callbackRegister
[17:30:06] [Server thread/INFO] [Waila/waila]: Success in registering cyclopscore
[17:30:06] [Server thread/INFO] [Waila/waila]: Trying to reflect de.teamlapen.vampirism.modcompat.waila.WailaHandler onRegister
[17:30:06] [Server thread/INFO] [Waila/waila]: Success in registering vampirism
[17:30:06] [Server thread/TRACE] [waila/waila]: Sent event FMLLoadCompleteEvent to mod waila
[17:30:06] [Server thread/DEBUG] [FML/]: Bar Step: LoadComplete - waila took 0.058s
[17:30:06] [Server thread/TRACE] [air_support/air_support]: Sending event FMLLoadCompleteEvent to mod air_support
[17:30:06] [Server thread/TRACE] [air_support/air_support]: Sent event FMLLoadCompleteEvent to mod air_support
[17:30:06] [Server thread/DEBUG] [FML/]: Bar Step: LoadComplete - air_support took 0.000s
[17:30:06] [Server thread/DEBUG] [FML/]: Bar Finished: LoadComplete took 0.078s
[17:30:06] [Server thread/DEBUG] [FML/]: Freezing block and item id maps
[17:30:06] [Server thread/INFO] [FML/]: Forge Mod Loader has successfully loaded 45 mods
[17:30:06] [Server thread/TRACE] [minecraft/minecraft]: Sending event FMLServerAboutToStartEvent to mod minecraft
[17:30:06] [Server thread/TRACE] [minecraft/minecraft]: Sent event FMLServerAboutToStartEvent to mod minecraft
[17:30:06] [Server thread/DEBUG] [FML/]: Bar Step: ServerAboutToStart - Minecraft took 0.000s
[17:30:06] [Server thread/TRACE] [mcp/mcp]: Sending event FMLServerAboutToStartEvent to mod mcp
[17:30:06] [Server thread/TRACE] [mcp/mcp]: Sent event FMLServerAboutToStartEvent to mod mcp
[17:30:06] [Server thread/DEBUG] [FML/]: Bar Step: ServerAboutToStart - Minecraft Coder Pack took 0.000s
[17:30:06] [Server thread/TRACE] [FML/FML]: Sending event FMLServerAboutToStartEvent to mod FML
[17:30:06] [Server thread/TRACE] [FML/FML]: Sent event FMLServerAboutToStartEvent to mod FML
[17:30:06] [Server thread/DEBUG] [FML/]: Bar Step: ServerAboutToStart - Forge Mod Loader took 0.000s
[17:30:06] [Server thread/TRACE] [forge/forge]: Sending event FMLServerAboutToStartEvent to mod forge
[17:30:06] [Server thread/TRACE] [forge/forge]: Sent event FMLServerAboutToStartEvent to mod forge
[17:30:06] [Server thread/DEBUG] [FML/]: Bar Step: ServerAboutToStart - Minecraft Forge took 0.000s
[17:30:06] [Server thread/TRACE] [creativecoredummy/creativecoredummy]: Sending event FMLServerAboutToStartEvent to mod creativecoredummy
[17:30:06] [Server thread/TRACE] [creativecoredummy/creativecoredummy]: Sent event FMLServerAboutToStartEvent to mod creativecoredummy
[17:30:06] [Server thread/DEBUG] [FML/]: Bar Step: ServerAboutToStart - CreativeCoreDummy took 0.000s
[17:30:06] [Server thread/TRACE] [itemphysic/itemphysic]: Sending event FMLServerAboutToStartEvent to mod itemphysic
[17:30:06] [Server thread/TRACE] [itemphysic/itemphysic]: Sent event FMLServerAboutToStartEvent to mod itemphysic
[17:30:06] [Server thread/DEBUG] [FML/]: Bar Step: ServerAboutToStart - ItemPhysic took 0.000s
[17:30:06] [Server thread/TRACE] [forgeendertech/forgeendertech]: Sending event FMLServerAboutToStartEvent to mod forgeendertech
[17:30:06] [Server thread/TRACE] [forgeendertech/forgeendertech]: Sent event FMLServerAboutToStartEvent to mod forgeendertech
[17:30:06] [Server thread/DEBUG] [FML/]: Bar Step: ServerAboutToStart - Forge Endertech took 0.000s
[17:30:06] [Server thread/TRACE] [adhooks/adhooks]: Sending event FMLServerAboutToStartEvent to mod adhooks
[17:30:06] [Server thread/TRACE] [adhooks/adhooks]: Sent event FMLServerAboutToStartEvent to mod adhooks
[17:30:06] [Server thread/DEBUG] [FML/]: Bar Step: ServerAboutToStart - Advanced Hook Launchers took 0.000s
[17:30:06] [Server thread/TRACE] [craftstudioapi/craftstudioapi]: Sending event FMLServerAboutToStartEvent to mod craftstudioapi
[17:30:06] [Server thread/TRACE] [craftstudioapi/craftstudioapi]: Sent event FMLServerAboutToStartEvent to mod craftstudioapi
[17:30:06] [Server thread/DEBUG] [FML/]: Bar Step: ServerAboutToStart - CraftStudio API took 0.000s
[17:30:06] [Server thread/TRACE] [animania/animania]: Sending event FMLServerAboutToStartEvent to mod animania
[17:30:06] [Server thread/TRACE] [animania/animania]: Sent event FMLServerAboutToStartEvent to mod animania
[17:30:06] [Server thread/DEBUG] [FML/]: Bar Step: ServerAboutToStart - Animania took 0.000s
[17:30:06] [Server thread/TRACE] [bibliocraft/bibliocraft]: Sending event FMLServerAboutToStartEvent to mod bibliocraft
[17:30:06] [Server thread/TRACE] [bibliocraft/bibliocraft]: Sent event FMLServerAboutToStartEvent to mod bibliocraft
[17:30:06] [Server thread/DEBUG] [FML/]: Bar Step: ServerAboutToStart - BiblioCraft took 0.000s
[17:30:06] [Server thread/TRACE] [codechickenlib/codechickenlib]: Sending event FMLServerAboutToStartEvent to mod codechickenlib
[17:30:06] [Server thread/TRACE] [codechickenlib/codechickenlib]: Sent event FMLServerAboutToStartEvent to mod codechickenlib
[17:30:06] [Server thread/DEBUG] [FML/]: Bar Step: ServerAboutToStart - CodeChicken Lib took 0.000s
[17:30:06] [Server thread/TRACE] [creativecore/creativecore]: Sending event FMLServerAboutToStartEvent to mod creativecore
[17:30:06] [Server thread/TRACE] [creativecore/creativecore]: Sent event FMLServerAboutToStartEvent to mod creativecore
[17:30:06] [Server thread/DEBUG] [FML/]: Bar Step: ServerAboutToStart - CreativeCore took 0.000s
[17:30:06] [Server thread/TRACE] [customnpcs/customnpcs]: Sending event FMLServerAboutToStartEvent to mod customnpcs
[17:30:06] [Server thread/TRACE] [customnpcs/customnpcs]: Sent event FMLServerAboutToStartEvent to mod customnpcs
[17:30:06] [Server thread/DEBUG] [FML/]: Bar Step: ServerAboutToStart - CustomNPCs took 0.058s
[17:30:06] [Server thread/TRACE] [cyclopscore/cyclopscore]: Sending event FMLServerAboutToStartEvent to mod cyclopscore
[17:30:06] [Server thread/TRACE] [cyclopscore/cyclopscore]: Sent event FMLServerAboutToStartEvent to mod cyclopscore
[17:30:06] [Server thread/DEBUG] [FML/]: Bar Step: ServerAboutToStart - Cyclops Core took 0.000s
[17:30:06] [Server thread/TRACE] [dailies/dailies]: Sending event FMLServerAboutToStartEvent to mod dailies
[17:30:06] [Server thread/TRACE] [dailies/dailies]: Sent event FMLServerAboutToStartEvent to mod dailies
[17:30:06] [Server thread/DEBUG] [FML/]: Bar Step: ServerAboutToStart - Bailey's Dailies took 0.000s
[17:30:06] [Server thread/TRACE] [dmonsters/dmonsters]: Sending event FMLServerAboutToStartEvent to mod dmonsters
[17:30:06] [Server thread/TRACE] [dmonsters/dmonsters]: Sent event FMLServerAboutToStartEvent to mod dmonsters
[17:30:06] [Server thread/DEBUG] [FML/]: Bar Step: ServerAboutToStart - Deadly Monsters took 0.000s
[17:30:06] [Server thread/TRACE] [dissolution/dissolution]: Sending event FMLServerAboutToStartEvent to mod dissolution
[17:30:06] [Server thread/TRACE] [dissolution/dissolution]: Sent event FMLServerAboutToStartEvent to mod dissolution
[17:30:06] [Server thread/DEBUG] [FML/]: Bar Step: ServerAboutToStart - Dissolution took 0.000s
[17:30:06] [Server thread/TRACE] [dungeondq/dungeondq]: Sending event FMLServerAboutToStartEvent to mod dungeondq
[17:30:06] [Server thread/TRACE] [dungeondq/dungeondq]: Sent event FMLServerAboutToStartEvent to mod dungeondq
[17:30:06] [Server thread/DEBUG] [FML/]: Bar Step: ServerAboutToStart - DungeonDQ took 0.003s
[17:30:06] [Server thread/TRACE] [evilcraft/evilcraft]: Sending event FMLServerAboutToStartEvent to mod evilcraft
[17:30:06] [Server thread/TRACE] [evilcraft/evilcraft]: Sent event FMLServerAboutToStartEvent to mod evilcraft
[17:30:06] [Server thread/DEBUG] [FML/]: Bar Step: ServerAboutToStart - EvilCraft took 0.000s
[17:30:06] [Server thread/TRACE] [evilcraftcompat/evilcraftcompat]: Sending event FMLServerAboutToStartEvent to mod evilcraftcompat
[17:30:06] [Server thread/TRACE] [evilcraftcompat/evilcraftcompat]: Sent event FMLServerAboutToStartEvent to mod evilcraftcompat
[17:30:06] [Server thread/DEBUG] [FML/]: Bar Step: ServerAboutToStart - EvilCraft-Compat took 0.000s
[17:30:06] [Server thread/TRACE] [extrautils2/extrautils2]: Sending event FMLServerAboutToStartEvent to mod extrautils2
[17:30:06] [Server thread/TRACE] [extrautils2/extrautils2]: Sent event FMLServerAboutToStartEvent to mod extrautils2
[17:30:06] [Server thread/DEBUG] [FML/]: Bar Step: ServerAboutToStart - extrautils2 took 0.017s
[17:30:06] [Server thread/TRACE] [fairylights/fairylights]: Sending event FMLServerAboutToStartEvent to mod fairylights
[17:30:06] [Server thread/TRACE] [fairylights/fairylights]: Sent event FMLServerAboutToStartEvent to mod fairylights
[17:30:06] [Server thread/DEBUG] [FML/]: Bar Step: ServerAboutToStart - Fairy Lights took 0.000s
[17:30:06] [Server thread/TRACE] [llibrary/llibrary]: Sending event FMLServerAboutToStartEvent to mod llibrary
[17:30:06] [Server thread/TRACE] [llibrary/llibrary]: Sent event FMLServerAboutToStartEvent to mod llibrary
[17:30:06] [Server thread/DEBUG] [FML/]: Bar Step: ServerAboutToStart - LLibrary took 0.000s
[17:30:06] [Server thread/TRACE] [iceandfire/iceandfire]: Sending event FMLServerAboutToStartEvent to mod iceandfire
[17:30:06] [Server thread/TRACE] [iceandfire/iceandfire]: Sent event FMLServerAboutToStartEvent to mod iceandfire
[17:30:06] [Server thread/DEBUG] [FML/]: Bar Step: ServerAboutToStart - Ice and Fire took 0.000s
[17:30:06] [Server thread/TRACE] [jei/jei]: Sending event FMLServerAboutToStartEvent to mod jei
[17:30:06] [Server thread/TRACE] [jei/jei]: Sent event FMLServerAboutToStartEvent to mod jei
[17:30:06] [Server thread/DEBUG] [FML/]: Bar Step: ServerAboutToStart - Just Enough Items took 0.000s
[17:30:06] [Server thread/TRACE] [journeymap/journeymap]: Sending event FMLServerAboutToStartEvent to mod journeymap
[17:30:06] [Server thread/TRACE] [journeymap/journeymap]: Sent event FMLServerAboutToStartEvent to mod journeymap
[17:30:06] [Server thread/DEBUG] [FML/]: Bar Step: ServerAboutToStart - JourneyMap took 0.000s
[17:30:06] [Server thread/TRACE] [subcommonlib/subcommonlib]: Sending event FMLServerAboutToStartEvent to mod subcommonlib
[17:30:06] [Server thread/TRACE] [subcommonlib/subcommonlib]: Sent event FMLServerAboutToStartEvent to mod subcommonlib
[17:30:06] [Server thread/DEBUG] [FML/]: Bar Step: ServerAboutToStart - Subaraki's Common Library took 0.000s
[17:30:06] [Server thread/TRACE] [fashion/fashion]: Sending event FMLServerAboutToStartEvent to mod fashion
[17:30:06] [Server thread/TRACE] [fashion/fashion]: Sent event FMLServerAboutToStartEvent to mod fashion
[17:30:06] [Server thread/DEBUG] [FML/]: Bar Step: ServerAboutToStart - fashion mod took 0.000s
[17:30:06] [Server thread/TRACE] [malisiscore/malisiscore]: Sending event FMLServerAboutToStartEvent to mod malisiscore
[17:30:06] [Server thread/TRACE] [malisiscore/malisiscore]: Sent event FMLServerAboutToStartEvent to mod malisiscore
[17:30:06] [Server thread/DEBUG] [FML/]: Bar Step: ServerAboutToStart - MalisisCore took 0.000s
[17:30:06] [Server thread/TRACE] [malisisdoors/malisisdoors]: Sending event FMLServerAboutToStartEvent to mod malisisdoors
[17:30:06] [Server thread/TRACE] [malisisdoors/malisisdoors]: Sent event FMLServerAboutToStartEvent to mod malisisdoors
[17:30:06] [Server thread/DEBUG] [FML/]: Bar Step: ServerAboutToStart - MalisisDoors took 0.000s
[17:30:06] [Server thread/TRACE] [minions/minions]: Sending event FMLServerAboutToStartEvent to mod minions
[17:30:06] [Server thread/TRACE] [minions/minions]: Sent event FMLServerAboutToStartEvent to mod minions
[17:30:06] [Server thread/DEBUG] [FML/]: Bar Step: ServerAboutToStart - Minions took 0.000s
[17:30:06] [Server thread/TRACE] [mobtotems/mobtotems]: Sending event FMLServerAboutToStartEvent to mod mobtotems
[17:30:06] [Server thread/TRACE] [mobtotems/mobtotems]: Sent event FMLServerAboutToStartEvent to mod mobtotems
[17:30:06] [Server thread/DEBUG] [FML/]: Bar Step: ServerAboutToStart - Mob Totems took 0.000s
[17:30:06] [Server thread/TRACE] [mowziesmobs/mowziesmobs]: Sending event FMLServerAboutToStartEvent to mod mowziesmobs
[17:30:06] [Server thread/TRACE] [mowziesmobs/mowziesmobs]: Sent event FMLServerAboutToStartEvent to mod mowziesmobs
[17:30:06] [Server thread/DEBUG] [FML/]: Bar Step: ServerAboutToStart - Mowzie's Mobs took 0.000s
[17:30:06] [Server thread/TRACE] [netherportalfix/netherportalfix]: Sending event FMLServerAboutToStartEvent to mod netherportalfix
[17:30:06] [Server thread/TRACE] [netherportalfix/netherportalfix]: Sent event FMLServerAboutToStartEvent to mod netherportalfix
[17:30:06] [Server thread/DEBUG] [FML/]: Bar Step: ServerAboutToStart - NetherPortalFix took 0.000s
[17:30:06] [Server thread/TRACE] [nei/nei]: Sending event FMLServerAboutToStartEvent to mod nei
[17:30:06] [Server thread/TRACE] [nei/nei]: Sent event FMLServerAboutToStartEvent to mod nei
[17:30:06] [Server thread/DEBUG] [FML/]: Bar Step: ServerAboutToStart - Not Enough Items took 0.000s
[17:30:06] [Server thread/TRACE] [personalcars/personalcars]: Sending event FMLServerAboutToStartEvent to mod personalcars
[17:30:06] [Server thread/TRACE] [personalcars/personalcars]: Sent event FMLServerAboutToStartEvent to mod personalcars
[17:30:06] [Server thread/DEBUG] [FML/]: Bar Step: ServerAboutToStart - Personal Cars took 0.000s
[17:30:06] [Server thread/TRACE] [placeableitems/placeableitems]: Sending event FMLServerAboutToStartEvent to mod placeableitems
[17:30:06] [Server thread/TRACE] [placeableitems/placeableitems]: Sent event FMLServerAboutToStartEvent to mod placeableitems
[17:30:06] [Server thread/DEBUG] [FML/]: Bar Step: ServerAboutToStart - Placeable Items Mod took 0.000s
[17:30:06] [Server thread/TRACE] [sophisticatedwolves/sophisticatedwolves]: Sending event FMLServerAboutToStartEvent to mod sophisticatedwolves
[17:30:06] [Server thread/TRACE] [sophisticatedwolves/sophisticatedwolves]: Sent event FMLServerAboutToStartEvent to mod sophisticatedwolves
[17:30:06] [Server thread/DEBUG] [FML/]: Bar Step: ServerAboutToStart - Sophisticated Wolves took 0.000s
[17:30:06] [Server thread/TRACE] [totemic/totemic]: Sending event FMLServerAboutToStartEvent to mod totemic
[17:30:06] [Server thread/TRACE] [totemic/totemic]: Sent event FMLServerAboutToStartEvent to mod totemic
[17:30:06] [Server thread/DEBUG] [FML/]: Bar Step: ServerAboutToStart - Totemic took 0.000s
[17:30:06] [Server thread/TRACE] [umbralux/umbralux]: Sending event FMLServerAboutToStartEvent to mod umbralux
[17:30:06] [Server thread/TRACE] [umbralux/umbralux]: Sent event FMLServerAboutToStartEvent to mod umbralux
[17:30:06] [Server thread/DEBUG] [FML/]: Bar Step: ServerAboutToStart - Umbra - Lux Addon for Rpg Inventory took 0.000s
[17:30:06] [Server thread/TRACE] [vampirism/vampirism]: Sending event FMLServerAboutToStartEvent to mod vampirism
[17:30:06] [Server thread/TRACE] [vampirism/vampirism]: Sent event FMLServerAboutToStartEvent to mod vampirism
[17:30:06] [Server thread/DEBUG] [FML/]: Bar Step: ServerAboutToStart - Vampirism took 0.000s
[17:30:06] [Server thread/TRACE] [teamlapen-lib/teamlapen-lib]: Sending event FMLServerAboutToStartEvent to mod teamlapen-lib
[17:30:06] [Server thread/TRACE] [teamlapen-lib/teamlapen-lib]: Sent event FMLServerAboutToStartEvent to mod teamlapen-lib
[17:30:06] [Server thread/DEBUG] [FML/]: Bar Step: ServerAboutToStart - TeamLapen Library took 0.000s
[17:30:06] [Server thread/TRACE] [waila/waila]: Sending event FMLServerAboutToStartEvent to mod waila
[17:30:06] [Server thread/TRACE] [waila/waila]: Sent event FMLServerAboutToStartEvent to mod waila
[17:30:06] [Server thread/DEBUG] [FML/]: Bar Step: ServerAboutToStart - waila took 0.000s
[17:30:06] [Server thread/TRACE] [air_support/air_support]: Sending event FMLServerAboutToStartEvent to mod air_support
[17:30:06] [Server thread/TRACE] [air_support/air_support]: Sent event FMLServerAboutToStartEvent to mod air_support
[17:30:06] [Server thread/DEBUG] [FML/]: Bar Step: ServerAboutToStart - air_support took 0.000s
[17:30:06] [Server thread/DEBUG] [FML/]: Bar Finished: ServerAboutToStart took 0.084s
[17:30:07] [Server thread/DEBUG] [vampirism/]: [ModVillages]Modified MapGenVillage fields.
[17:30:07] [Server thread/INFO] [FML/]: Loading dimension 0 (world) (net.minecraft.server.dedicated.DedicatedServer@2ec3b9e9)
[17:30:07] [Server thread/INFO] [FML/]: Loading dimension -11325 (world) (net.minecraft.server.dedicated.DedicatedServer@2ec3b9e9)
[17:30:07] [Server thread/DEBUG] [NotEnoughItems/]: Loading NEI Server
[17:30:07] [Server thread/INFO] [FML/]: Loading dimension 4 (world) (net.minecraft.server.dedicated.DedicatedServer@2ec3b9e9)
[17:30:07] [Server thread/INFO] [FML/]: Loading dimension 3 (world) (net.minecraft.server.dedicated.DedicatedServer@2ec3b9e9)
[17:30:07] [Server thread/INFO] [FML/]: Loading dimension -9999 (world) (net.minecraft.server.dedicated.DedicatedServer@2ec3b9e9)
[17:30:07] [Server thread/DEBUG] [vampirism/]: [ModVillages]Modified MapGenVillage fields.
[17:30:07] [Server thread/INFO] [FML/]: Loading dimension 2 (world) (net.minecraft.server.dedicated.DedicatedServer@2ec3b9e9)
[17:30:07] [Server thread/INFO] [FML/]: Loading dimension 1 (world) (net.minecraft.server.dedicated.DedicatedServer@2ec3b9e9)
[17:30:07] [Server thread/INFO] [FML/]: Loading dimension -1 (world) (net.minecraft.server.dedicated.DedicatedServer@2ec3b9e9)
[17:30:13] [Server thread/TRACE] [minecraft/minecraft]: Sending event FMLServerStartingEvent to mod minecraft
[17:30:13] [Server thread/TRACE] [minecraft/minecraft]: Sent event FMLServerStartingEvent to mod minecraft
[17:30:13] [Server thread/DEBUG] [FML/]: Bar Step: ServerStarting - Minecraft took 0.000s
[17:30:13] [Server thread/TRACE] [mcp/mcp]: Sending event FMLServerStartingEvent to mod mcp
[17:30:13] [Server thread/TRACE] [mcp/mcp]: Sent event FMLServerStartingEvent to mod mcp
[17:30:13] [Server thread/DEBUG] [FML/]: Bar Step: ServerStarting - Minecraft Coder Pack took 0.000s
[17:30:13] [Server thread/TRACE] [FML/FML]: Sending event FMLServerStartingEvent to mod FML
[17:30:13] [Server thread/TRACE] [FML/FML]: Sent event FMLServerStartingEvent to mod FML
[17:30:13] [Server thread/DEBUG] [FML/]: Bar Step: ServerStarting - Forge Mod Loader took 0.000s
[17:30:13] [Server thread/TRACE] [forge/forge]: Sending event FMLServerStartingEvent to mod forge
[17:30:13] [Server thread/TRACE] [forge/forge]: Sent event FMLServerStartingEvent to mod forge
[17:30:13] [Server thread/DEBUG] [FML/]: Bar Step: ServerStarting - Minecraft Forge took 0.002s
[17:30:13] [Server thread/TRACE] [creativecoredummy/creativecoredummy]: Sending event FMLServerStartingEvent to mod creativecoredummy
[17:30:13] [Server thread/TRACE] [creativecoredummy/creativecoredummy]: Sent event FMLServerStartingEvent to mod creativecoredummy
[17:30:13] [Server thread/DEBUG] [FML/]: Bar Step: ServerStarting - CreativeCoreDummy took 0.000s
[17:30:13] [Server thread/TRACE] [itemphysic/itemphysic]: Sending event FMLServerStartingEvent to mod itemphysic
[17:30:13] [Server thread/TRACE] [itemphysic/itemphysic]: Sent event FMLServerStartingEvent to mod itemphysic
[17:30:13] [Server thread/DEBUG] [FML/]: Bar Step: ServerStarting - ItemPhysic took 0.000s
[17:30:13] [Server thread/TRACE] [forgeendertech/forgeendertech]: Sending event FMLServerStartingEvent to mod forgeendertech
[17:30:13] [Server thread/TRACE] [forgeendertech/forgeendertech]: Sent event FMLServerStartingEvent to mod forgeendertech
[17:30:13] [Server thread/DEBUG] [FML/]: Bar Step: ServerStarting - Forge Endertech took 0.000s
[17:30:13] [Server thread/TRACE] [adhooks/adhooks]: Sending event FMLServerStartingEvent to mod adhooks
[17:30:13] [Server thread/TRACE] [adhooks/adhooks]: Sent event FMLServerStartingEvent to mod adhooks
[17:30:13] [Server thread/DEBUG] [FML/]: Bar Step: ServerStarting - Advanced Hook Launchers took 0.000s
[17:30:13] [Server thread/TRACE] [craftstudioapi/craftstudioapi]: Sending event FMLServerStartingEvent to mod craftstudioapi
[17:30:13] [Server thread/TRACE] [craftstudioapi/craftstudioapi]: Sent event FMLServerStartingEvent to mod craftstudioapi
[17:30:13] [Server thread/DEBUG] [FML/]: Bar Step: ServerStarting - CraftStudio API took 0.000s
[17:30:13] [Server thread/TRACE] [animania/animania]: Sending event FMLServerStartingEvent to mod animania
[17:30:13] [Server thread/TRACE] [animania/animania]: Sent event FMLServerStartingEvent to mod animania
[17:30:13] [Server thread/DEBUG] [FML/]: Bar Step: ServerStarting - Animania took 0.000s
[17:30:13] [Server thread/TRACE] [bibliocraft/bibliocraft]: Sending event FMLServerStartingEvent to mod bibliocraft
[17:30:13] [Server thread/TRACE] [bibliocraft/bibliocraft]: Sent event FMLServerStartingEvent to mod bibliocraft
[17:30:13] [Server thread/DEBUG] [FML/]: Bar Step: ServerStarting - BiblioCraft took 0.000s
[17:30:13] [Server thread/TRACE] [codechickenlib/codechickenlib]: Sending event FMLServerStartingEvent to mod codechickenlib
[17:30:13] [Server thread/TRACE] [codechickenlib/codechickenlib]: Sent event FMLServerStartingEvent to mod codechickenlib
[17:30:13] [Server thread/DEBUG] [FML/]: Bar Step: ServerStarting - CodeChicken Lib took 0.000s
[17:30:13] [Server thread/TRACE] [creativecore/creativecore]: Sending event FMLServerStartingEvent to mod creativecore
[17:30:13] [Server thread/TRACE] [creativecore/creativecore]: Sent event FMLServerStartingEvent to mod creativecore
[17:30:13] [Server thread/DEBUG] [FML/]: Bar Step: ServerStarting - CreativeCore took 0.001s
[17:30:13] [Server thread/TRACE] [customnpcs/customnpcs]: Sending event FMLServerStartingEvent to mod customnpcs
[17:30:13] [Server thread/TRACE] [customnpcs/customnpcs]: Sent event FMLServerStartingEvent to mod customnpcs
[17:30:13] [Server thread/DEBUG] [FML/]: Bar Step: ServerStarting - CustomNPCs took 0.048s
[17:30:13] [Server thread/TRACE] [cyclopscore/cyclopscore]: Sending event FMLServerStartingEvent to mod cyclopscore
[17:30:13] [Server thread/TRACE] [cyclopscore/cyclopscore]: Sent event FMLServerStartingEvent to mod cyclopscore
[17:30:13] [Server thread/DEBUG] [FML/]: Bar Step: ServerStarting - Cyclops Core took 0.006s
[17:30:13] [Server thread/TRACE] [dailies/dailies]: Sending event FMLServerStartingEvent to mod dailies
[17:30:13] [Server thread/TRACE] [dailies/dailies]: Sent event FMLServerStartingEvent to mod dailies
[17:30:13] [Server thread/DEBUG] [FML/]: Bar Step: ServerStarting - Bailey's Dailies took 0.002s
[17:30:13] [Server thread/TRACE] [dmonsters/dmonsters]: Sending event FMLServerStartingEvent to mod dmonsters
[17:30:13] [Server thread/TRACE] [dmonsters/dmonsters]: Sent event FMLServerStartingEvent to mod dmonsters
[17:30:13] [Server thread/DEBUG] [FML/]: Bar Step: ServerStarting - Deadly Monsters took 0.000s
[17:30:13] [Server thread/TRACE] [dissolution/dissolution]: Sending event FMLServerStartingEvent to mod dissolution
[17:30:13] [Server thread/TRACE] [dissolution/dissolution]: Sent event FMLServerStartingEvent to mod dissolution
[17:30:13] [Server thread/DEBUG] [FML/]: Bar Step: ServerStarting - Dissolution took 0.000s
[17:30:13] [Server thread/TRACE] [dungeondq/dungeondq]: Sending event FMLServerStartingEvent to mod dungeondq
[17:30:13] [Server thread/TRACE] [dungeondq/dungeondq]: Sent event FMLServerStartingEvent to mod dungeondq
[17:30:13] [Server thread/DEBUG] [FML/]: Bar Step: ServerStarting - DungeonDQ took 0.000s
[17:30:13] [Server thread/TRACE] [evilcraft/evilcraft]: Sending event FMLServerStartingEvent to mod evilcraft
[17:30:13] [Server thread/TRACE] [evilcraft/evilcraft]: Sent event FMLServerStartingEvent to mod evilcraft
[17:30:13] [Server thread/DEBUG] [FML/]: Bar Step: ServerStarting - EvilCraft took 0.000s
[17:30:13] [Server thread/TRACE] [evilcraftcompat/evilcraftcompat]: Sending event FMLServerStartingEvent to mod evilcraftcompat
[17:30:13] [Server thread/TRACE] [evilcraftcompat/evilcraftcompat]: Sent event FMLServerStartingEvent to mod evilcraftcompat
[17:30:13] [Server thread/DEBUG] [FML/]: Bar Step: ServerStarting - EvilCraft-Compat took 0.000s
[17:30:13] [Server thread/TRACE] [extrautils2/extrautils2]: Sending event FMLServerStartingEvent to mod extrautils2
[17:30:13] [Server thread/TRACE] [extrautils2/extrautils2]: Sent event FMLServerStartingEvent to mod extrautils2
[17:30:13] [Server thread/DEBUG] [FML/]: Bar Step: ServerStarting - extrautils2 took 0.002s
[17:30:13] [Server thread/TRACE] [fairylights/fairylights]: Sending event FMLServerStartingEvent to mod fairylights
[17:30:13] [Server thread/TRACE] [fairylights/fairylights]: Sent event FMLServerStartingEvent to mod fairylights
[17:30:13] [Server thread/DEBUG] [FML/]: Bar Step: ServerStarting - Fairy Lights took 0.000s
[17:30:13] [Server thread/TRACE] [llibrary/llibrary]: Sending event FMLServerStartingEvent to mod llibrary
[17:30:13] [Server thread/TRACE] [llibrary/llibrary]: Sent event FMLServerStartingEvent to mod llibrary
[17:30:13] [Server thread/DEBUG] [FML/]: Bar Step: ServerStarting - LLibrary took 0.000s
[17:30:13] [Server thread/TRACE] [iceandfire/iceandfire]: Sending event FMLServerStartingEvent to mod iceandfire
[17:30:13] [Server thread/TRACE] [iceandfire/iceandfire]: Sent event FMLServerStartingEvent to mod iceandfire
[17:30:13] [Server thread/DEBUG] [FML/]: Bar Step: ServerStarting - Ice and Fire took 0.000s
[17:30:13] [Server thread/TRACE] [jei/jei]: Sending event FMLServerStartingEvent to mod jei
[17:30:13] [Server thread/TRACE] [jei/jei]: Sent event FMLServerStartingEvent to mod jei
[17:30:13] [Server thread/DEBUG] [FML/]: Bar Step: ServerStarting - Just Enough Items took 0.000s
[17:30:13] [Server thread/TRACE] [journeymap/journeymap]: Sending event FMLServerStartingEvent to mod journeymap
[17:30:13] [Server thread/INFO] [journeymap/journeymap]: global (FirstLoaded) Setting config file to version "5.5.2": journeymap.server.global.config
[17:30:13] [Server thread/INFO] [journeymap/journeymap]: global (Valid) Creating config file: ./journeymap/server/5.5/journeymap.server.global.config
[17:30:13] [Server thread/INFO] [journeymap/journeymap]: dim-11325 (Initialized) Setting config file to version "5.5.2": journeymap.server.dim-11325.config
[17:30:13] [Server thread/INFO] [journeymap/journeymap]: dim-11325 (Valid) Creating config file: ./journeymap/server/5.5/journeymap.server.dim-11325.config
[17:30:13] [Server thread/INFO] [journeymap/journeymap]: dim4 (Initialized) Setting config file to version "5.5.2": journeymap.server.dim4.config
[17:30:13] [Server thread/INFO] [journeymap/journeymap]: dim4 (Valid) Creating config file: ./journeymap/server/5.5/journeymap.server.dim4.config
[17:30:13] [Server thread/INFO] [journeymap/journeymap]: dim3 (Initialized) Setting config file to version "5.5.2": journeymap.server.dim3.config
[17:30:13] [Server thread/INFO] [journeymap/journeymap]: dim3 (Valid) Creating config file: ./journeymap/server/5.5/journeymap.server.dim3.config
[17:30:13] [Server thread/INFO] [journeymap/journeymap]: dim2 (Initialized) Setting config file to version "5.5.2": journeymap.server.dim2.config
[17:30:13] [Server thread/INFO] [journeymap/journeymap]: dim2 (Valid) Creating config file: ./journeymap/server/5.5/journeymap.server.dim2.config
[17:30:13] [Server thread/INFO] [journeymap/journeymap]: dim-9999 (Initialized) Setting config file to version "5.5.2": journeymap.server.dim-9999.config
[17:30:13] [Server thread/INFO] [journeymap/journeymap]: dim-9999 (Valid) Creating config file: ./journeymap/server/5.5/journeymap.server.dim-9999.config
[17:30:13] [Server thread/INFO] [journeymap/journeymap]: dim-1 (Initialized) Setting config file to version "5.5.2": journeymap.server.dim-1.config
[17:30:13] [Server thread/INFO] [journeymap/journeymap]: dim-1 (Valid) Creating config file: ./journeymap/server/5.5/journeymap.server.dim-1.config
[17:30:13] [Server thread/INFO] [journeymap/journeymap]: dim1 (Initialized) Setting config file to version "5.5.2": journeymap.server.dim1.config
[17:30:13] [Server thread/INFO] [journeymap/journeymap]: dim1 (Valid) Creating config file: ./journeymap/server/5.5/journeymap.server.dim1.config
[17:30:13] [Server thread/INFO] [journeymap/journeymap]: dim0 (Initialized) Setting config file to version "5.5.2": journeymap.server.dim0.config
[17:30:13] [Server thread/INFO] [journeymap/journeymap]: dim0 (Valid) Creating config file: ./journeymap/server/5.5/journeymap.server.dim0.config
[17:30:13] [Server thread/TRACE] [journeymap/journeymap]: Sent event FMLServerStartingEvent to mod journeymap
[17:30:13] [Server thread/DEBUG] [FML/]: Bar Step: ServerStarting - JourneyMap took 0.041s
[17:30:13] [Server thread/TRACE] [subcommonlib/subcommonlib]: Sending event FMLServerStartingEvent to mod subcommonlib
[17:30:13] [Server thread/TRACE] [subcommonlib/subcommonlib]: Sent event FMLServerStartingEvent to mod subcommonlib
[17:30:13] [Server thread/DEBUG] [FML/]: Bar Step: ServerStarting - Subaraki's Common Library took 0.000s
[17:30:13] [Server thread/TRACE] [fashion/fashion]: Sending event FMLServerStartingEvent to mod fashion
[17:30:13] [Server thread/TRACE] [fashion/fashion]: Sent event FMLServerStartingEvent to mod fashion
[17:30:13] [Server thread/DEBUG] [FML/]: Bar Step: ServerStarting - fashion mod took 0.000s
[17:30:13] [Server thread/TRACE] [malisiscore/malisiscore]: Sending event FMLServerStartingEvent to mod malisiscore
[17:30:13] [Server thread/TRACE] [malisiscore/malisiscore]: Sent event FMLServerStartingEvent to mod malisiscore
[17:30:13] [Server thread/DEBUG] [FML/]: Bar Step: ServerStarting - MalisisCore took 0.000s
[17:30:13] [Server thread/TRACE] [malisisdoors/malisisdoors]: Sending event FMLServerStartingEvent to mod malisisdoors
[17:30:13] [Server thread/TRACE] [malisisdoors/malisisdoors]: Sent event FMLServerStartingEvent to mod malisisdoors
[17:30:13] [Server thread/DEBUG] [FML/]: Bar Step: ServerStarting - MalisisDoors took 0.000s
[17:30:13] [Server thread/TRACE] [minions/minions]: Sending event FMLServerStartingEvent to mod minions
[17:30:13] [Server thread/TRACE] [minions/minions]: Sent event FMLServerStartingEvent to mod minions
[17:30:13] [Server thread/DEBUG] [FML/]: Bar Step: ServerStarting - Minions took 0.000s
[17:30:13] [Server thread/TRACE] [mobtotems/mobtotems]: Sending event FMLServerStartingEvent to mod mobtotems
[17:30:13] [Server thread/TRACE] [mobtotems/mobtotems]: Sent event FMLServerStartingEvent to mod mobtotems
[17:30:13] [Server thread/DEBUG] [FML/]: Bar Step: ServerStarting - Mob Totems took 0.000s
[17:30:13] [Server thread/TRACE] [mowziesmobs/mowziesmobs]: Sending event FMLServerStartingEvent to mod mowziesmobs
[17:30:13] [Server thread/TRACE] [mowziesmobs/mowziesmobs]: Sent event FMLServerStartingEvent to mod mowziesmobs
[17:30:13] [Server thread/DEBUG] [FML/]: Bar Step: ServerStarting - Mowzie's Mobs took 0.000s
[17:30:13] [Server thread/TRACE] [netherportalfix/netherportalfix]: Sending event FMLServerStartingEvent to mod netherportalfix
[17:30:13] [Server thread/TRACE] [netherportalfix/netherportalfix]: Sent event FMLServerStartingEvent to mod netherportalfix
[17:30:13] [Server thread/DEBUG] [FML/]: Bar Step: ServerStarting - NetherPortalFix took 0.000s
[17:30:13] [Server thread/TRACE] [nei/nei]: Sending event FMLServerStartingEvent to mod nei
[17:30:13] [Server thread/TRACE] [nei/nei]: Sent event FMLServerStartingEvent to mod nei
[17:30:13] [Server thread/DEBUG] [FML/]: Bar Step: ServerStarting - Not Enough Items took 0.000s
[17:30:13] [Server thread/TRACE] [personalcars/personalcars]: Sending event FMLServerStartingEvent to mod personalcars
[17:30:13] [Server thread/TRACE] [personalcars/personalcars]: Sent event FMLServerStartingEvent to mod personalcars
[17:30:13] [Server thread/DEBUG] [FML/]: Bar Step: ServerStarting - Personal Cars took 0.000s
[17:30:13] [Server thread/TRACE] [placeableitems/placeableitems]: Sending event FMLServerStartingEvent to mod placeableitems
[17:30:13] [Server thread/TRACE] [placeableitems/placeableitems]: Sent event FMLServerStartingEvent to mod placeableitems
[17:30:13] [Server thread/DEBUG] [FML/]: Bar Step: ServerStarting - Placeable Items Mod took 0.000s
[17:30:13] [Server thread/TRACE] [sophisticatedwolves/sophisticatedwolves]: Sending event FMLServerStartingEvent to mod sophisticatedwolves
[17:30:13] [Server thread/TRACE] [sophisticatedwolves/sophisticatedwolves]: Sent event FMLServerStartingEvent to mod sophisticatedwolves
[17:30:13] [Server thread/DEBUG] [FML/]: Bar Step: ServerStarting - Sophisticated Wolves took 0.000s
[17:30:13] [Server thread/TRACE] [totemic/totemic]: Sending event FMLServerStartingEvent to mod totemic
[17:30:13] [Server thread/TRACE] [totemic/totemic]: Sent event FMLServerStartingEvent to mod totemic
[17:30:13] [Server thread/DEBUG] [FML/]: Bar Step: ServerStarting - Totemic took 0.000s
[17:30:13] [Server thread/TRACE] [umbralux/umbralux]: Sending event FMLServerStartingEvent to mod umbralux
[17:30:13] [Server thread/TRACE] [umbralux/umbralux]: Sent event FMLServerStartingEvent to mod umbralux
[17:30:13] [Server thread/DEBUG] [FML/]: Bar Step: ServerStarting - Umbra - Lux Addon for Rpg Inventory took 0.000s
[17:30:13] [Server thread/TRACE] [vampirism/vampirism]: Sending event FMLServerStartingEvent to mod vampirism
[17:30:13] [Server thread/TRACE] [vampirism/vampirism]: Sent event FMLServerStartingEvent to mod vampirism
[17:30:13] [Server thread/DEBUG] [FML/]: Bar Step: ServerStarting - Vampirism took 0.022s
[17:30:13] [Server thread/TRACE] [teamlapen-lib/teamlapen-lib]: Sending event FMLServerStartingEvent to mod teamlapen-lib
[17:30:13] [Server thread/TRACE] [teamlapen-lib/teamlapen-lib]: Sent event FMLServerStartingEvent to mod teamlapen-lib
[17:30:13] [Server thread/DEBUG] [FML/]: Bar Step: ServerStarting - TeamLapen Library took 0.000s
[17:30:13] [Server thread/TRACE] [waila/waila]: Sending event FMLServerStartingEvent to mod waila
[17:30:13] [Server thread/TRACE] [waila/waila]: Sent event FMLServerStartingEvent to mod waila
[17:30:13] [Server thread/DEBUG] [FML/]: Bar Step: ServerStarting - waila took 0.001s
[17:30:13] [Server thread/TRACE] [air_support/air_support]: Sending event FMLServerStartingEvent to mod air_support
[17:30:13] [Server thread/TRACE] [air_support/air_support]: Sent event FMLServerStartingEvent to mod air_support
[17:30:13] [Server thread/DEBUG] [FML/]: Bar Step: ServerStarting - air_support took 0.000s
[17:30:13] [Server thread/DEBUG] [FML/]: Bar Finished: ServerStarting took 0.132s
[17:30:13] [Server thread/TRACE] [minecraft/minecraft]: Sending event FMLServerStartedEvent to mod minecraft
[17:30:13] [Server thread/TRACE] [minecraft/minecraft]: Sent event FMLServerStartedEvent to mod minecraft
[17:30:13] [Server thread/DEBUG] [FML/]: Bar Step: ServerStarted - Minecraft took 0.000s
[17:30:13] [Server thread/TRACE] [mcp/mcp]: Sending event FMLServerStartedEvent to mod mcp
[17:30:13] [Server thread/TRACE] [mcp/mcp]: Sent event FMLServerStartedEvent to mod mcp
[17:30:13] [Server thread/DEBUG] [FML/]: Bar Step: ServerStarted - Minecraft Coder Pack took 0.000s
[17:30:13] [Server thread/TRACE] [FML/FML]: Sending event FMLServerStartedEvent to mod FML
[17:30:13] [Server thread/TRACE] [FML/FML]: Sent event FMLServerStartedEvent to mod FML
[17:30:13] [Server thread/DEBUG] [FML/]: Bar Step: ServerStarted - Forge Mod Loader took 0.000s
[17:30:13] [Server thread/TRACE] [forge/forge]: Sending event FMLServerStartedEvent to mod forge
[17:30:13] [Server thread/TRACE] [forge/forge]: Sent event FMLServerStartedEvent to mod forge
[17:30:13] [Server thread/DEBUG] [FML/]: Bar Step: ServerStarted - Minecraft Forge took 0.000s
[17:30:13] [Server thread/TRACE] [creativecoredummy/creativecoredummy]: Sending event FMLServerStartedEvent to mod creativecoredummy
[17:30:13] [Server thread/TRACE] [creativecoredummy/creativecoredummy]: Sent event FMLServerStartedEvent to mod creativecoredummy
[17:30:13] [Server thread/DEBUG] [FML/]: Bar Step: ServerStarted - CreativeCoreDummy took 0.000s
[17:30:13] [Server thread/TRACE] [itemphysic/itemphysic]: Sending event FMLServerStartedEvent to mod itemphysic
[17:30:13] [Server thread/TRACE] [itemphysic/itemphysic]: Sent event FMLServerStartedEvent to mod itemphysic
[17:30:13] [Server thread/DEBUG] [FML/]: Bar Step: ServerStarted - ItemPhysic took 0.000s
[17:30:13] [Server thread/TRACE] [forgeendertech/forgeendertech]: Sending event FMLServerStartedEvent to mod forgeendertech
[17:30:13] [Server thread/TRACE] [forgeendertech/forgeendertech]: Sent event FMLServerStartedEvent to mod forgeendertech
[17:30:13] [Server thread/DEBUG] [FML/]: Bar Step: ServerStarted - Forge Endertech took 0.000s
[17:30:13] [Server thread/TRACE] [adhooks/adhooks]: Sending event FMLServerStartedEvent to mod adhooks
[17:30:13] [Server thread/TRACE] [adhooks/adhooks]: Sent event FMLServerStartedEvent to mod adhooks
[17:30:13] [Server thread/DEBUG] [FML/]: Bar Step: ServerStarted - Advanced Hook Launchers took 0.000s
[17:30:13] [Server thread/TRACE] [craftstudioapi/craftstudioapi]: Sending event FMLServerStartedEvent to mod craftstudioapi
[17:30:13] [Server thread/TRACE] [craftstudioapi/craftstudioapi]: Sent event FMLServerStartedEvent to mod craftstudioapi
[17:30:13] [Server thread/DEBUG] [FML/]: Bar Step: ServerStarted - CraftStudio API took 0.000s
[17:30:13] [Server thread/TRACE] [animania/animania]: Sending event FMLServerStartedEvent to mod animania
[17:30:13] [Server thread/TRACE] [animania/animania]: Sent event FMLServerStartedEvent to mod animania
[17:30:13] [Server thread/DEBUG] [FML/]: Bar Step: ServerStarted - Animania took 0.000s
[17:30:13] [Server thread/TRACE] [bibliocraft/bibliocraft]: Sending event FMLServerStartedEvent to mod bibliocraft
[17:30:13] [Server thread/TRACE] [bibliocraft/bibliocraft]: Sent event FMLServerStartedEvent to mod bibliocraft
[17:30:13] [Server thread/DEBUG] [FML/]: Bar Step: ServerStarted - BiblioCraft took 0.000s
[17:30:13] [Server thread/TRACE] [codechickenlib/codechickenlib]: Sending event FMLServerStartedEvent to mod codechickenlib
[17:30:13] [Server thread/TRACE] [codechickenlib/codechickenlib]: Sent event FMLServerStartedEvent to mod codechickenlib
[17:30:13] [Server thread/DEBUG] [FML/]: Bar Step: ServerStarted - CodeChicken Lib took 0.000s
[17:30:13] [Server thread/TRACE] [creativecore/creativecore]: Sending event FMLServerStartedEvent to mod creativecore
[17:30:13] [Server thread/TRACE] [creativecore/creativecore]: Sent event FMLServerStartedEvent to mod creativecore
[17:30:13] [Server thread/DEBUG] [FML/]: Bar Step: ServerStarted - CreativeCore took 0.000s
[17:30:13] [Server thread/TRACE] [customnpcs/customnpcs]: Sending event FMLServerStartedEvent to mod customnpcs
[17:30:13] [Server thread/TRACE] [customnpcs/customnpcs]: Sent event FMLServerStartedEvent to mod customnpcs
[17:30:13] [Server thread/DEBUG] [FML/]: Bar Step: ServerStarted - CustomNPCs took 0.072s
[17:30:13] [Server thread/TRACE] [cyclopscore/cyclopscore]: Sending event FMLServerStartedEvent to mod cyclopscore
[17:30:13] [Server thread/TRACE] [cyclopscore/cyclopscore]: Sent event FMLServerStartedEvent to mod cyclopscore
[17:30:13] [Server thread/DEBUG] [FML/]: Bar Step: ServerStarted - Cyclops Core took 0.000s
[17:30:13] [Server thread/TRACE] [dailies/dailies]: Sending event FMLServerStartedEvent to mod dailies
[17:30:13] [Server thread/TRACE] [dailies/dailies]: Sent event FMLServerStartedEvent to mod dailies
[17:30:13] [Server thread/DEBUG] [FML/]: Bar Step: ServerStarted - Bailey's Dailies took 0.000s
[17:30:13] [Server thread/TRACE] [dmonsters/dmonsters]: Sending event FMLServerStartedEvent to mod dmonsters
[17:30:13] [Server thread/TRACE] [dmonsters/dmonsters]: Sent event FMLServerStartedEvent to mod dmonsters
[17:30:13] [Server thread/DEBUG] [FML/]: Bar Step: ServerStarted - Deadly Monsters took 0.000s
[17:30:13] [Server thread/TRACE] [dissolution/dissolution]: Sending event FMLServerStartedEvent to mod dissolution
[17:30:13] [Server thread/TRACE] [dissolution/dissolution]: Sent event FMLServerStartedEvent to mod dissolution
[17:30:13] [Server thread/DEBUG] [FML/]: Bar Step: ServerStarted - Dissolution took 0.000s
[17:30:13] [Server thread/TRACE] [dungeondq/dungeondq]: Sending event FMLServerStartedEvent to mod dungeondq
[17:30:13] [Server thread/TRACE] [dungeondq/dungeondq]: Sent event FMLServerStartedEvent to mod dungeondq
[17:30:13] [Server thread/DEBUG] [FML/]: Bar Step: ServerStarted - DungeonDQ took 0.000s
[17:30:13] [Server thread/TRACE] [evilcraft/evilcraft]: Sending event FMLServerStartedEvent to mod evilcraft
[17:30:13] [Server thread/TRACE] [evilcraft/evilcraft]: Sent event FMLServerStartedEvent to mod evilcraft
[17:30:13] [Server thread/DEBUG] [FML/]: Bar Step: ServerStarted - EvilCraft took 0.001s
[17:30:13] [Server thread/TRACE] [evilcraftcompat/evilcraftcompat]: Sending event FMLServerStartedEvent to mod evilcraftcompat
[17:30:13] [Server thread/TRACE] [evilcraftcompat/evilcraftcompat]: Sent event FMLServerStartedEvent to mod evilcraftcompat
[17:30:13] [Server thread/DEBUG] [FML/]: Bar Step: ServerStarted - EvilCraft-Compat took 0.000s
[17:30:13] [Server thread/TRACE] [extrautils2/extrautils2]: Sending event FMLServerStartedEvent to mod extrautils2
[17:30:13] [Server thread/TRACE] [extrautils2/extrautils2]: Sent event FMLServerStartedEvent to mod extrautils2
[17:30:13] [Server thread/DEBUG] [FML/]: Bar Step: ServerStarted - extrautils2 took 0.000s
[17:30:13] [Server thread/TRACE] [fairylights/fairylights]: Sending event FMLServerStartedEvent to mod fairylights
[17:30:13] [Server thread/TRACE] [fairylights/fairylights]: Sent event FMLServerStartedEvent to mod fairylights
[17:30:13] [Server thread/DEBUG] [FML/]: Bar Step: ServerStarted - Fairy Lights took 0.000s
[17:30:13] [Server thread/TRACE] [llibrary/llibrary]: Sending event FMLServerStartedEvent to mod llibrary
[17:30:13] [Server thread/TRACE] [llibrary/llibrary]: Sent event FMLServerStartedEvent to mod llibrary
[17:30:13] [Server thread/DEBUG] [FML/]: Bar Step: ServerStarted - LLibrary took 0.000s
[17:30:13] [Server thread/TRACE] [iceandfire/iceandfire]: Sending event FMLServerStartedEvent to mod iceandfire
[17:30:13] [Server thread/TRACE] [iceandfire/iceandfire]: Sent event FMLServerStartedEvent to mod iceandfire
[17:30:13] [Server thread/DEBUG] [FML/]: Bar Step: ServerStarted - Ice and Fire took 0.000s
[17:30:13] [Server thread/TRACE] [jei/jei]: Sending event FMLServerStartedEvent to mod jei
[17:30:13] [Server thread/TRACE] [jei/jei]: Sent event FMLServerStartedEvent to mod jei
[17:30:13] [Server thread/DEBUG] [FML/]: Bar Step: ServerStarted - Just Enough Items took 0.000s
[17:30:13] [Server thread/TRACE] [journeymap/journeymap]: Sending event FMLServerStartedEvent to mod journeymap
[17:30:13] [Server thread/TRACE] [journeymap/journeymap]: Sent event FMLServerStartedEvent to mod journeymap
[17:30:13] [Server thread/DEBUG] [FML/]: Bar Step: ServerStarted - JourneyMap took 0.000s
[17:30:13] [Server thread/TRACE] [subcommonlib/subcommonlib]: Sending event FMLServerStartedEvent to mod subcommonlib
[17:30:13] [Server thread/TRACE] [subcommonlib/subcommonlib]: Sent event FMLServerStartedEvent to mod subcommonlib
[17:30:13] [Server thread/DEBUG] [FML/]: Bar Step: ServerStarted - Subaraki's Common Library took 0.000s
[17:30:13] [Server thread/TRACE] [fashion/fashion]: Sending event FMLServerStartedEvent to mod fashion
[17:30:13] [Server thread/TRACE] [fashion/fashion]: Sent event FMLServerStartedEvent to mod fashion
[17:30:13] [Server thread/DEBUG] [FML/]: Bar Step: ServerStarted - fashion mod took 0.000s
[17:30:13] [Server thread/TRACE] [malisiscore/malisiscore]: Sending event FMLServerStartedEvent to mod malisiscore
[17:30:13] [Server thread/TRACE] [malisiscore/malisiscore]: Sent event FMLServerStartedEvent to mod malisiscore
[17:30:13] [Server thread/DEBUG] [FML/]: Bar Step: ServerStarted - MalisisCore took 0.000s
[17:30:13] [Server thread/TRACE] [malisisdoors/malisisdoors]: Sending event FMLServerStartedEvent to mod malisisdoors
[17:30:13] [Server thread/TRACE] [malisisdoors/malisisdoors]: Sent event FMLServerStartedEvent to mod malisisdoors
[17:30:13] [Server thread/DEBUG] [FML/]: Bar Step: ServerStarted - MalisisDoors took 0.000s
[17:30:13] [Server thread/TRACE] [minions/minions]: Sending event FMLServerStartedEvent to mod minions
[17:30:13] [Server thread/TRACE] [minions/minions]: Sent event FMLServerStartedEvent to mod minions
[17:30:13] [Server thread/DEBUG] [FML/]: Bar Step: ServerStarted - Minions took 0.000s
[17:30:13] [Server thread/TRACE] [mobtotems/mobtotems]: Sending event FMLServerStartedEvent to mod mobtotems
[17:30:13] [Server thread/TRACE] [mobtotems/mobtotems]: Sent event FMLServerStartedEvent to mod mobtotems
[17:30:13] [Server thread/DEBUG] [FML/]: Bar Step: ServerStarted - Mob Totems took 0.000s
[17:30:13] [Server thread/TRACE] [mowziesmobs/mowziesmobs]: Sending event FMLServerStartedEvent to mod mowziesmobs
[17:30:13] [Server thread/TRACE] [mowziesmobs/mowziesmobs]: Sent event FMLServerStartedEvent to mod mowziesmobs
[17:30:13] [Server thread/DEBUG] [FML/]: Bar Step: ServerStarted - Mowzie's Mobs took 0.000s
[17:30:13] [Server thread/TRACE] [netherportalfix/netherportalfix]: Sending event FMLServerStartedEvent to mod netherportalfix
[17:30:13] [Server thread/TRACE] [netherportalfix/netherportalfix]: Sent event FMLServerStartedEvent to mod netherportalfix
[17:30:13] [Server thread/DEBUG] [FML/]: Bar Step: ServerStarted - NetherPortalFix took 0.000s
[17:30:13] [Server thread/TRACE] [nei/nei]: Sending event FMLServerStartedEvent to mod nei
[17:30:13] [Server thread/TRACE] [nei/nei]: Sent event FMLServerStartedEvent to mod nei
[17:30:13] [Server thread/DEBUG] [FML/]: Bar Step: ServerStarted - Not Enough Items took 0.000s
[17:30:13] [Server thread/TRACE] [personalcars/personalcars]: Sending event FMLServerStartedEvent to mod personalcars
[17:30:13] [Server thread/TRACE] [personalcars/personalcars]: Sent event FMLServerStartedEvent to mod personalcars
[17:30:13] [Server thread/DEBUG] [FML/]: Bar Step: ServerStarted - Personal Cars took 0.000s
[17:30:13] [Server thread/TRACE] [placeableitems/placeableitems]: Sending event FMLServerStartedEvent to mod placeableitems
[17:30:13] [Server thread/TRACE] [placeableitems/placeableitems]: Sent event FMLServerStartedEvent to mod placeableitems
[17:30:13] [Server thread/DEBUG] [FML/]: Bar Step: ServerStarted - Placeable Items Mod took 0.000s
[17:30:13] [Server thread/TRACE] [sophisticatedwolves/sophisticatedwolves]: Sending event FMLServerStartedEvent to mod sophisticatedwolves
[17:30:13] [Server thread/TRACE] [sophisticatedwolves/sophisticatedwolves]: Sent event FMLServerStartedEvent to mod sophisticatedwolves
[17:30:13] [Server thread/DEBUG] [FML/]: Bar Step: ServerStarted - Sophisticated Wolves took 0.000s
[17:30:13] [Server thread/TRACE] [totemic/totemic]: Sending event FMLServerStartedEvent to mod totemic
[17:30:13] [Server thread/TRACE] [totemic/totemic]: Sent event FMLServerStartedEvent to mod totemic
[17:30:13] [Server thread/DEBUG] [FML/]: Bar Step: ServerStarted - Totemic took 0.000s
[17:30:13] [Server thread/TRACE] [umbralux/umbralux]: Sending event FMLServerStartedEvent to mod umbralux
[17:30:13] [Server thread/TRACE] [umbralux/umbralux]: Sent event FMLServerStartedEvent to mod umbralux
[17:30:13] [Server thread/DEBUG] [FML/]: Bar Step: ServerStarted - Umbra - Lux Addon for Rpg Inventory took 0.000s
[17:30:13] [Server thread/TRACE] [vampirism/vampirism]: Sending event FMLServerStartedEvent to mod vampirism
[17:30:13] [Server thread/TRACE] [vampirism/vampirism]: Sent event FMLServerStartedEvent to mod vampirism
[17:30:13] [Server thread/DEBUG] [FML/]: Bar Step: ServerStarted - Vampirism took 0.000s
[17:30:13] [Server thread/TRACE] [teamlapen-lib/teamlapen-lib]: Sending event FMLServerStartedEvent to mod teamlapen-lib
[17:30:13] [Server thread/TRACE] [teamlapen-lib/teamlapen-lib]: Sent event FMLServerStartedEvent to mod teamlapen-lib
[17:30:13] [Server thread/DEBUG] [FML/]: Bar Step: ServerStarted - TeamLapen Library took 0.000s
[17:30:13] [Server thread/TRACE] [waila/waila]: Sending event FMLServerStartedEvent to mod waila
[17:30:13] [Server thread/TRACE] [waila/waila]: Sent event FMLServerStartedEvent to mod waila
[17:30:13] [Server thread/DEBUG] [FML/]: Bar Step: ServerStarted - waila took 0.000s
[17:30:13] [Server thread/TRACE] [air_support/air_support]: Sending event FMLServerStartedEvent to mod air_support
[17:30:13] [Server thread/TRACE] [air_support/air_support]: Sent event FMLServerStartedEvent to mod air_support
[17:30:13] [Server thread/DEBUG] [FML/]: Bar Step: ServerStarted - air_support took 0.000s
[17:30:13] [Server thread/DEBUG] [FML/]: Bar Finished: ServerStarted took 0.078s
[17:30:13] [BetterFps Update Checker/WARN] [BetterFps/]: Could not check for updates: widget.mcf.li
[17:30:58] [Server thread/DEBUG] [FML/]: Gathering id map for writing to world save world
[17:31:43] [Server thread/DEBUG] [FML/]: Gathering id map for writing to world save world
[17:32:11] [Forge Version Check/DEBUG] [ForgeVersionCheck/forge]: Failed to process update information
java.net.ConnectException: Connection timed out (Connection timed out)
	at java.net.PlainSocketImpl.socketConnect(Native Method) ~[?:1.8.0_492]
	at java.net.AbstractPlainSocketImpl.doConnect(AbstractPlainSocketImpl.java:350) ~[?:1.8.0_492]
	at java.net.AbstractPlainSocketImpl.connectToAddress(AbstractPlainSocketImpl.java:206) ~[?:1.8.0_492]
	at java.net.AbstractPlainSocketImpl.connect(AbstractPlainSocketImpl.java:188) ~[?:1.8.0_492]
	at java.net.SocksSocketImpl.connect(SocksSocketImpl.java:392) ~[?:1.8.0_492]
	at java.net.Socket.connect(Socket.java:607) ~[?:1.8.0_492]
	at sun.security.ssl.SSLSocketImpl.connect(SSLSocketImpl.java:293) ~[?:1.8.0_492]
	at sun.security.ssl.BaseSSLSocketImpl.connect(BaseSSLSocketImpl.java:173) ~[?:1.8.0_492]
	at sun.net.NetworkClient.doConnect(NetworkClient.java:180) ~[?:1.8.0_492]
	at sun.net.www.http.HttpClient.openServer(HttpClient.java:465) ~[?:1.8.0_492]
	at sun.net.www.http.HttpClient.openServer(HttpClient.java:560) ~[?:1.8.0_492]
	at sun.net.www.protocol.https.HttpsClient.<init>(HttpsClient.java:264) ~[?:1.8.0_492]
	at sun.net.www.protocol.https.HttpsClient.New(HttpsClient.java:367) ~[?:1.8.0_492]
	at sun.net.www.protocol.https.AbstractDelegateHttpsURLConnection.getNewHttpClient(AbstractDelegateHttpsURLConnection.java:203) ~[?:1.8.0_492]
	at sun.net.www.protocol.http.HttpURLConnection.plainConnect0(HttpURLConnection.java:1179) ~[?:1.8.0_492]
	at sun.net.www.protocol.http.HttpURLConnection$6.run(HttpURLConnection.java:1063) ~[?:1.8.0_492]
	at sun.net.www.protocol.http.HttpURLConnection$6.run(HttpURLConnection.java:1061) ~[?:1.8.0_492]
	at java.security.AccessController.doPrivileged(Native Method) ~[?:1.8.0_492]
	at java.security.AccessController.doPrivilegedWithCombiner(AccessController.java:784) ~[?:1.8.0_492]
	at sun.net.www.protocol.http.HttpURLConnection.plainConnect(HttpURLConnection.java:1060) ~[?:1.8.0_492]
	at sun.net.www.protocol.https.AbstractDelegateHttpsURLConnection.connect(AbstractDelegateHttpsURLConnection.java:189) ~[?:1.8.0_492]
	at sun.net.www.protocol.http.HttpURLConnection.getInputStream0(HttpURLConnection.java:1589) ~[?:1.8.0_492]
	at sun.net.www.protocol.http.HttpURLConnection.access$200(HttpURLConnection.java:94) ~[?:1.8.0_492]
	at sun.net.www.protocol.http.HttpURLConnection$9.run(HttpURLConnection.java:1509) ~[?:1.8.0_492]
	at sun.net.www.protocol.http.HttpURLConnection$9.run(HttpURLConnection.java:1507) ~[?:1.8.0_492]
	at java.security.AccessController.doPrivileged(Native Method) ~[?:1.8.0_492]
	at java.security.AccessController.doPrivilegedWithCombiner(AccessController.java:784) ~[?:1.8.0_492]
	at sun.net.www.protocol.http.HttpURLConnection.getInputStream(HttpURLConnection.java:1506) ~[?:1.8.0_492]
	at sun.net.www.protocol.https.HttpsURLConnectionImpl.getInputStream(HttpsURLConnectionImpl.java:268) ~[?:1.8.0_492]
	at java.net.URL.openStream(URL.java:1093) ~[?:1.8.0_492]
	at net.minecraftforge.common.ForgeVersion$1.process(ForgeVersion.java:219) [ForgeVersion$1.class:?]
	at net.minecraftforge.common.ForgeVersion$1.run(ForgeVersion.java:202) [ForgeVersion$1.class:?]
[17:32:28] [Server thread/DEBUG] [FML/]: Gathering id map for writing to world save world
[17:33:13] [Server thread/DEBUG] [FML/]: Gathering id map for writing to world save world
[17:33:58] [Server thread/DEBUG] [FML/]: Gathering id map for writing to world save world
[17:34:43] [Server thread/DEBUG] [FML/]: Gathering id map for writing to world save world
[17:35:28] [Server thread/DEBUG] [FML/]: Gathering id map for writing to world save world
[17:36:13] [Server thread/DEBUG] [FML/]: Gathering id map for writing to world save world
[17:36:58] [Server thread/DEBUG] [FML/]: Gathering id map for writing to world save world
[17:37:13] [Server thread/INFO] [malisiscore/]: Found hooks for net.minecraft.network.NetHandlerPlayServer (mi)
[17:37:13] [Netty Epoll Server IO #2/TRACE] [FML/]: Handshake channel activating
[17:37:13] [Netty Epoll Server IO #2/DEBUG] [FML/]: FMLHandshakeServerState: null->FMLHandshakeServerState$1:START
[17:37:13] [Netty Epoll Server IO #2/DEBUG] [FML/]:   Next: HELLO
[17:37:13] [Netty Epoll Server IO #2/DEBUG] [FML/]: FMLHandshakeServerState: $ClientHello->FMLHandshakeServerState$2:HELLO
[17:37:13] [Netty Epoll Server IO #2/INFO] [FML/]: Client protocol version 2
[17:37:13] [Netty Epoll Server IO #2/DEBUG] [FML/]:   Next: HELLO
[17:37:13] [Netty Epoll Server IO #2/DEBUG] [FML/]: FMLHandshakeServerState: $ModList:46 mods->FMLHandshakeServerState$2:HELLO
[17:37:13] [Netty Epoll Server IO #2/INFO] [FML/]: Client attempting to join with 46 mods : minecraft@1.11.2,cyclopscore@0.10.9,malisiscore@1.11.2-5.2.5,mowziesmobs@1.4.0,personalcars@1.2.2,netherportalfix@1.0,creativecoredummy@1.0.0,animania@1.4.2,creativecore@1.9.8,minions@2.0.2,jei@4.5.1.296,dmonsters@1.6,fairylights@2.1.1,nei@${mod_version},bibliocraft@2.3.3,sophisticatedwolves@3.9.1,totemic@1.11.2-0.8.7,evilcraftcompat@1.0.0,extrautils2@1.0,craftstudioapi@0.3.0-beta,dailies@1.11.2-6,air_support@0.2.0,forgeendertech@1.11.2-2.2.0.0,subcommonlib@1.2.0.1,mcp@9.19,journeymap@1.11.2-5.5.2,placeableitems@3.0.4.1,dungeondq@10.00,evilcraft@0.10.30,adhooks@1.11.2-2.0.5.0,FML@8.0.99.99,customnpcs@1.11.2,dissolution@0.4.2.3,llibrary@1.7.7,umbralux@1.11.2-2.0.1.2,vampirism@1.2.3,iceandfire@1.2.1,waila@1.7.1,itemphysic@1.4.0,jeresources@0.6.6.12,teamlapen-lib@1.2.3,forge@13.20.1.2588,codechickenlib@3.0.0.298,malisisdoors@1.11.2-6.1.3,fashion@1.11.2 0.1.2.0,mobtotems@1.11.2-0.3.0
[17:37:13] [Netty Epoll Server IO #2/INFO] [journeymap/]: CLIENT
[17:37:13] [Netty Epoll Server IO #2/DEBUG] [FML/]:   Next: WAITINGCACK
[17:37:13] [Netty Epoll Server IO #2/DEBUG] [FML/]: FMLHandshakeServerState: $HandshakeAck:{2}->FMLHandshakeServerState$3:WAITINGCACK
[17:37:13] [Netty Epoll Server IO #2/DEBUG] [FML/]:   Next: COMPLETE
[17:37:13] [Netty Epoll Server IO #2/DEBUG] [FML/]: FMLHandshakeServerState: $HandshakeAck:{3}->FMLHandshakeServerState$4:COMPLETE
[17:37:13] [Netty Epoll Server IO #2/DEBUG] [FML/]:   Next: DONE
[17:37:13] [Netty Epoll Server IO #2/DEBUG] [FML/]: FMLHandshakeServerState: $HandshakeAck:{4}->FMLHandshakeServerState$5:DONE
[17:37:13] [Netty Epoll Server IO #2/DEBUG] [FML/]:   Next: DONE
[17:37:13] [Server thread/INFO] [FML/]: [Server thread] Server side modded connection established
[17:37:13] [Server thread/INFO] [journeymap/]: ZzElegantzZ joining dimension 0
[17:37:13] [Netty Epoll Server IO #2/DEBUG] [FML/]: FMLHandshakeServerState: $HandshakeAck:{5}->FMLHandshakeServerState$5:DONE
[17:37:13] [Netty Epoll Server IO #2/DEBUG] [FML/]:   Next: DONE
[17:37:13] [Server thread/DEBUG] [extrautils2/]: OTL: Check Packet SERVER
[17:37:13] [Server thread/DEBUG] [extrautils2/]: OTL: Encode Packet: com.rwtema.extrautils2.items.ItemLawSword$PacketLawSwordNotifier
[17:37:13] [Server thread/INFO] [journeymap/]: Sending log in packet.
[17:37:13] [Server thread/DEBUG] [NotEnoughItems/]: Loading Player: ZzElegantzZ
[17:37:13] [Server thread/DEBUG] [NotEnoughItems/]: Sending ServerSide check to: ZzElegantzZ
[17:37:14] [Server thread/DEBUG] [vampirism/]: [EventHandler]Sending configuration to client (EntityPlayerMP['ZzElegantzZ'/1128, l='world', x=259.50, y=64.00, z=200.50])
[17:37:14] [Server thread/INFO] [Waila/]: Player EntityPlayerMP['ZzElegantzZ'/1128, l='world', x=259.50, y=64.00, z=200.50] connected. Sending ping
[17:37:14] [Server thread/DEBUG] [extrautils2/]: OTL: Encode Packet: com.rwtema.extrautils2.power.PowerManager$PacketPower
[17:37:16] [Netty Epoll Server IO #2/DEBUG] [extrautils2/]: OTL: Decode Packet: com.rwtema.extrautils2.network.packets.PacketUseItemAlt
[17:37:16] [Netty Epoll Server IO #2/DEBUG] [extrautils2/]: OTL: Handle Packet: com.rwtema.extrautils2.network.packets.PacketUseItemAlt : SERVER
[17:37:16] [Netty Epoll Server IO #2/DEBUG] [extrautils2/]: OTL: Scheduling Packet: com.rwtema.extrautils2.network.packets.PacketUseItemAlt : SERVER
[17:37:43] [Server thread/DEBUG] [FML/]: Gathering id map for writing to world save world
[17:38:28] [Server thread/DEBUG] [FML/]: Gathering id map for writing to world save world
[17:39:13] [Server thread/DEBUG] [FML/]: Gathering id map for writing to world save world
[17:39:58] [Server thread/DEBUG] [FML/]: Gathering id map for writing to world save world
[17:40:43] [Server thread/DEBUG] [FML/]: Gathering id map for writing to world save world
[17:41:28] [Server thread/DEBUG] [FML/]: Gathering id map for writing to world save world
[17:41:48] [Netty Epoll Server IO #4/TRACE] [FML/]: Handshake channel activating
[17:41:48] [Netty Epoll Server IO #4/DEBUG] [FML/]: FMLHandshakeServerState: null->FMLHandshakeServerState$1:START
[17:41:48] [Netty Epoll Server IO #4/DEBUG] [FML/]:   Next: HELLO
[17:41:48] [Netty Epoll Server IO #4/DEBUG] [FML/]: FMLHandshakeServerState: $ClientHello->FMLHandshakeServerState$2:HELLO
[17:41:48] [Netty Epoll Server IO #4/INFO] [FML/]: Client protocol version 2
[17:41:48] [Netty Epoll Server IO #4/DEBUG] [FML/]:   Next: HELLO
[17:41:48] [Netty Epoll Server IO #4/DEBUG] [FML/]: FMLHandshakeServerState: $ModList:46 mods->FMLHandshakeServerState$2:HELLO
[17:41:48] [Netty Epoll Server IO #4/INFO] [FML/]: Client attempting to join with 46 mods : minecraft@1.11.2,cyclopscore@0.10.9,malisiscore@1.11.2-5.2.5,mowziesmobs@1.4.0,personalcars@1.2.2,netherportalfix@1.0,creativecoredummy@1.0.0,animania@1.4.2,creativecore@1.9.8,minions@2.0.2,jei@4.5.1.296,dmonsters@1.6,fairylights@2.1.1,nei@${mod_version},bibliocraft@2.3.3,sophisticatedwolves@3.9.1,totemic@1.11.2-0.8.7,evilcraftcompat@1.0.0,extrautils2@1.0,craftstudioapi@0.3.0-beta,dailies@1.11.2-6,air_support@0.2.0,forgeendertech@1.11.2-2.2.0.0,subcommonlib@1.2.0.1,mcp@9.19,journeymap@1.11.2-5.5.2,placeableitems@3.0.4.1,dungeondq@10.00,evilcraft@0.10.30,adhooks@1.11.2-2.0.5.0,FML@8.0.99.99,customnpcs@1.11.2,dissolution@0.4.2.3,llibrary@1.7.7,umbralux@1.11.2-2.0.1.2,vampirism@1.2.3,iceandfire@1.2.1,waila@1.7.1,itemphysic@1.4.0,jeresources@0.6.6.12,teamlapen-lib@1.2.3,forge@13.20.1.2588,codechickenlib@3.0.0.298,malisisdoors@1.11.2-6.1.3,fashion@1.11.2 0.1.2.0,mobtotems@1.11.2-0.3.0
[17:41:48] [Netty Epoll Server IO #4/INFO] [journeymap/]: CLIENT
[17:41:48] [Netty Epoll Server IO #4/DEBUG] [FML/]:   Next: WAITINGCACK
[17:41:48] [Netty Epoll Server IO #4/DEBUG] [FML/]: FMLHandshakeServerState: $HandshakeAck:{2}->FMLHandshakeServerState$3:WAITINGCACK
[17:41:48] [Netty Epoll Server IO #4/DEBUG] [FML/]:   Next: COMPLETE
[17:41:49] [Netty Epoll Server IO #4/DEBUG] [FML/]: FMLHandshakeServerState: $HandshakeAck:{3}->FMLHandshakeServerState$4:COMPLETE
[17:41:49] [Netty Epoll Server IO #4/DEBUG] [FML/]:   Next: DONE
[17:41:49] [Netty Epoll Server IO #4/DEBUG] [FML/]: FMLHandshakeServerState: $HandshakeAck:{4}->FMLHandshakeServerState$5:DONE
[17:41:49] [Netty Epoll Server IO #4/DEBUG] [FML/]:   Next: DONE
[17:41:49] [Netty Epoll Server IO #4/DEBUG] [FML/]: FMLHandshakeServerState: $HandshakeAck:{5}->FMLHandshakeServerState$5:DONE
[17:41:49] [Netty Epoll Server IO #4/DEBUG] [FML/]:   Next: DONE
[17:41:49] [Server thread/INFO] [FML/]: [Server thread] Server side modded connection established
[17:41:49] [Server thread/INFO] [journeymap/]: rekudox joining dimension 0
[17:41:49] [Server thread/INFO] [journeymap/]: Sending log in packet.
[17:41:49] [Server thread/DEBUG] [NotEnoughItems/]: Loading Player: rekudox
[17:41:49] [Server thread/DEBUG] [NotEnoughItems/]: Sending ServerSide check to: rekudox
[17:41:49] [Server thread/DEBUG] [vampirism/]: [EventHandler]Sending configuration to client (EntityPlayerMP['rekudox'/3289, l='world', x=258.50, y=64.00, z=199.50])
[17:41:49] [Server thread/INFO] [Waila/]: Player EntityPlayerMP['rekudox'/3289, l='world', x=258.50, y=64.00, z=199.50] connected. Sending ping
[17:41:50] [Netty Epoll Server IO #4/DEBUG] [extrautils2/]: OTL: Decode Packet: com.rwtema.extrautils2.network.packets.PacketUseItemAlt
[17:41:50] [Netty Epoll Server IO #4/DEBUG] [extrautils2/]: OTL: Handle Packet: com.rwtema.extrautils2.network.packets.PacketUseItemAlt : SERVER
[17:41:50] [Netty Epoll Server IO #4/DEBUG] [extrautils2/]: OTL: Scheduling Packet: com.rwtema.extrautils2.network.packets.PacketUseItemAlt : SERVER
[17:42:13] [Server thread/DEBUG] [FML/]: Gathering id map for writing to world save world
[17:42:58] [Server thread/DEBUG] [FML/]: Gathering id map for writing to world save world
[17:43:37] [Server thread/INFO] [journeymap/]: ZzElegantzZ joining dimension 0
[17:43:37] [Server thread/DEBUG] [NotEnoughItems/]: Sending ServerSide check to: ZzElegantzZ
[17:43:43] [Server thread/DEBUG] [FML/]: Gathering id map for writing to world save world
[17:44:02] [Server thread/INFO] [journeymap/]: ZzElegantzZ joining dimension 0
[17:44:02] [Server thread/DEBUG] [NotEnoughItems/]: Sending ServerSide check to: ZzElegantzZ
[17:44:28] [Server thread/DEBUG] [FML/]: Gathering id map for writing to world save world
[17:45:13] [Server thread/DEBUG] [FML/]: Gathering id map for writing to world save world
[17:45:22] [Server thread/DEBUG] [NotEnoughItems/]: Unloading Player: ZzElegantzZ
[17:45:58] [Server thread/DEBUG] [FML/]: Gathering id map for writing to world save world
[17:46:43] [Server thread/DEBUG] [FML/]: Gathering id map for writing to world save world
[17:46:47] [Server thread/WARN] [FML/]: MalisisCore loaded a new chunk (31, -4  Dimension: 0) during chunk population, causing cascading worldgen lag. Please report this to the mod's issue tracker. This log can be disabled in the Forge config.
